Structure ID,Cluster,Column,Position,Species,Type,Structure,Genotype,Size,Interval 1,Interval 2,Absolute_Change,Percent_Change,Relative Growth,Relative Growth/month,Relative growth/yr,SQRT Interval 1 ,SQRT Interval 2,AMR1,AMR2,Linear Extension (cm/month),Yearly ext (cm/year),Change in AMR,Yearly ext mm
O,1,1,1,D. labyrinthiformis Juvenile,Recruit,Module,NA,Small,0.048,0.71,0.662,1379.2,1379.166667,229.8611111,2758.333333,0.219089023,0.842614977,0.069738202,0.268212678,0.033079079,0.396948951,0.198474476,3.969489511
O,1,1,2,D. labyrinthiformis Juvenile,Recruit,Module,NA,Small,0.034,0.268,0.234,688.2,688.2352941,114.7058824,1376.470588,0.184390889,0.517687164,0.058693443,0.164784942,0.017681917,0.212182999,0.106091499,2.121829988
O,1,1,3,D. labyrinthiformis Juvenile,Recruit,Module,NA,Small,0.031,0.374,0.343,1106.5,1106.451613,184.4086022,2212.903226,0.176068169,0.611555394,0.056044239,0.194664128,0.023103315,0.277239778,0.138619889,2.772397783
O,1,1,4,D. labyrinthiformis Juvenile,Recruit,Module,NA,Large,0.193,0.363,0.17,88.1,88.08290155,14.68048359,176.1658031,0.439317653,0.602494813,0.139839152,0.191780055,0.008656817,0.103881807,0.051940903,1.038818068
O,1,1,5,D. labyrinthiformis Juvenile,Recruit,Module,NA,Small,0.022,0.166,0.144,654.5,654.5454545,109.0909091,1309.090909,0.14832397,0.407430976,0.047212986,0.129689308,0.013746054,0.164952643,0.082476322,1.649526432
O,1,2,1,D. labyrinthiformis Juvenile,Recruit,Module,NA,Small,0.054,0.739,0.685,1268.5,1268.518519,211.4197531,2537.037037,0.232379001,0.859651092,0.073968533,0.273635441,0.033277818,0.399333816,0.199666908,3.993338159
O,1,2,2,D. labyrinthiformis Juvenile,Recruit,Module,NA,Large,0.171,0.774,0.603,352.6,352.6315789,58.77192982,705.2631579,0.413521463,0.879772698,0.13162797,0.280040347,0.024735396,0.296824755,0.148412378,2.968247553
O,1,2,3,D. labyrinthiformis Juvenile,Recruit,Module,NA,Medium,0.134,0.547,0.413,308.2,308.2089552,51.3681592,616.4179104,0.366060104,0.739594483,0.11652055,0.235420236,0.019816614,0.237799371,0.118899686,2.377993714
O,1,2,4,D. labyrinthiformis Juvenile,Recruit,Module,NA,Medium,0.082,0.296,0.214,261.0,260.9756098,43.49593496,521.9512195,0.286356421,0.54405882,0.09115008,0.173179301,0.013671537,0.164058443,0.082029221,1.640584426
O,1,2,5,D. labyrinthiformis Juvenile,Recruit,Module,NA,Large,0.477,1.016,0.539,113.0,112.9979036,18.83298393,225.9958071,0.690651866,1.007968253,0.219841317,0.32084626,0.016834157,0.202009886,0.101004943,2.020098864
O,1,3,1,D. labyrinthiformis Juvenile,Recruit,Module,NA,Small,0.024,0.178,0.154,641.7,641.6666667,106.9444444,1283.333333,0.154919334,0.421900462,0.049312356,0.134295088,0.014163789,0.169965465,0.084982733,1.699654652
O,1,3,2,D. labyrinthiformis Juvenile,Recruit,Module,NA,Large,0.313,1.308,0.995,317.9,317.8913738,52.98189563,635.7827476,0.559464029,1.143678276,0.178082931,0.364044102,0.030993528,0.371922341,0.185961171,3.719223411
O,1,3,3,D. labyrinthiformis Juvenile,Recruit,Module,NA,Small,0.016,0,-0.016,-100.0,-100,-16.66666667,-200,0.126491106,0,0.04026337,0,-0.006710562,-0.080526739,-0.04026337,-0.805267394
O,1,3,4,D. labyrinthiformis Juvenile,Recruit,Module,NA,Medium,0.096,0.577,0.481,501.0,501.0416667,83.50694444,1002.083333,0.309838668,0.759605161,0.098624711,0.241789832,0.023860854,0.286330242,0.143165121,2.863302423
O,1,3,5,D. labyrinthiformis Juvenile,Recruit,Module,NA,Small,0.057,0.507,0.45,789.5,789.4736842,131.5789474,1578.947368,0.238746728,0.712039325,0.075995444,0.226649156,0.025108952,0.301307425,0.150653713,3.013074254
O,1,4,1,D. labyrinthiformis Juvenile,Recruit,Module,NA,Large,0.163,0,-0.163,-100.0,-100,-16.66666667,-200,0.403732585,0,0.128512073,0,-0.021418679,-0.257024146,-0.128512073,-2.570241462
O,1,4,2,D. labyrinthiformis Juvenile,Recruit,Module,NA,Small,0.028,0.437,0.409,1460.7,1460.714286,243.452381,2921.428571,0.167332005,0.661059755,0.053263432,0.210421855,0.026193071,0.314316848,0.157158424,3.143168478
O,1,4,3,D. labyrinthiformis Juvenile,Recruit,Module,NA,Large,0.196,1.044,0.848,432.7,432.6530612,72.10884354,865.3061224,0.442718872,1.021763182,0.140921794,0.325237322,0.030719255,0.368631057,0.184315528,3.686310565
O,1,4,4,D. labyrinthiformis Juvenile,Recruit,Module,NA,Medium,0.122,0.815,0.693,568.0,568.0327869,94.67213115,1136.065574,0.349284984,0.902773504,0.111180863,0.287361731,0.029363478,0.352361736,0.176180868,3.523617358
O,1,4,5,D. labyrinthiformis Juvenile,Recruit,Module,NA,Medium,0.082,0.527,0.445,542.7,542.6829268,90.44715447,1085.365854,0.286356421,0.725947657,0.09115008,0.231076316,0.023321039,0.279852472,0.139926236,2.798524721
O,1,5,1,D. labyrinthiformis Juvenile,Recruit,Module,NA,Medium,0.12,0.33,0.21,175.0,175,29.16666667,350,0.346410162,0.574456265,0.110265779,0.182855108,0.012098222,0.145178658,0.072589329,1.451786583
O,1,5,2,D. labyrinthiformis Juvenile,Recruit,Module,NA,Small,0.059,0.64,0.581,984.7,984.7457627,164.1242938,1969.491525,0.242899156,0.8,0.077317203,0.254647909,0.029555118,0.354661412,0.177330706,3.546614125
O,1,5,3,D. labyrinthiformis Juvenile,Recruit,Module,NA,Medium,0.087,0,-0.087,-100.0,-100,-16.66666667,-200,0.294957624,0,0.093887928,0,-0.015647988,-0.187775855,-0.093887928,-1.877758555
O,1,5,4,D. labyrinthiformis Juvenile,Recruit,Module,NA,Small,0.036,0,-0.036,-100.0,-100,-16.66666667,-200,0.18973666,0,0.060395055,0,-0.010065842,-0.120790109,-0.060395055,-1.207901091
O,1,5,5,D. labyrinthiformis Juvenile,Recruit,Module,NA,Medium,0.078,0.564,0.486,623.1,623.0769231,103.8461538,1246.153846,0.279284801,0.750999334,0.088899113,0.239050513,0.025025233,0.300302799,0.150151399,3.003027988
O,2,1,1,D. labyrinthiformis Juvenile,Recruit,Module,NA,Medium,0.092,0.707,0.615,668.5,668.4782609,111.4130435,1336.956522,0.303315018,0.84083292,0.096548169,0.267645431,0.02851621,0.342194525,0.171097262,3.421945248
O,2,1,2,D. labyrinthiformis Juvenile,Recruit,Module,NA,Small,0.028,0,-0.028,-100.0,-100,-16.66666667,-200,0.167332005,0,0.053263432,0,-0.008877239,-0.106526863,-0.053263432,-1.065268631
O,2,1,3,D. labyrinthiformis Juvenile,Recruit,Module,NA,Medium,0.085,0.493,0.408,480.0,480,80,960,0.291547595,0.702139587,0.092802482,0.223497972,0.021782582,0.261390981,0.13069549,2.613909808
O,2,1,4,D. labyrinthiformis Juvenile,Recruit,Module,NA,Small,0.065,0,-0.065,-100.0,-100,-16.66666667,-200,0.254950976,0,0.081153416,0,-0.013525569,-0.162306832,-0.081153416,-1.623068321
O,2,1,5,D. labyrinthiformis Juvenile,Recruit,Module,NA,Medium,0.098,1.072,0.974,993.9,993.877551,165.6462585,1987.755102,0.313049517,1.035374328,0.099646756,0.329569885,0.038320521,0.459846257,0.229923129,4.598462571
O,2,2,1,D. labyrinthiformis Juvenile,Recruit,Module,NA,Small,0.034,0.211,0.177,520.6,520.5882353,86.76470588,1041.176471,0.184390889,0.459347363,0.058693443,0.146214807,0.014586894,0.175042728,0.087521364,1.750427279
O,2,2,2,D. labyrinthiformis Juvenile,Recruit,Module,NA,Small,0.032,0,-0.032,-100.0,-100,-16.66666667,-200,0.178885438,0,0.056941003,0,-0.009490167,-0.113882007,-0.056941003,-1.138820069
O,2,2,3,D. labyrinthiformis Juvenile,Recruit,Module,NA,Medium,0.088,0.657,0.569,646.6,646.5909091,107.7651515,1293.181818,0.296647939,0.810555365,0.094425972,0.258007786,0.027263636,0.327163628,0.163581814,3.271636284
O,2,2,4,D. labyrinthiformis Juvenile,Recruit,Module,NA,Small,0.014,0.093,0.079,564.3,564.2857143,94.04761905,1128.571429,0.118321596,0.304959014,0.037662934,0.097071469,0.009901423,0.118817071,0.059408535,1.188170705
O,2,2,5,D. labyrinthiformis Juvenile,Recruit,Module,NA,Large,0.155,1.088,0.933,601.9,601.9354839,100.3225806,1203.870968,0.393700394,1.043072385,0.125318728,0.332020252,0.034450254,0.413403049,0.206701525,4.134030492
O,2,3,1,D. labyrinthiformis Juvenile,Recruit,Module,NA,Small,0.043,0.429,0.386,897.7,897.6744186,149.6124031,1795.348837,0.207364414,0.654980916,0.066006143,0.208486901,0.023746793,0.284961516,0.142480758,2.849615158
O,2,3,2,D. labyrinthiformis Juvenile,Recruit,Module,NA,Small,0.026,0.211,0.185,711.5,711.5384615,118.5897436,1423.076923,0.161245155,0.459347363,0.051325927,0.146214807,0.015814813,0.18977776,0.09488888,1.897777599
O,2,3,3,D. labyrinthiformis Juvenile,Recruit,Module,NA,Small,0.065,0.436,0.371,570.8,570.7692308,95.12820513,1141.538462,0.254950976,0.660302961,0.081153416,0.21018096,0.021504591,0.258055088,0.129027544,2.580550885
O,2,3,4,D. labyrinthiformis Juvenile,Recruit,Module,NA,Small,0.01,0,-0.01,-100.0,-100,-16.66666667,-200,0.1,0,0.031830989,0,-0.005305165,-0.063661977,-0.031830989,-0.636619772
O,2,3,5,D. labyrinthiformis Juvenile,Recruit,Module,NA,Small,0.065,0.26,0.195,300.0,300,50,600,0.254950976,0.509901951,0.081153416,0.162306832,0.013525569,0.162306832,0.081153416,1.623068321
O,2,4,1,D. labyrinthiformis Juvenile,Recruit,Module,NA,Small,0.069,0.425,0.356,515.9,515.942029,85.99033816,1031.884058,0.262678511,0.651920241,0.083613167,0.207512658,0.020649915,0.247798981,0.123899491,2.477989814
O,2,4,2,D. labyrinthiformis Juvenile,Recruit,Module,NA,Small,0.017,1.179,1.162,6835.3,6835.294118,1139.215686,13670.58824,0.130384048,1.085817664,0.041502532,0.345626497,0.050687328,0.608247931,0.304123966,6.082479312
O,2,4,3,D. labyrinthiformis Juvenile,Recruit,Module,NA,Medium,0.111,0.525,0.414,373.0,372.972973,62.16216216,745.9459459,0.333166625,0.724568837,0.10605023,0.230637424,0.020764532,0.249174387,0.124587194,2.491743873
O,2,4,4,D. labyrinthiformis Juvenile,Recruit,Module,NA,Small,0.054,0.745,0.691,1279.6,1279.62963,213.2716049,2559.259259,0.232379001,0.863133825,0.073968533,0.27474403,0.033462583,0.401550993,0.200775496,4.015509927
O,2,4,5,D. labyrinthiformis Juvenile,Recruit,Module,NA,Small,0.043,0.422,0.379,881.4,881.3953488,146.8992248,1762.790698,0.207364414,0.649615271,0.066006143,0.206778963,0.023462137,0.28154564,0.14077282,2.815456401
O,2,5,1,D. labyrinthiformis Juvenile,Recruit,Module,NA,Medium,0.082,0.908,0.826,1007.3,1007.317073,167.8861789,2014.634146,0.286356421,0.95289034,0.09115008,0.303314416,0.035360723,0.424328672,0.212164336,4.243286716
O,2,5,2,D. labyrinthiformis Juvenile,Recruit,Module,NA,Large,0.161,0.961,0.8,496.9,496.8944099,82.81573499,993.7888199,0.401248053,0.980306075,0.127721222,0.312041115,0.030719982,0.368639786,0.184319893,3.68639786
O,2,5,3,D. labyrinthiformis Juvenile,Recruit,Module,NA,Medium,0.138,1.314,1.176,852.2,852.173913,142.0289855,1704.347826,0.371483512,1.14629839,0.118246875,0.36487811,0.041105206,0.493262471,0.246631236,4.932624713
O,2,5,4,D. labyrinthiformis Juvenile,Recruit,Module,NA,Small,0.029,0.205,0.176,606.9,606.8965517,101.1494253,1213.793103,0.170293864,0.452769257,0.05420622,0.144120931,0.014985785,0.179829421,0.08991471,1.798294205
O,2,5,5,D. labyrinthiformis Juvenile,Recruit,Module,NA,Medium,0.111,0.881,0.77,693.7,693.6936937,115.6156156,1387.387387,0.333166625,0.938616002,0.10605023,0.298770753,0.032120087,0.385441045,0.192720522,3.854410448
O,3,1,1,D. labyrinthiformis Juvenile,Recruit,Module,NA,Small,0.031,0,-0.031,-100.0,-100,-16.66666667,-200,0.176068169,0,0.056044239,0,-0.009340706,-0.112088477,-0.056044239,-1.120884774
O,3,1,2,D. labyrinthiformis Juvenile,Recruit,Module,NA,Small,0.025,0.341,0.316,1264.0,1264,210.6666667,2528,0.158113883,0.583952053,0.050329212,0.185877711,0.022591417,0.271096999,0.135548499,2.710969987
O,3,1,3,D. labyrinthiformis Juvenile,Recruit,Module,NA,Small,0.026,0.151,0.125,480.8,480.7692308,80.12820513,961.5384615,0.161245155,0.388587185,0.051325927,0.123691142,0.012060869,0.144730431,0.072365216,1.447304311
O,3,1,4,D. labyrinthiformis Juvenile,Recruit,Module,NA,Small,0.024,0.194,0.17,708.3,708.3333333,118.0555556,1416.666667,0.154919334,0.440454311,0.049312356,0.140200962,0.015148101,0.181777212,0.090888606,1.817772121
O,3,1,5,D. labyrinthiformis Juvenile,Recruit,Module,NA,Small,0.015,0,-0.015,-100.0,-100,-16.66666667,-200,0.122474487,0,0.03898484,0,-0.006497473,-0.07796968,-0.03898484,-0.779696801
O,3,2,1,D. labyrinthiformis Juvenile,Recruit,Module,NA,Small,0.057,0,-0.057,-100.0,-100,-16.66666667,-200,0.238746728,0,0.075995444,0,-0.012665907,-0.151990887,-0.075995444,-1.519908875
O,3,2,2,D. labyrinthiformis Juvenile,Recruit,Module,NA,Small,0.021,0.415,0.394,1876.2,1876.190476,312.6984127,3752.380952,0.144913767,0.644204936,0.046127485,0.2050568,0.026488219,0.31785863,0.158929315,3.178586303
O,3,2,3,D. labyrinthiformis Juvenile,Recruit,Module,NA,Small,0.041,0.55,0.509,1241.5,1241.463415,206.9105691,2482.926829,0.202484567,0.741619849,0.06445284,0.23606493,0.028602015,0.34322418,0.17161209,3.432241801
O,3,2,4,D. labyrinthiformis Juvenile,Recruit,Module,NA,Small,0.042,0.473,0.431,1026.2,1026.190476,171.031746,2052.380952,0.204939015,0.687749955,0.065234115,0.21891761,0.025613916,0.30736699,0.153683495,3.073669902
O,3,2,5,D. labyrinthiformis Juvenile,Recruit,Module,NA,Large,0.154,0.911,0.757,491.6,491.5584416,81.92640693,983.1168831,0.392428337,0.9544632,0.124913819,0.303815073,0.029816876,0.357802506,0.178901253,3.578025062
O,3,3,1,D. labyrinthiformis Juvenile,Recruit,Module,NA,Medium,0.081,0.232,0.151,186.4,186.4197531,31.06995885,372.8395062,0.284604989,0.481663783,0.090592582,0.153318344,0.010454294,0.125451524,0.062725762,1.254515244
O,3,3,2,D. labyrinthiformis Juvenile,Recruit,Module,NA,Small,0.019,0,-0.019,-100.0,-100,-16.66666667,-200,0.137840488,0,0.04387599,0,-0.007312665,-0.08775198,-0.04387599,-0.877519798
O,3,3,3,D. labyrinthiformis Juvenile,Recruit,Module,NA,Large,0.399,0.826,0.427,107.0,107.0175439,17.83625731,214.0350877,0.631664468,0.908845421,0.201065045,0.289294483,0.014704906,0.176458876,0.088229438,1.764588755
O,3,3,4,D. labyrinthiformis Juvenile,Recruit,Module,NA,Large,0.234,1.068,0.834,356.4,356.4102564,59.4017094,712.8205128,0.483735465,1.033440855,0.153977781,0.328954441,0.029162777,0.34995332,0.17497666,3.499533201
O,3,3,5,D. labyrinthiformis Juvenile,Recruit,Module,NA,Medium,0.126,0.819,0.693,550.0,550,91.66666667,1100,0.354964787,0.904986188,0.112988801,0.28806605,0.029179542,0.350154499,0.175077249,3.501544989
O,3,4,1,D. labyrinthiformis Juvenile,Recruit,Module,NA,Large,0.182,2.084,1.902,1045.1,1045.054945,174.1758242,2090.10989,0.42661458,1.443606595,0.135795638,0.459514251,0.053953102,0.647437225,0.323718612,6.474372247
O,3,4,2,D. labyrinthiformis Juvenile,Recruit,Module,NA,Large,0.217,1.521,1.304,600.9,600.921659,100.1536098,1201.843318,0.465832588,1.233288287,0.148279118,0.392567854,0.040714789,0.488577473,0.244288736,4.885774727
O,3,4,3,D. labyrinthiformis Juvenile,Recruit,Module,NA,Small,0.019,0.508,0.489,2573.7,2573.684211,428.9473684,5147.368421,0.137840488,0.712741187,0.04387599,0.226872566,0.030499429,0.365993153,0.182996576,3.659931526
O,3,4,4,D. labyrinthiformis Juvenile,Recruit,Module,NA,Medium,0.128,0.85,0.722,564.1,564.0625,94.01041667,1128.125,0.357770876,0.921954446,0.113882007,0.293467215,0.029930868,0.359170415,0.179585208,3.591704155
O,3,4,5,D. labyrinthiformis Juvenile,Recruit,Module,NA,Large,0.148,0.593,0.445,300.7,300.6756757,50.11261261,601.3513514,0.384707681,0.770064932,0.122456258,0.245119281,0.020443837,0.245326045,0.122663023,2.453260455
O,3,5,1,D. labyrinthiformis Juvenile,Recruit,Module,NA,Large,0.249,1.325,1.076,432.1,432.1285141,72.02141901,864.2570281,0.498998998,1.151086443,0.158836314,0.366402195,0.034594313,0.415131761,0.207565881,4.15131761
O,3,5,2,D. labyrinthiformis Juvenile,Recruit,Module,NA,Large,0.276,1.187,0.911,330.1,330.0724638,55.01207729,660.1449275,0.525357021,1.089495296,0.167226334,0.346797124,0.029928465,0.35914158,0.17957079,3.591415799
O,3,5,3,D. labyrinthiformis Juvenile,Recruit,Module,NA,Small,0.058,0.63,0.572,986.2,986.2068966,164.3678161,1972.413793,0.240831892,0.793725393,0.076659172,0.25265064,0.029331911,0.351982935,0.175991468,3.519829352
O,3,5,4,D. labyrinthiformis Juvenile,Recruit,Module,NA,Large,0.191,1.417,1.226,641.9,641.8848168,106.9808028,1283.769634,0.437035468,1.190378091,0.13911271,0.378909115,0.039966067,0.47959281,0.239796405,4.795928095
O,3,5,5,D. labyrinthiformis Juvenile,Recruit,Module,NA,Small,0.048,0.32,0.272,566.7,566.6666667,94.44444444,1133.333333,0.219089023,0.565685425,0.069738202,0.180063263,0.01838751,0.220650123,0.110325061,2.206501225
O,4,1,1,D. labyrinthiformis Juvenile,Recruit,Module,NA,Large,0.363,0,-0.363,-100.0,-100,-16.66666667,-200,0.602494813,0,0.191780055,0,-0.031963343,-0.383560111,-0.191780055,-3.835601109
O,4,1,2,D. labyrinthiformis Juvenile,Recruit,Module,NA,Medium,0.139,0,-0.139,-100.0,-100,-16.66666667,-200,0.372827038,0,0.118674532,0,-0.019779089,-0.237349064,-0.118674532,-2.373490638
O,4,1,3,D. labyrinthiformis Juvenile,Recruit,Module,NA,Large,0.393,1.138,0.745,189.6,189.56743,31.59457167,379.1348601,0.626897121,1.066770828,0.199547551,0.339563701,0.023336025,0.2800323,0.14001615,2.800322995
O,4,1,4,D. labyrinthiformis Juvenile,Recruit,Module,NA,Large,0.331,0.574,0.243,73.4,73.41389728,12.23564955,146.8277946,0.575325995,0.757627877,0.183131952,0.241160443,0.009671415,0.116056983,0.058028491,1.160569829
O,4,1,5,D. labyrinthiformis Juvenile,Recruit,Module,NA,Large,0.166,0.211,0.045,27.1,27.10843373,4.518072289,54.21686747,0.407430976,0.459347363,0.129689308,0.146214807,0.00275425,0.033050999,0.016525499,0.330509987
O,4,2,1,D. labyrinthiformis Juvenile,Recruit,Module,NA,Large,0.249,1.048,0.799,320.9,320.8835341,53.48058902,641.7670683,0.498998998,1.023718711,0.158836314,0.325859786,0.027837245,0.334046944,0.167023472,3.340469445
O,4,2,2,D. labyrinthiformis Juvenile,Recruit,Module,NA,Large,0.366,1.155,0.789,215.6,215.5737705,35.92896175,431.147541,0.604979338,1.074709263,0.192570904,0.342090583,0.024919946,0.299039358,0.149519679,2.990393576
O,4,2,3,D. labyrinthiformis Juvenile,Recruit,Module,NA,Large,0.211,0.848,0.637,301.9,301.8957346,50.31595577,603.7914692,0.459347363,0.920869155,0.146214807,0.293121756,0.024484491,0.293813898,0.146906949,2.938138979
O,4,2,4,D. labyrinthiformis Juvenile,Recruit,Module,NA,Large,0.324,0,-0.324,-100.0,-100,-16.66666667,-200,0.569209979,0,0.181185164,0,-0.030197527,-0.362370327,-0.181185164,-3.623703272
O,4,2,5,D. labyrinthiformis Juvenile,Recruit,Module,NA,Large,0.391,1.126,0.735,188.0,187.9795396,31.32992327,375.9590793,0.625299928,1.061131472,0.199039149,0.337768638,0.023121582,0.277458978,0.138729489,2.77458978
O,4,3,1,D. labyrinthiformis Juvenile,Recruit,Module,NA,Medium,0.095,0.331,0.236,248.4,248.4210526,41.40350877,496.8421053,0.3082207,0.575325995,0.098109696,0.183131952,0.014170376,0.170044512,0.085022256,1.700445117
O,4,3,2,D. labyrinthiformis Juvenile,Recruit,Module,NA,Large,0.187,0.869,0.682,364.7,364.7058824,60.78431373,729.4117647,0.432434966,0.932201695,0.137648325,0.296729015,0.026513448,0.318161381,0.159080691,3.181613811
O,4,3,3,D. labyrinthiformis Juvenile,Recruit,Module,NA,Large,0.207,0.805,0.598,288.9,288.8888889,48.14814815,577.7777778,0.454972527,0.897217922,0.144822253,0.285593335,0.023461847,0.281542163,0.140771082,2.815421631
O,4,3,4,D. labyrinthiformis Juvenile,Recruit,Module,NA,Large,0.476,1.499,1.023,214.9,214.9159664,35.81932773,429.8319328,0.689927532,1.224336555,0.219610754,0.389718429,0.028351279,0.34021535,0.170107675,3.402153503
O,4,3,5,D. labyrinthiformis Juvenile,Recruit,Module,NA,Large,0.238,0.421,0.183,76.9,76.8907563,12.81512605,153.7815126,0.487852437,0.648845128,0.155288254,0.206533819,0.008540928,0.10249113,0.051245565,1.024911304
O,4,4,1,D. labyrinthiformis Juvenile,Recruit,Module,NA,Large,0.341,0,-0.341,-100.0,-100,-16.66666667,-200,0.583952053,0,0.185877711,0,-0.030979619,-0.371755423,-0.185877711,-3.717554229
O,4,4,2,D. labyrinthiformis Juvenile,Recruit,Module,NA,Medium,0.138,0,-0.138,-100.0,-100,-16.66666667,-200,0.371483512,0,0.118246875,0,-0.019707812,-0.236493749,-0.118246875,-2.364937491
O,4,4,3,D. labyrinthiformis Juvenile,Recruit,Module,NA,Large,0.146,0.471,0.325,222.6,222.6027397,37.10045662,445.2054795,0.382099463,0.686294397,0.121626037,0.218454292,0.016138042,0.19365651,0.096828255,1.936565096
O,4,4,4,D. labyrinthiformis Juvenile,Recruit,Module,NA,Large,0.313,0.955,0.642,205.1,205.1118211,34.18530351,410.2236422,0.559464029,0.977241014,0.178082931,0.311065476,0.022163757,0.265965089,0.132982545,2.659650891
O,4,4,5,D. labyrinthiformis Juvenile,Recruit,Module,NA,Large,0.187,0.795,0.608,325.1,325.1336898,54.18894831,650.2673797,0.432434966,0.891627725,0.137648325,0.28381392,0.024360932,0.29233119,0.146165595,2.923311896
O,4,5,1,D. labyrinthiformis Juvenile,Recruit,Module,NA,Large,0.187,1.076,0.889,475.4,475.4010695,79.23351159,950.802139,0.432434966,1.037304198,0.137648325,0.330184181,0.032089309,0.385071713,0.192535856,3.850717129
O,4,5,2,D. labyrinthiformis Juvenile,Recruit,Module,NA,Large,0.335,1.257,0.922,275.2,275.2238806,45.87064677,550.4477612,0.578791845,1.121160113,0.184235166,0.356876348,0.02877353,0.345282364,0.172641182,3.452823635
O,4,5,3,D. labyrinthiformis Juvenile,Recruit,Module,NA,Large,0.257,0,-0.257,-100.0,-100,-16.66666667,-200,0.506951674,0,0.16136773,0,-0.026894622,-0.322735459,-0.16136773,-3.227354594
O,4,5,4,D. labyrinthiformis Juvenile,Recruit,Module,NA,Large,0.16,0.724,0.564,352.5,352.5,58.75,705,0.4,0.850881895,0.127323954,0.270844119,0.023920027,0.28704033,0.143520165,2.870403296
O,4,5,5,D. labyrinthiformis Juvenile,Recruit,Module,NA,Medium,0.132,0,-0.132,-100.0,-100,-16.66666667,-200,0.363318042,0,0.115647725,0,-0.019274621,-0.23129545,-0.115647725,-2.312954495
O,5,1,1,D. labyrinthiformis Juvenile,Recruit,Module,NA,Large,0.16,0.733,0.573,358.1,358.125,59.6875,716.25,0.4,0.856154192,0.127323954,0.272522343,0.024199731,0.290396778,0.145198389,2.903967777
O,5,1,2,D. labyrinthiformis Juvenile,Recruit,Module,NA,Large,0.271,1.407,1.136,419.2,419.1881919,69.86469865,838.3763838,0.520576603,1.186170308,0.165704679,0.377569736,0.035310843,0.423730113,0.211865056,4.237301128
O,5,1,3,D. labyrinthiformis Juvenile,Recruit,Module,NA,Medium,0.11,1.091,0.981,891.8,891.8181818,148.6363636,1783.636364,0.331662479,1.044509454,0.105571446,0.332477685,0.037817707,0.453812479,0.22690624,4.538124791
O,5,1,4,D. labyrinthiformis Juvenile,Recruit,Module,NA,Large,0.153,0.981,0.828,541.2,541.1764706,90.19607843,1082.352941,0.391152144,0.990454441,0.124507595,0.31527144,0.031793974,0.381527692,0.190763846,3.815276918
O,5,1,5,D. labyrinthiformis Juvenile,Recruit,Module,NA,Large,0.216,0.649,0.433,200.5,200.462963,33.41049383,400.9259259,0.464758002,0.805605362,0.147937067,0.256432151,0.018082514,0.216990169,0.108495085,2.169901693
O,5,2,1,D. labyrinthiformis Juvenile,Recruit,Module,NA,Large,0.215,0.733,0.518,240.9,240.9302326,40.15503876,481.8604651,0.463680925,0.856154192,0.147594222,0.272522343,0.020821353,0.249856242,0.124928121,2.498562419
O,5,2,2,D. labyrinthiformis Juvenile,Recruit,Module,NA,Medium,0.094,1.316,1.222,1300.0,1300,216.6666667,2600,0.306594194,1.147170432,0.097591963,0.36515569,0.044593954,0.535127453,0.267563727,5.351274531
O,5,2,3,D. labyrinthiformis Juvenile,Recruit,Module,NA,Large,0.193,0.862,0.669,346.6,346.6321244,57.77202073,693.2642487,0.439317653,0.928439551,0.139839152,0.295531488,0.025948723,0.311384672,0.155692336,3.113846716
O,5,2,4,D. labyrinthiformis Juvenile,Recruit,Module,NA,Large,0.284,1.173,0.889,313.0,313.028169,52.1713615,626.056338,0.532916504,1.083051245,0.169632592,0.344745919,0.029185554,0.350226654,0.175113327,3.502266539
O,5,2,5,D. labyrinthiformis Juvenile,Recruit,Module,NA,Medium,0.111,0.483,0.372,335.1,335.1351351,55.85585586,670.2702703,0.333166625,0.694982014,0.10605023,0.221219646,0.019194903,0.230338831,0.115169415,2.303388307
O,5,3,1,D. labyrinthiformis Juvenile,Recruit,Module,NA,Large,0.26,0.89,0.63,242.3,242.3076923,40.38461538,484.6153846,0.509901951,0.943398113,0.162306832,0.300292946,0.022997686,0.275972228,0.137986114,2.759722279
O,5,3,2,D. labyrinthiformis Juvenile,Recruit,Module,NA,Large,0.227,1.274,1.047,461.2,461.2334802,76.8722467,922.4669604,0.47644517,1.128716085,0.151657208,0.359281488,0.034604047,0.415248561,0.207624281,4.152485613
O,5,3,3,D. labyrinthiformis Juvenile,Recruit,Module,NA,Large,0.479,1.87,1.391,290.4,290.3966597,48.39944328,580.7933194,0.692098259,1.367479433,0.220301718,0.435282223,0.035830084,0.429961009,0.214980505,4.299610094
O,5,3,4,D. labyrinthiformis Juvenile,Recruit,Module,NA,Large,0.225,0.61,0.385,171.1,171.1111111,28.51851852,342.2222222,0.474341649,0.781024968,0.150987636,0.248607969,0.016270055,0.195240664,0.097620332,1.952406645
O,5,3,5,D. labyrinthiformis Juvenile,Recruit,Module,NA,Large,0.238,0.1,-0.138,-58.0,-57.98319328,-9.663865546,-115.9663866,0.487852437,0.316227766,0.155288254,0.100658424,-0.009104972,-0.109259659,-0.054629829,-1.092596588
O,5,4,1,D. labyrinthiformis Juvenile,Recruit,Module,NA,Large,0.212,1.39,1.178,555.7,555.6603774,92.61006289,1111.320755,0.460434577,1.178982612,0.146560878,0.375281821,0.038120157,0.457441886,0.228720943,4.574418864
O,5,4,2,D. labyrinthiformis Juvenile,Recruit,Module,NA,Large,0.266,1.598,1.332,500.8,500.7518797,83.45864662,1001.503759,0.515751878,1.264120247,0.164168922,0.402381972,0.039702175,0.476426101,0.23821305,4.764261008
O,5,4,3,D. labyrinthiformis Juvenile,Recruit,Module,NA,Large,0.197,1.348,1.151,584.3,584.2639594,97.37732657,1168.527919,0.44384682,1.161034022,0.141280831,0.369568607,0.038047963,0.456575553,0.228287776,4.565755529
O,5,4,4,D. labyrinthiformis Juvenile,Recruit,Module,NA,Large,0.21,0.893,0.683,325.2,325.2380952,54.20634921,650.4761905,0.458257569,0.944986772,0.145867915,0.300798632,0.025821786,0.309861434,0.154930717,3.098614344
O,5,4,5,D. labyrinthiformis Juvenile,Recruit,Module,NA,Large,0.203,1.078,0.875,431.0,431.0344828,71.83908046,862.0689655,0.450555213,1.038267788,0.143416179,0.330490901,0.03117912,0.374149446,0.187074723,3.741494458
O,5,5,1,D. labyrinthiformis Juvenile,Recruit,Module,NA,Large,0.357,0,-0.357,-100.0,-100,-16.66666667,-200,0.59749477,0,0.190188492,0,-0.031698082,-0.380376984,-0.190188492,-3.803769844
O,5,5,2,D. labyrinthiformis Juvenile,Recruit,Module,NA,Large,0.337,0.16,-0.177,-52.5,-52.52225519,-8.753709199,-105.0445104,0.580517011,0.4,0.184784304,0.127323954,-0.009576725,-0.114920698,-0.057460349,-1.149206984
O,5,5,3,D. labyrinthiformis Juvenile,Recruit,Module,NA,Large,0.285,0.512,0.227,79.6,79.64912281,13.2748538,159.2982456,0.533853913,0.715541753,0.169930978,0.227764014,0.009638839,0.115666071,0.057833036,1.156660715
O,5,5,4,D. labyrinthiformis Juvenile,Recruit,Module,NA,Large,0.154,0.93,0.776,503.9,503.8961039,83.98268398,1007.792208,0.392428337,0.964365076,0.124913819,0.306966938,0.030342186,0.364106236,0.182053118,3.641062364
O,6,1,1,D. labyrinthiformis Juvenile,Recruit,Module,NA,Medium,0.112,0.947,0.835,745.5,745.5357143,124.2559524,1491.071429,0.334664011,0.97313925,0.106526863,0.309759844,0.033872163,0.406465962,0.203232981,4.064659616
O,6,1,2,D. labyrinthiformis Juvenile,Recruit,Module,NA,Medium,0.123,0.443,0.32,260.2,260.1626016,43.3604336,520.3252033,0.350713558,0.665582452,0.111635593,0.211861474,0.016704314,0.200451763,0.100225882,2.004517632
O,6,1,3,D. labyrinthiformis Juvenile,Recruit,Module,NA,Large,0.153,0.722,0.569,371.9,371.8954248,61.98257081,743.7908497,0.391152144,0.849705831,0.124507595,0.270469766,0.024327029,0.291924344,0.145962172,2.919243439
O,6,1,4,D. labyrinthiformis Juvenile,Recruit,Module,NA,Large,0.251,0,-0.251,-100.0,-100,-16.66666667,-200,0.500999002,0,0.159472935,0,-0.026578823,-0.318945871,-0.159472935,-3.189458706
O,6,1,5,D. labyrinthiformis Juvenile,Recruit,Module,NA,Large,0.268,0.599,0.331,123.5,123.5074627,20.58457711,247.0149254,0.517687164,0.773950903,0.164784942,0.246356224,0.013595214,0.163142563,0.081571281,1.631425629
O,6,2,1,D. labyrinthiformis Juvenile,Recruit,Module,NA,Large,0.152,1.027,0.875,575.7,575.6578947,95.94298246,1151.315789,0.389871774,1.013410085,0.12410004,0.322578449,0.033079735,0.396956818,0.198478409,3.969568176
O,6,2,2,D. labyrinthiformis Juvenile,Recruit,Module,NA,Small,0.043,1.272,1.229,2858.1,2858.139535,476.3565891,5716.27907,0.207364414,1.127829774,0.066006143,0.358999367,0.048832204,0.585986449,0.292993224,5.859864485
O,6,2,3,D. labyrinthiformis Juvenile,Recruit,Module,NA,Large,0.149,0.94,0.791,530.9,530.8724832,88.4787472,1061.744966,0.386005181,0.969535971,0.122869265,0.308612885,0.03095727,0.371487239,0.185743619,3.714872388
O,6,2,4,D. labyrinthiformis Juvenile,Recruit,Module,NA,Medium,0.073,0.853,0.78,1068.5,1068.493151,178.0821918,2136.986301,0.270185122,0.923579991,0.086002595,0.293984642,0.034663674,0.415964093,0.207982047,4.15964093
O,6,2,5,D. labyrinthiformis Juvenile,Recruit,Module,NA,Large,0.458,1.679,1.221,266.6,266.5938865,44.43231441,533.1877729,0.676756973,1.295762324,0.215418435,0.412453958,0.032839254,0.394071046,0.197035523,3.940710458
O,6,3,1,D. labyrinthiformis Juvenile,Recruit,Module,NA,Large,0.157,1.751,1.594,1015.3,1015.286624,169.2144374,2030.573248,0.396232255,1.323253566,0.126124644,0.421204692,0.049180008,0.590160096,0.295080048,5.901600959
O,6,3,2,D. labyrinthiformis Juvenile,Recruit,Module,NA,Large,0.213,0.841,0.628,294.8,294.8356808,49.13928013,589.6713615,0.46151923,0.917060521,0.146906134,0.29190943,0.024167216,0.290006593,0.145003297,2.90006593
O,6,3,3,D. labyrinthiformis Juvenile,Recruit,Module,NA,Small,0.049,0.326,0.277,565.3,565.3061224,94.21768707,1130.612245,0.221359436,0.570964097,0.070460897,0.181743517,0.018547103,0.22256524,0.11128262,2.225652395
O,6,3,4,D. labyrinthiformis Juvenile,Recruit,Module,NA,Large,0.173,0.864,0.691,399.4,399.4219653,66.57032755,798.8439306,0.415932687,0.929516003,0.132395486,0.295874133,0.027246441,0.326957294,0.163478647,3.269572939
O,6,3,5,D. labyrinthiformis Juvenile,Recruit,Module,NA,Medium,0.127,0.368,0.241,189.8,189.7637795,31.62729659,379.5275591,0.356370594,0.606630036,0.113436283,0.193096338,0.013276676,0.159320109,0.079660054,1.593201089
O,6,4,1,D. labyrinthiformis Juvenile,Recruit,Module,NA,Small,0.049,0.245,0.196,400.0,400,66.66666667,800,0.221359436,0.494974747,0.070460897,0.157555355,0.014515743,0.174188917,0.087094458,1.741889168
O,6,4,2,D. labyrinthiformis Juvenile,Recruit,Module,NA,Large,0.269,0.828,0.559,207.8,207.8066914,34.63444857,415.6133829,0.518652099,0.909945053,0.165092091,0.289644506,0.020758736,0.249104831,0.124552416,2.491048314
O,6,4,3,D. labyrinthiformis Juvenile,Recruit,Module,NA,Large,0.147,0.724,0.577,392.5,392.5170068,65.41950113,785.0340136,0.38340579,0.850881895,0.122041853,0.270844119,0.024800378,0.297604532,0.148802266,2.976045317
O,6,4,4,D. labyrinthiformis Juvenile,Recruit,Module,NA,Medium,0.086,0.686,0.6,697.7,697.6744186,116.2790698,1395.348837,0.293257566,0.82825117,0.093346782,0.263640536,0.028382292,0.340587506,0.170293753,3.405875062
O,6,4,5,D. labyrinthiformis Juvenile,Recruit,Module,NA,Large,0.361,1.189,0.828,229.4,229.3628809,38.22714681,458.7257618,0.600832755,1.090412766,0.191251006,0.347089163,0.025973026,0.311676315,0.155838157,3.116763148
O,6,5,1,D. labyrinthiformis Juvenile,Recruit,Module,NA,Medium,0.113,1.398,1.285,1137.2,1137.168142,189.5280236,2274.336283,0.336154726,1.1823705,0.107001373,0.376360219,0.044893141,0.538717693,0.269358847,5.387176934
O,6,5,2,D. labyrinthiformis Juvenile,Recruit,Module,NA,Large,0.216,2.365,2.149,994.9,994.9074074,165.8179012,1989.814815,0.464758002,1.53785565,0.147937067,0.489514657,0.056929598,0.683155181,0.34157759,6.831551806
O,6,5,3,D. labyrinthiformis Juvenile,Recruit,Module,NA,Medium,0.125,1.161,1.036,828.8,828.8,138.1333333,1657.6,0.353553391,1.0774971,0.11253954,0.342977979,0.038406407,0.460876879,0.23043844,4.608768793
O,6,5,4,D. labyrinthiformis Juvenile,Recruit,Module,NA,Large,0.164,0,-0.164,-100.0,-100,-16.66666667,-200,0.404969135,0,0.128905679,0,-0.02148428,-0.257811358,-0.128905679,-2.578113583
O,6,5,5,D. labyrinthiformis Juvenile,Recruit,Module,NA,Large,0.206,0.951,0.745,361.7,361.6504854,60.27508091,723.3009709,0.453872229,0.975192289,0.144472017,0.310413346,0.027656888,0.331882658,0.165941329,3.318826579
NSU1,1,1,1,D. labyrinthiformis Juvenile,Recruit,Table,NA,Small,0.026,0.226,0.2,769.2,769.2307692,128.2051282,1538.461538,0.161245155,0.475394573,0.051325927,0.151322792,0.016666144,0.199993731,0.099996865,1.99993731
NSU1,1,1,2,D. labyrinthiformis Juvenile,Recruit,Table,NA,Small,0.031,0.333,0.302,974.2,974.1935484,162.3655914,1948.387097,0.176068169,0.577061522,0.056044239,0.183684387,0.021273358,0.255280297,0.127640149,2.552802973
NSU1,1,1,3,D. labyrinthiformis Juvenile,Recruit,Table,NA,Small,0.064,0.719,0.655,1023.4,1023.4375,170.5729167,2046.875,0.252982213,0.847938677,0.080526739,0.269907264,0.031563421,0.378761049,0.189380524,3.787610488
NSU1,1,1,4,D. labyrinthiformis Juvenile,Recruit,Table,NA,Small,0.032,0.507,0.475,1484.4,1484.375,247.3958333,2968.75,0.178885438,0.712039325,0.056941003,0.226649156,0.028284692,0.339416306,0.169708153,3.394163059
NSU1,1,2,1,D. labyrinthiformis Juvenile,Recruit,Table,NA,Medium,0.079,0.702,0.623,788.6,788.6075949,131.4345992,1577.21519,0.281069386,0.837854403,0.089467164,0.26669734,0.029538363,0.35446035,0.177230175,3.544603503
NSU1,1,2,2,D. labyrinthiformis Juvenile,Recruit,Table,NA,Small,0.025,0.237,0.212,848.0,848,141.3333333,1696,0.158113883,0.486826458,0.050329212,0.154961674,0.017438744,0.209264925,0.104632462,2.092649245
NSU1,1,2,3,D. labyrinthiformis Juvenile,Recruit,Table,NA,Small,0.034,0.324,0.29,852.9,852.9411765,142.1568627,1705.882353,0.184390889,0.569209979,0.058693443,0.181185164,0.020415287,0.244983441,0.122491721,2.449834413
NSU1,1,2,4,D. labyrinthiformis Juvenile,Recruit,Table,NA,Small,0.03,0.535,0.505,1683.3,1683.333333,280.5555556,3366.666667,0.173205081,0.731436942,0.05513289,0.23282361,0.02961512,0.35538144,0.17769072,3.553814404
NSU1,1,3,1,D. labyrinthiformis Juvenile,Recruit,Table,NA,Small,0.01,0,-0.01,-100.0,-100,-16.66666667,-200,0.1,0,0.031830989,0,-0.005305165,-0.063661977,-0.031830989,-0.636619772
NSU1,1,3,2,D. labyrinthiformis Juvenile,Recruit,Table,NA,Medium,0.077,0.413,0.336,436.4,436.3636364,72.72727273,872.7272727,0.277488739,0.642650761,0.088327409,0.20456209,0.019372447,0.232469363,0.116234682,2.324693633
NSU1,1,3,3,D. labyrinthiformis Juvenile,Recruit,Table,NA,Small,0.06,0.452,0.392,653.3,653.3333333,108.8888889,1306.666667,0.244948974,0.672309453,0.07796968,0.214002745,0.022672178,0.27206613,0.136033065,2.720661304
NSU1,1,3,4,D. labyrinthiformis Juvenile,Recruit,Table,NA,Small,0.049,0.175,0.126,257.1,257.1428571,42.85714286,514.2857143,0.221359436,0.418330013,0.070460897,0.133158579,0.010449614,0.125395364,0.062697682,1.253953639
NSU1,1,4,1,D. labyrinthiformis Juvenile,Recruit,Table,NA,Small,0.047,0.405,0.358,761.7,761.7021277,126.9503546,1523.404255,0.216794834,0.636396103,0.069007939,0.202571171,0.022260539,0.267126464,0.133563232,2.671264645
NSU1,1,4,2,D. labyrinthiformis Juvenile,Recruit,Table,NA,Small,0.041,0.349,0.308,751.2,751.2195122,125.203252,1502.439024,0.202484567,0.59076222,0.06445284,0.188045455,0.020598769,0.247185231,0.123592615,2.471852306
NSU1,1,4,3,D. labyrinthiformis Juvenile,Recruit,Table,NA,Small,0.022,0,-0.022,-100.0,-100,-16.66666667,-200,0.14832397,0,0.047212986,0,-0.007868831,-0.094425972,-0.047212986,-0.944259719
NSU1,1,4,4,D. labyrinthiformis Juvenile,Recruit,Table,NA,Small,0.063,0.085,0.022,34.9,34.92063492,5.82010582,69.84126984,0.250998008,0.291547595,0.079895147,0.092802482,0.002151222,0.025814669,0.012907334,0.258146687
NSU1,1,5,1,D. labyrinthiformis Juvenile,Recruit,Table,NA,Small,0.037,0.47,0.433,1170.3,1170.27027,195.045045,2340.540541,0.192353841,0.68556546,0.061228129,0.218222264,0.026165689,0.313988269,0.156994134,3.139882689
NSU1,1,5,2,D. labyrinthiformis Juvenile,Recruit,Table,NA,Small,0.02,0.203,0.183,915.0,915,152.5,1830,0.141421356,0.450555213,0.045015816,0.143416179,0.01640006,0.196800726,0.098400363,1.968007256
NSU1,1,5,3,D. labyrinthiformis Juvenile,Recruit,Table,NA,Small,0.032,0.204,0.172,537.5,537.5,89.58333333,1075,0.178885438,0.451663592,0.056941003,0.143768986,0.01447133,0.173655966,0.086827983,1.736559659
NSU1,1,5,4,D. labyrinthiformis Juvenile,Recruit,Table,NA,Small,0.042,0.317,0.275,654.8,654.7619048,109.1269841,1309.52381,0.204939015,0.56302753,0.065234115,0.179217229,0.018997186,0.227966229,0.113983114,2.27966229
NSU1,2,1,1,D. labyrinthiformis Juvenile,Recruit,Table,NA,Medium,0.132,0.938,0.806,610.6,610.6060606,101.7676768,1221.212121,0.363318042,0.968504001,0.115647725,0.308284398,0.032106112,0.385273347,0.192636674,3.852733472
NSU1,2,1,2,D. labyrinthiformis Juvenile,Recruit,Table,NA,Small,0.061,0.418,0.357,585.2,585.2459016,97.54098361,1170.491803,0.246981781,0.646529195,0.078616743,0.205796634,0.021196649,0.254359784,0.127179892,2.543597839
NSU1,2,1,3,D. labyrinthiformis Juvenile,Recruit,Table,NA,Medium,0.102,0.396,0.294,288.2,288.2352941,48.03921569,576.4705882,0.319374388,0.629285309,0.101660025,0.200307735,0.016441285,0.19729542,0.09864771,1.972954196
NSU1,2,1,4,D. labyrinthiformis Juvenile,Recruit,Table,NA,Medium,0.112,0.773,0.661,590.2,590.1785714,98.36309524,1180.357143,0.334664011,0.879204186,0.106526863,0.279859384,0.028888754,0.346665042,0.173332521,3.466650423
NSU1,2,2,1,D. labyrinthiformis Juvenile,Recruit,Table,NA,Medium,0.139,0.656,0.517,371.9,371.942446,61.99040767,743.8848921,0.372827038,0.809938269,0.118674532,0.257811358,0.023189471,0.278273653,0.139136826,2.782736528
NSU1,2,2,2,D. labyrinthiformis Juvenile,Recruit,Table,NA,Medium,0.082,0.165,0.083,101.2,101.2195122,16.8699187,202.4390244,0.286356421,0.40620192,0.09115008,0.129298087,0.006358001,0.076296014,0.038148007,0.762960143
NSU1,2,2,3,D. labyrinthiformis Juvenile,Recruit,Table,NA,Medium,0.082,0.54,0.458,558.5,558.5365854,93.08943089,1117.073171,0.286356421,0.734846923,0.09115008,0.23390904,0.02379316,0.285517921,0.142758961,2.85517921
NSU1,2,2,4,D. labyrinthiformis Juvenile,Recruit,Table,NA,Large,0.348,1.145,0.797,229.0,229.0229885,38.17049808,458.045977,0.589915248,1.070046728,0.187775855,0.340606452,0.025471766,0.305661193,0.152830597,3.056611934
NSU1,2,3,1,D. labyrinthiformis Juvenile,Recruit,Table,NA,Large,0.244,0,-0.244,-100.0,-100,-16.66666667,-200,0.493963561,0,0.157233485,0,-0.026205581,-0.31446697,-0.157233485,-3.1446697
NSU1,2,3,2,D. labyrinthiformis Juvenile,Recruit,Table,NA,Small,0.062,0,-0.062,-100.0,-100,-16.66666667,-200,0.248997992,0,0.079258522,0,-0.013209754,-0.158517045,-0.079258522,-1.58517045
NSU1,2,3,3,D. labyrinthiformis Juvenile,Recruit,Table,NA,Large,0.184,0.426,0.242,131.5,131.5217391,21.92028986,263.0434783,0.428952212,0.652686755,0.13653973,0.207756647,0.011869486,0.142433834,0.071216917,1.424338339
NSU1,2,3,4,D. labyrinthiformis Juvenile,Recruit,Table,NA,Large,0.145,0.514,0.369,254.5,254.4827586,42.4137931,508.9655172,0.380788655,0.716937933,0.121208794,0.228208432,0.017833273,0.213999277,0.106999638,2.139992768
NSU1,2,4,1,D. labyrinthiformis Juvenile,Recruit,Table,NA,Medium,0.083,0.061,-0.022,-26.5,-26.5060241,-4.417670683,-53.01204819,0.288097206,0.246981781,0.091704189,0.078616743,-0.002181241,-0.026174893,-0.013087446,-0.261748926
NSU1,2,4,2,D. labyrinthiformis Juvenile,Recruit,Table,NA,Large,0.145,0.68,0.535,369.0,368.9655172,61.49425287,737.9310345,0.380788655,0.824621125,0.121208794,0.262485056,0.023546044,0.282552526,0.141276263,2.825525259
NSU1,2,4,3,D. labyrinthiformis Juvenile,Recruit,Table,NA,Medium,0.135,0.759,0.624,462.2,462.2222222,77.03703704,924.4444444,0.367423461,0.871206061,0.11695452,0.277313502,0.026726497,0.320717964,0.160358982,3.207179636
NSU1,2,4,4,D. labyrinthiformis Juvenile,Recruit,Table,NA,Medium,0.12,0.458,0.338,281.7,281.6666667,46.94444444,563.3333333,0.346410162,0.676756973,0.110265779,0.215418435,0.017525443,0.210305312,0.105152656,2.103053117
NSU1,2,5,1,D. labyrinthiformis Juvenile,Recruit,Table,NA,Medium,0.134,0.364,0.23,171.6,171.641791,28.60696517,343.2835821,0.366060104,0.603324125,0.11652055,0.192044034,0.012587247,0.151046967,0.075523483,1.510469669
NSU1,2,5,2,D. labyrinthiformis Juvenile,Recruit,Table,NA,Large,0.272,0.41,0.138,50.7,50.73529412,8.455882353,101.4705882,0.521536192,0.640312424,0.166010126,0.203817775,0.006301275,0.075615297,0.037807649,0.756152974
NSU1,2,5,3,D. labyrinthiformis Juvenile,Recruit,Table,NA,Large,0.306,1.738,1.432,468.0,467.9738562,77.9956427,935.9477124,0.553172667,1.31833228,0.176080329,0.419638198,0.040592978,0.487115738,0.243557869,4.871157383
NSU1,2,5,4,D. labyrinthiformis Juvenile,Recruit,Table,NA,Large,0.175,1.486,1.311,749.1,749.1428571,124.8571429,1498.285714,0.418330013,1.219015997,0.133158579,0.388024843,0.042477711,0.509732528,0.254866264,5.097325285
NSU1,3,1,1,D. labyrinthiformis Juvenile,Recruit,Table,NA,Large,0.159,0.127,-0.032,-20.1,-20.12578616,-3.354297694,-40.25157233,0.398748041,0.356370594,0.126925443,0.113436283,-0.002248193,-0.026978321,-0.01348916,-0.269783207
NSU1,3,1,2,D. labyrinthiformis Juvenile,Recruit,Table,NA,Large,0.204,0.601,0.397,194.6,194.6078431,32.43464052,389.2156863,0.451663592,0.775241898,0.143768986,0.24676716,0.017166362,0.205996348,0.102998174,2.059963476
NSU1,3,1,3,D. labyrinthiformis Juvenile,Recruit,Table,NA,Medium,0.101,0.69,0.589,583.2,583.1683168,97.19471947,1166.336634,0.317804972,0.830662386,0.101160464,0.26440805,0.027207931,0.326495171,0.163247585,3.264951706
NSU1,3,1,4,D. labyrinthiformis Juvenile,Recruit,Table,NA,Large,0.315,2.189,1.874,594.9,594.9206349,99.15343915,1189.84127,0.561248608,1.479526951,0.178650981,0.470948056,0.048716179,0.58459415,0.292297075,5.8459415
NSU1,3,2,1,D. labyrinthiformis Juvenile,Recruit,Table,NA,Medium,0.087,0.267,0.18,206.9,206.8965517,34.48275862,413.7931034,0.294957624,0.516720427,0.093887928,0.16447722,0.011764882,0.141178585,0.070589293,1.411785853
NSU1,3,2,2,D. labyrinthiformis Juvenile,Recruit,Table,NA,Large,0.145,0.515,0.37,255.2,255.1724138,42.52873563,510.3448276,0.380788655,0.717635005,0.121208794,0.228430317,0.017870254,0.214443046,0.107221523,2.144430463
NSU1,3,2,3,D. labyrinthiformis Juvenile,Recruit,Table,NA,Large,0.344,0.406,0.062,18.0,18.02325581,3.003875969,36.04651163,0.586515132,0.637181293,0.186693565,0.202821105,0.002687923,0.03225508,0.01612754,0.322550798
NSU1,3,2,4,D. labyrinthiformis Juvenile,Recruit,Table,NA,Large,0.232,0.753,0.521,224.6,224.5689655,37.42816092,449.137931,0.481663783,0.867755726,0.153318344,0.276215226,0.020482814,0.245793765,0.122896882,2.457937648
NSU1,3,3,1,D. labyrinthiformis Juvenile,Recruit,Table,NA,Medium,0.071,0.359,0.288,405.6,405.6338028,67.6056338,811.2676056,0.266458252,0.599166087,0.084816296,0.190720489,0.017650699,0.211808386,0.105904193,2.118083864
NSU1,3,3,2,D. labyrinthiformis Juvenile,Recruit,Table,NA,Large,0.176,0.656,0.48,272.7,272.7272727,45.45454545,545.4545455,0.419523539,0.809938269,0.13353849,0.257811358,0.020712145,0.248545737,0.124272868,2.485457365
NSU1,3,3,3,D. labyrinthiformis Juvenile,Recruit,Table,NA,Medium,0.13,0.993,0.863,663.8,663.8461538,110.6410256,1327.692308,0.360555128,0.996493853,0.114768262,0.317193845,0.033737597,0.404851167,0.202425583,4.048511669
NSU1,3,3,4,D. labyrinthiformis Juvenile,Recruit,Table,NA,Large,0.266,0.556,0.29,109.0,109.0225564,18.17042607,218.0451128,0.515751878,0.745654075,0.164168922,0.237349064,0.01219669,0.146360284,0.073180142,1.463602843
NSU1,3,4,1,D. labyrinthiformis Juvenile,Recruit,Table,NA,Large,0.221,0.094,-0.127,-57.5,-57.46606335,-9.577677225,-114.9321267,0.470106371,0.306594194,0.149639505,0.097591963,-0.00867459,-0.104095085,-0.052047542,-1.040950847
NSU1,3,4,2,D. labyrinthiformis Juvenile,Recruit,Table,NA,Large,0.319,0.736,0.417,130.7,130.7210031,21.78683386,261.4420063,0.56480085,0.857904424,0.179781694,0.273079459,0.015549628,0.18659553,0.093297765,1.865955304
NSU1,3,4,3,D. labyrinthiformis Juvenile,Recruit,Table,NA,Large,0.179,1.33,1.151,643.0,643.0167598,107.16946,1286.03352,0.423083916,1.153256259,0.134671793,0.367092869,0.038736846,0.464842151,0.232421076,4.648421511
NSU1,3,4,4,D. labyrinthiformis Juvenile,Recruit,Table,NA,Medium,0.09,0.645,0.555,616.7,616.6666667,102.7777778,1233.333333,0.3,0.80311892,0.095492966,0.255640692,0.026691288,0.320295452,0.160147726,3.202954525
NSU1,3,5,2,D. labyrinthiformis Juvenile,Recruit,Table,NA,Large,0.169,0,-0.169,-100.0,-100,-16.66666667,-200,0.411096096,0,0.130855951,0,-0.021809325,-0.261711903,-0.130855951,-2.617119029
NSU1,3,5,3,D. labyrinthiformis Juvenile,Recruit,Table,NA,Large,0.145,0.501,0.356,245.5,245.5172414,40.91954023,491.0344828,0.380788655,0.707813535,0.121208794,0.225304046,0.017349209,0.208190504,0.104095252,2.081905043
NSU1,3,5,4,D. labyrinthiformis Juvenile,Recruit,Table,NA,Large,0.237,0,-0.237,-100.0,-100,-16.66666667,-200,0.486826458,0,0.154961674,0,-0.025826946,-0.309923349,-0.154961674,-3.099233487
R,1,1,1,D. labyrinthiformis Juvenile,Recruit,Module,NA,Small,0.059,0.208,0.149,252.5,252.5423729,42.09039548,505.0847458,0.242899156,0.45607017,0.077317203,0.145171644,0.011309074,0.135708882,0.067854441,1.357088824
R,1,1,2,D. labyrinthiformis Juvenile,Recruit,Module,NA,Small,0.017,0,-0.017,-100.0,-100,-16.66666667,-200,0.130384048,0,0.041502532,0,-0.006917089,-0.083005063,-0.041502532,-0.83005063
R,1,1,3,D. labyrinthiformis Juvenile,Recruit,Module,NA,Medium,0.123,0.569,0.446,362.6,362.601626,60.43360434,725.203252,0.350713558,0.754320887,0.111635593,0.240107796,0.021412034,0.256944405,0.128472203,2.569444055
R,1,1,5,D. labyrinthiformis Juvenile,Recruit,Module,NA,Medium,0.072,0.45,0.378,525.0,525,87.5,1050,0.268328157,0.670820393,0.085411505,0.213528763,0.021352876,0.256234516,0.128117258,2.562345156
R,1,2,1,D. labyrinthiformis Juvenile,Recruit,Module,NA,Large,0.162,0,-0.162,-100.0,-100,-16.66666667,-200,0.402492236,0,0.128117258,0,-0.021352876,-0.256234516,-0.128117258,-2.562345156
R,1,2,2,D. labyrinthiformis Juvenile,Recruit,Module,NA,Medium,0.107,0.598,0.491,458.9,458.8785047,76.47975078,917.7570093,0.327108545,0.773304597,0.104121884,0.246150498,0.023671436,0.284057229,0.142028615,2.840572294
R,1,2,3,D. labyrinthiformis Juvenile,Recruit,Module,NA,Medium,0.136,1.01,0.874,642.6,642.6470588,107.1078431,1285.294118,0.368781778,1.004987562,0.117386886,0.319897477,0.033751765,0.405021181,0.202510591,4.050211813
R,1,2,4,D. labyrinthiformis Juvenile,Recruit,Module,NA,Medium,0.083,0.36,0.277,333.7,333.7349398,55.62248996,667.4698795,0.288097206,0.6,0.091704189,0.190985932,0.016546957,0.198563486,0.099281743,1.985634858
R,1,2,5,D. labyrinthiformis Juvenile,Recruit,Module,NA,Medium,0.097,0,-0.097,-100.0,-100,-16.66666667,-200,0.31144823,0,0.099137051,0,-0.016522842,-0.198274101,-0.099137051,-1.982741013
R,1,3,1,D. labyrinthiformis Juvenile,Recruit,Module,NA,Medium,0.082,0.16,0.078,95.1,95.12195122,15.85365854,190.2439024,0.286356421,0.4,0.09115008,0.127323954,0.006028979,0.072347749,0.036173875,0.723477492
R,1,3,2,D. labyrinthiformis Juvenile,Recruit,Module,NA,Large,0.155,0.815,0.66,425.8,425.8064516,70.96774194,851.6129032,0.393700394,0.902773504,0.125318728,0.287361731,0.027007167,0.324086008,0.162043004,3.240860078
R,1,3,3,D. labyrinthiformis Juvenile,Recruit,Module,NA,Medium,0.135,0.704,0.569,421.5,421.4814815,70.24691358,842.962963,0.367423461,0.839047079,0.11695452,0.26707698,0.02502041,0.30024492,0.15012246,3.002449198
R,1,3,4,D. labyrinthiformis Juvenile,Recruit,Module,NA,Medium,0.095,0.124,0.029,30.5,30.52631579,5.087719298,61.05263158,0.3082207,0.352136337,0.098109696,0.112088477,0.002329797,0.027957563,0.013978781,0.279575629
R,1,3,5,D. labyrinthiformis Juvenile,Recruit,Module,NA,Medium,0.073,0.647,0.574,786.3,786.3013699,131.0502283,1572.60274,0.270185122,0.804363102,0.086002595,0.256036727,0.028339022,0.340068264,0.170034132,3.400682643
R,1,4,1,D. labyrinthiformis Juvenile,Recruit,Module,NA,Medium,0.109,0.626,0.517,474.3,474.3119266,79.05198777,948.6238532,0.33015148,0.791201618,0.10509048,0.251847297,0.024459469,0.293513634,0.146756817,2.935136335
R,1,4,2,D. labyrinthiformis Juvenile,Recruit,Module,NA,Medium,0.079,0.166,0.087,110.1,110.1265823,18.35443038,220.2531646,0.281069386,0.407430976,0.089467164,0.129689308,0.006703691,0.080444286,0.040222143,0.804442862
R,1,4,3,D. labyrinthiformis Juvenile,Recruit,Module,NA,Medium,0.136,0.365,0.229,168.4,168.3823529,28.06372549,336.7647059,0.368781778,0.604152299,0.117386886,0.192307649,0.012486794,0.149841527,0.074920764,1.498415271
R,1,4,4,D. labyrinthiformis Juvenile,Recruit,Module,NA,Large,0.21,0.358,0.148,70.5,70.47619048,11.74603175,140.952381,0.458257569,0.598331012,0.145867915,0.190454676,0.007431127,0.089173523,0.044586762,0.891735231
R,1,4,5,D. labyrinthiformis Juvenile,Recruit,Module,NA,Small,0.012,0,-0.012,-100.0,-100,-16.66666667,-200,0.109544512,0,0.034869101,0,-0.005811517,-0.069738202,-0.034869101,-0.69738202
R,1,5,1,D. labyrinthiformis Juvenile,Recruit,Module,NA,Small,0.069,0.127,0.058,84.1,84.05797101,14.00966184,168.115942,0.262678511,0.356370594,0.083613167,0.113436283,0.004970519,0.059646232,0.029823116,0.596462325
R,1,5,2,D. labyrinthiformis Juvenile,Recruit,Module,NA,Large,0.214,0.771,0.557,260.3,260.2803738,43.38006231,520.5607477,0.46260134,0.878066057,0.14725058,0.279497107,0.022041088,0.264493053,0.132246527,2.644930532
R,1,5,3,D. labyrinthiformis Juvenile,Recruit,Module,NA,Small,0.062,0,-0.062,-100.0,-100,-16.66666667,-200,0.248997992,0,0.079258522,0,-0.013209754,-0.158517045,-0.079258522,-1.58517045
R,1,5,4,D. labyrinthiformis Juvenile,Recruit,Module,NA,Small,0.064,0,-0.064,-100.0,-100,-16.66666667,-200,0.252982213,0,0.080526739,0,-0.013421123,-0.161053479,-0.080526739,-1.610534787
R,1,5,5,D. labyrinthiformis Juvenile,Recruit,Module,NA,Small,0.036,0,-0.036,-100.0,-100,-16.66666667,-200,0.18973666,0,0.060395055,0,-0.010065842,-0.120790109,-0.060395055,-1.207901091
R,2,1,1,D. labyrinthiformis Juvenile,Recruit,Module,NA,Large,0.175,0,-0.175,-100.0,-100,-16.66666667,-200,0.418330013,0,0.133158579,0,-0.022193096,-0.266317158,-0.133158579,-2.663171578
R,2,1,2,D. labyrinthiformis Juvenile,Recruit,Module,NA,Large,0.142,0.277,0.135,95.1,95.07042254,15.84507042,190.1408451,0.376828874,0.526307895,0.119948356,0.167529006,0.007930108,0.0951613,0.04758065,0.951613004
R,2,1,3,D. labyrinthiformis Juvenile,Recruit,Module,NA,Large,0.247,0,-0.247,-100.0,-100,-16.66666667,-200,0.496990946,0,0.158197131,0,-0.026366189,-0.316394263,-0.158197131,-3.163942627
R,2,1,4,D. labyrinthiformis Juvenile,Recruit,Module,NA,Medium,0.08,0.241,0.161,201.3,201.25,33.54166667,402.5,0.282842712,0.490917508,0.090031632,0.156263896,0.011038711,0.132464529,0.066232265,1.324645292
R,2,1,5,D. labyrinthiformis Juvenile,Recruit,Module,NA,Large,0.337,0,-0.337,-100.0,-100,-16.66666667,-200,0.580517011,0,0.184784304,0,-0.030797384,-0.369568607,-0.184784304,-3.695686074
R,2,2,1,D. labyrinthiformis Juvenile,Recruit,Module,NA,Medium,0.132,0.613,0.481,364.4,364.3939394,60.73232323,728.7878788,0.363318042,0.782943165,0.115647725,0.24921855,0.022261804,0.26714165,0.133570825,2.671416501
R,2,2,2,D. labyrinthiformis Juvenile,Recruit,Module,NA,Medium,0.14,0.412,0.272,194.3,194.2857143,32.38095238,388.5714286,0.374165739,0.641872261,0.119100654,0.204314286,0.014202272,0.170427266,0.085213633,1.704272656
R,2,2,3,D. labyrinthiformis Juvenile,Recruit,Module,NA,Medium,0.122,0.538,0.416,341.0,340.9836066,56.83060109,681.9672131,0.349284984,0.733484833,0.111180863,0.233475474,0.020382435,0.24458922,0.12229461,2.445892204
R,2,2,4,D. labyrinthiformis Juvenile,Recruit,Module,NA,Medium,0.072,0.59,0.518,719.4,719.4444444,119.9074074,1438.888889,0.268328157,0.768114575,0.085411505,0.244498463,0.026514493,0.318173915,0.159086958,3.181739153
R,2,2,5,D. labyrinthiformis Juvenile,Recruit,Module,NA,Large,0.147,0.373,0.226,153.7,153.7414966,25.62358277,307.4829932,0.38340579,0.610737259,0.122041853,0.194403708,0.012060309,0.144723708,0.072361854,1.447237081
R,2,3,1,D. labyrinthiformis Juvenile,Recruit,Module,NA,Medium,0.128,0.237,0.109,85.2,85.15625,14.19270833,170.3125,0.357770876,0.486826458,0.113882007,0.154961674,0.006846611,0.082159335,0.041079667,0.821593348
R,2,3,2,D. labyrinthiformis Juvenile,Recruit,Module,NA,Medium,0.111,0,-0.111,-100.0,-100,-16.66666667,-200,0.333166625,0,0.10605023,0,-0.017675038,-0.212100461,-0.10605023,-2.12100461
R,2,3,3,D. labyrinthiformis Juvenile,Recruit,Module,NA,Large,0.196,0,-0.196,-100.0,-100,-16.66666667,-200,0.442718872,0,0.140921794,0,-0.023486966,-0.281843588,-0.140921794,-2.818435878
R,2,3,4,D. labyrinthiformis Juvenile,Recruit,Module,NA,Medium,0.136,0.426,0.29,213.2,213.2352941,35.53921569,426.4705882,0.368781778,0.652686755,0.117386886,0.207756647,0.015061627,0.180739522,0.090369761,1.807395216
R,2,3,5,D. labyrinthiformis Juvenile,Recruit,Module,NA,Medium,0.099,0,-0.099,-100.0,-100,-16.66666667,-200,0.314642654,0,0.100153868,0,-0.016692311,-0.200307735,-0.100153868,-2.003077351
R,2,4,1,D. labyrinthiformis Juvenile,Recruit,Module,NA,Medium,0.103,0,-0.103,-100.0,-100,-16.66666667,-200,0.320936131,0,0.102157143,0,-0.017026191,-0.204314286,-0.102157143,-2.043142865
R,2,4,2,D. labyrinthiformis Juvenile,Recruit,Module,NA,Large,0.168,0,-0.168,-100.0,-100,-16.66666667,-200,0.409878031,0,0.130468229,0,-0.021744705,-0.260936459,-0.130468229,-2.609364586
R,2,4,3,D. labyrinthiformis Juvenile,Recruit,Module,NA,Large,0.213,0,-0.213,-100.0,-100,-16.66666667,-200,0.46151923,0,0.146906134,0,-0.024484356,-0.293812267,-0.146906134,-2.938122674
R,2,4,4,D. labyrinthiformis Juvenile,Recruit,Module,NA,Small,0.058,0.585,0.527,908.6,908.6206897,151.4367816,1817.241379,0.240831892,0.764852927,0.076659172,0.243460248,0.027800179,0.333602152,0.166801076,3.336021523
R,2,4,5,D. labyrinthiformis Juvenile,Recruit,Module,NA,Medium,0.088,0.837,0.749,851.1,851.1363636,141.8560606,1702.272727,0.296647939,0.914877041,0.094425972,0.291214407,0.032798072,0.39357687,0.196788435,3.935768698
R,2,5,1,D. labyrinthiformis Juvenile,Recruit,Module,NA,Large,0.23,0,-0.23,-100.0,-100,-16.66666667,-200,0.479583152,0,0.152656059,0,-0.025442676,-0.305312117,-0.152656059,-3.053121173
R,2,5,2,D. labyrinthiformis Juvenile,Recruit,Module,NA,Large,0.27,0,-0.27,-100.0,-100,-16.66666667,-200,0.519615242,0,0.165398669,0,-0.027566445,-0.330797337,-0.165398669,-3.307973373
R,2,5,3,D. labyrinthiformis Juvenile,Recruit,Module,NA,Large,0.231,0,-0.231,-100.0,-100,-16.66666667,-200,0.480624594,0,0.15298756,0,-0.025497927,-0.305975119,-0.15298756,-3.059751194
R,2,5,4,D. labyrinthiformis Juvenile,Recruit,Module,NA,Medium,0.083,0,-0.083,-100.0,-100,-16.66666667,-200,0.288097206,0,0.091704189,0,-0.015284031,-0.183408378,-0.091704189,-1.834083776
R,2,5,5,D. labyrinthiformis Juvenile,Recruit,Module,NA,Small,0.053,1.134,1.081,2039.6,2039.622642,339.9371069,4079.245283,0.230217289,1.064894361,0.073280439,0.338966403,0.044280994,0.531371928,0.265685964,5.313719278
R,3,1,1,D. labyrinthiformis Juvenile,Recruit,Module,NA,Large,0.164,0,-0.164,-100.0,-100,-16.66666667,-200,0.404969135,0,0.128905679,0,-0.02148428,-0.257811358,-0.128905679,-2.578113583
R,3,1,2,D. labyrinthiformis Juvenile,Recruit,Module,NA,Large,0.359,1.197,0.838,233.4,233.4261838,38.90436397,466.8523677,0.599166087,1.094074952,0.190720489,0.348254873,0.026255731,0.315068769,0.157534384,3.150687687
R,3,1,3,D. labyrinthiformis Juvenile,Recruit,Module,NA,Large,0.227,0.549,0.322,141.9,141.8502203,23.64170338,283.7004405,0.47644517,0.740945342,0.151657208,0.235850228,0.01403217,0.168386039,0.08419302,1.683860394
R,3,1,4,D. labyrinthiformis Juvenile,Recruit,Module,NA,Large,0.177,0.907,0.73,412.4,412.4293785,68.73822976,824.8587571,0.420713679,0.952365476,0.133917323,0.303147346,0.028205004,0.338460046,0.169230023,3.384600458
R,3,1,5,D. labyrinthiformis Juvenile,Recruit,Module,NA,Large,0.168,0.362,0.194,115.5,115.4761905,19.24603175,230.952381,0.409878031,0.601664358,0.130468229,0.191515713,0.010174581,0.122094968,0.061047484,1.220949682
R,3,2,1,D. labyrinthiformis Juvenile,Recruit,Module,NA,Medium,0.08,0.434,0.354,442.5,442.5,73.75,885,0.282842712,0.658786764,0.090031632,0.20969834,0.019944451,0.239333416,0.119666708,2.393334163
R,3,2,2,D. labyrinthiformis Juvenile,Recruit,Module,NA,Large,0.311,0.133,-0.178,-57.2,-57.23472669,-9.539121115,-114.4694534,0.55767374,0.364691651,0.177513065,0.116084958,-0.010238018,-0.122856214,-0.061428107,-1.228562137
R,3,2,3,D. labyrinthiformis Juvenile,Recruit,Module,NA,Large,0.175,0.753,0.578,330.3,330.2857143,55.04761905,660.5714286,0.418330013,0.867755726,0.133158579,0.276215226,0.023842775,0.286113295,0.143056647,2.861132949
R,3,2,4,D. labyrinthiformis Juvenile,Recruit,Module,NA,Small,0.066,0.163,0.097,147.0,146.969697,24.49494949,293.9393939,0.256904652,0.403732585,0.08177529,0.128512073,0.007789464,0.093473565,0.046736783,0.934735654
R,3,2,5,D. labyrinthiformis Juvenile,Recruit,Module,NA,Large,0.169,0.467,0.298,176.3,176.3313609,29.38856016,352.6627219,0.411096096,0.683373983,0.130855951,0.217524695,0.014444791,0.173337486,0.086668743,1.733374863
R,3,3,1,D. labyrinthiformis Juvenile,Recruit,Module,NA,Large,0.167,0.883,0.716,428.7,428.742515,71.45708583,857.4850299,0.408656335,0.939680797,0.130079351,0.299109687,0.028171723,0.338060672,0.169030336,3.380606721
R,3,3,2,D. labyrinthiformis Juvenile,Recruit,Module,NA,Medium,0.11,0.069,-0.041,-37.3,-37.27272727,-6.212121212,-74.54545455,0.331662479,0.262678511,0.105571446,0.083613167,-0.003659713,-0.043916558,-0.021958279,-0.439165582
R,3,3,3,D. labyrinthiformis Juvenile,Recruit,Module,NA,Large,0.266,0.533,0.267,100.4,100.3759398,16.72932331,200.7518797,0.515751878,0.73006849,0.164168922,0.232388018,0.011369849,0.136438192,0.068219096,1.364381925
R,3,3,4,D. labyrinthiformis Juvenile,Recruit,Module,NA,Large,0.308,0.28,-0.028,-9.1,-9.090909091,-1.515151515,-18.18181818,0.554977477,0.529150262,0.176654818,0.16843376,-0.001370176,-0.016442116,-0.008221058,-0.164421156
R,3,3,5,D. labyrinthiformis Juvenile,Recruit,Module,NA,Medium,0.122,0,-0.122,-100.0,-100,-16.66666667,-200,0.349284984,0,0.111180863,0,-0.018530144,-0.222361727,-0.111180863,-2.22361727
R,3,4,1,D. labyrinthiformis Juvenile,Recruit,Module,NA,Large,0.243,0,-0.243,-100.0,-100,-16.66666667,-200,0.492950302,0,0.156910954,0,-0.026151826,-0.313821909,-0.156910954,-3.138219089
R,3,4,2,D. labyrinthiformis Juvenile,Recruit,Module,NA,Medium,0.126,0.094,-0.032,-25.4,-25.3968254,-4.232804233,-50.79365079,0.354964787,0.306594194,0.112988801,0.097591963,-0.00256614,-0.030793676,-0.015396838,-0.307936757
R,3,4,3,D. labyrinthiformis Juvenile,Recruit,Module,NA,Large,0.238,0.386,0.148,62.2,62.18487395,10.36414566,124.3697479,0.487852437,0.621288983,0.155288254,0.197762425,0.007079029,0.084948344,0.042474172,0.849483435
R,3,4,4,D. labyrinthiformis Juvenile,Recruit,Module,NA,Large,0.19,0.596,0.406,213.7,213.6842105,35.61403509,427.3684211,0.435889894,0.772010363,0.138748063,0.245738531,0.017831745,0.213980936,0.106990468,2.13980936
R,3,4,5,D. labyrinthiformis Juvenile,Recruit,Module,NA,Medium,0.113,0.791,0.678,600.0,600,100,1200,0.336154726,0.889381808,0.107001373,0.283099022,0.029349608,0.352195299,0.176097649,3.521952987
R,3,5,1,D. labyrinthiformis Juvenile,Recruit,Module,NA,Large,0.249,0.438,0.189,75.9,75.90361446,12.65060241,151.8072289,0.498998998,0.661815684,0.158836314,0.210662475,0.008637693,0.103652322,0.051826161,1.036523218
R,3,5,2,D. labyrinthiformis Juvenile,Recruit,Module,NA,Large,0.225,1.37,1.145,508.9,508.8888889,84.81481481,1017.777778,0.474341649,1.170469991,0.150987636,0.37257217,0.036930756,0.443169067,0.221584533,4.431690667
R,3,5,3,D. labyrinthiformis Juvenile,Recruit,Module,NA,Large,0.202,0.461,0.259,128.2,128.2178218,21.36963696,256.4356436,0.449444101,0.678969808,0.143062501,0.216122802,0.012176717,0.146120603,0.073060302,1.461206032
R,3,5,4,D. labyrinthiformis Juvenile,Recruit,Module,NA,Large,0.145,0.931,0.786,542.1,542.0689655,90.34482759,1084.137931,0.380788655,0.964883413,0.121208794,0.307131929,0.030987189,0.371846271,0.185923136,3.718462715
R,3,5,5,D. labyrinthiformis Juvenile,Recruit,Module,NA,Medium,0.119,0.873,0.754,633.6,633.6134454,105.6022409,1267.226891,0.344963766,0.93434469,0.109805377,0.297411152,0.031267629,0.37521155,0.187605775,3.752115496
R,4,1,1,D. labyrinthiformis Juvenile,Recruit,Module,NA,Medium,0.097,0,-0.097,-100.0,-100,-16.66666667,-200,0.31144823,0,0.099137051,0,-0.016522842,-0.198274101,-0.099137051,-1.982741013
R,4,1,2,D. labyrinthiformis Juvenile,Recruit,Module,NA,Medium,0.071,0.061,-0.01,-14.1,-14.08450704,-2.34741784,-28.16901408,0.266458252,0.246981781,0.084816296,0.078616743,-0.001033259,-0.012399107,-0.006199553,-0.123991067
R,4,1,3,D. labyrinthiformis Juvenile,Recruit,Module,NA,Small,0.063,0.221,0.158,250.8,250.7936508,41.7989418,501.5873016,0.250998008,0.470106371,0.079895147,0.149639505,0.01162406,0.139488716,0.069744358,1.394887162
R,4,1,4,D. labyrinthiformis Juvenile,Recruit,Module,NA,Large,0.168,0.337,0.169,100.6,100.5952381,16.76587302,201.1904762,0.409878031,0.580517011,0.130468229,0.184784304,0.009052679,0.108632149,0.054316074,1.086321488
R,4,1,5,D. labyrinthiformis Juvenile,Recruit,Module,NA,Small,0.045,0.118,0.073,162.2,162.2222222,27.03703704,324.4444444,0.212132034,0.343511281,0.067523724,0.109343037,0.006969885,0.083638626,0.041819313,0.836386259
R,4,2,1,D. labyrinthiformis Juvenile,Recruit,Module,NA,Small,0.056,0.415,0.359,641.1,641.0714286,106.8452381,1282.142857,0.236643191,0.644204936,0.075325867,0.2050568,0.021621822,0.259461865,0.129730933,2.594618653
R,4,2,2,D. labyrinthiformis Juvenile,Recruit,Module,NA,Small,0.048,0.477,0.429,893.8,893.75,148.9583333,1787.5,0.219089023,0.690651866,0.069738202,0.219841317,0.025017186,0.30020623,0.150103115,3.002062298
R,4,2,3,D. labyrinthiformis Juvenile,Recruit,Module,NA,Medium,0.087,0,-0.087,-100.0,-100,-16.66666667,-200,0.294957624,0,0.093887928,0,-0.015647988,-0.187775855,-0.093887928,-1.877758555
R,4,2,4,D. labyrinthiformis Juvenile,Recruit,Module,NA,Medium,0.095,0.297,0.202,212.6,212.6315789,35.43859649,425.2631579,0.3082207,0.544977064,0.098109696,0.173471587,0.012560315,0.150723782,0.075361891,1.507237823
R,4,2,5,D. labyrinthiformis Juvenile,Recruit,Module,NA,Medium,0.086,0.427,0.341,396.5,396.5116279,66.08527132,793.0232558,0.293257566,0.65345237,0.093346782,0.20800035,0.019108928,0.229307134,0.114653567,2.293071342
R,4,3,1,D. labyrinthiformis Juvenile,Recruit,Module,NA,Small,0.06,0.388,0.328,546.7,546.6666667,91.11111111,1093.333333,0.244948974,0.62289646,0.07796968,0.198274101,0.020050737,0.240608842,0.120304421,2.406088424
R,4,3,2,D. labyrinthiformis Juvenile,Recruit,Module,NA,Small,0.065,0.476,0.411,632.3,632.3076923,105.3846154,1264.615385,0.254950976,0.689927532,0.081153416,0.219610754,0.023076223,0.276914677,0.138457338,2.769146765
R,4,3,3,D. labyrinthiformis Juvenile,Recruit,Module,NA,Small,0.036,0.147,0.111,308.3,308.3333333,51.38888889,616.6666667,0.18973666,0.38340579,0.060395055,0.122041853,0.010274466,0.123293598,0.061646799,1.232935979
R,4,3,4,D. labyrinthiformis Juvenile,Recruit,Module,NA,Medium,0.138,0.832,0.694,502.9,502.8985507,83.81642512,1005.797101,0.371483512,0.91214034,0.118246875,0.290343288,0.028682736,0.344192827,0.172096413,3.441928266
R,4,3,5,D. labyrinthiformis Juvenile,Recruit,Module,NA,Large,0.16,0.252,0.092,57.5,57.5,9.583333333,115,0.4,0.501996016,0.127323954,0.159790295,0.005411057,0.06493268,0.03246634,0.649326804
R,4,4,1,D. labyrinthiformis Juvenile,Recruit,Module,NA,Medium,0.073,0.754,0.681,932.9,932.8767123,155.4794521,1865.753425,0.270185122,0.868331734,0.086002595,0.276398575,0.031732663,0.38079196,0.19039598,3.807919601
R,4,4,2,D. labyrinthiformis Juvenile,Recruit,Module,NA,Medium,0.115,0.983,0.868,754.8,754.7826087,125.7971014,1509.565217,0.339116499,0.991463565,0.107944134,0.315592654,0.034608087,0.41529704,0.20764852,4.152970403
R,4,4,3,D. labyrinthiformis Juvenile,Recruit,Module,NA,Small,0.045,0,-0.045,-100.0,-100,-16.66666667,-200,0.212132034,0,0.067523724,0,-0.011253954,-0.135047447,-0.067523724,-1.350474474
R,4,4,4,D. labyrinthiformis Juvenile,Recruit,Module,NA,Large,0.153,0.675,0.522,341.2,341.1764706,56.8627451,682.3529412,0.391152144,0.821583836,0.124507595,0.261518257,0.02283511,0.274021326,0.137010663,2.740213257
R,4,4,5,D. labyrinthiformis Juvenile,Recruit,Module,NA,Medium,0.13,0.225,0.095,73.1,73.07692308,12.17948718,146.1538462,0.360555128,0.474341649,0.114768262,0.150987636,0.006036562,0.072438749,0.036219375,0.724387494
R,4,5,1,D. labyrinthiformis Juvenile,Recruit,Module,NA,Small,0.066,0.426,0.36,545.5,545.4545455,90.90909091,1090.909091,0.256904652,0.652686755,0.08177529,0.207756647,0.020996893,0.251962713,0.125981356,2.519627125
R,4,5,2,D. labyrinthiformis Juvenile,Recruit,Module,NA,Medium,0.109,0,-0.109,-100.0,-100,-16.66666667,-200,0.33015148,0,0.10509048,0,-0.01751508,-0.21018096,-0.10509048,-2.101809603
R,4,5,3,D. labyrinthiformis Juvenile,Recruit,Module,NA,Small,0.052,0.28,0.228,438.5,438.4615385,73.07692308,876.9230769,0.228035085,0.529150262,0.072585822,0.16843376,0.015974656,0.191695876,0.095847938,1.916958756
R,4,5,4,D. labyrinthiformis Juvenile,Recruit,Module,NA,Small,0.025,0,-0.025,-100.0,-100,-16.66666667,-200,0.158113883,0,0.050329212,0,-0.008388202,-0.100658424,-0.050329212,-1.006584242
R,4,5,5,D. labyrinthiformis Juvenile,Recruit,Module,NA,Medium,0.101,0.501,0.4,396.0,396.039604,66.00660066,792.0792079,0.317804972,0.707813535,0.101160464,0.225304046,0.020690597,0.248287163,0.124143581,2.482871627
R,5,1,1,D. labyrinthiformis Juvenile,Recruit,Module,NA,Large,0.155,0.551,0.396,255.5,255.483871,42.58064516,510.9677419,0.393700394,0.742293742,0.125318728,0.236279437,0.018493452,0.221921418,0.110960709,2.219214183
R,5,1,2,D. labyrinthiformis Juvenile,Recruit,Module,NA,Large,0.327,1.092,0.765,233.9,233.9449541,38.99082569,467.8899083,0.571839138,1.044988038,0.182022051,0.332630024,0.025101329,0.301215945,0.150607973,3.01215945
R,5,1,3,D. labyrinthiformis Juvenile,Recruit,Module,NA,Medium,0.135,0.15,0.015,11.1,11.11111111,1.851851852,22.22222222,0.367423461,0.387298335,0.11695452,0.123280889,0.001054395,0.012652737,0.006326369,0.126527373
R,5,1,4,D. labyrinthiformis Juvenile,Recruit,Module,NA,Medium,0.14,0.511,0.371,265.0,265,44.16666667,530,0.374165739,0.71484264,0.119100654,0.227541479,0.018073471,0.216881651,0.108440826,2.168816514
R,5,1,5,D. labyrinthiformis Juvenile,Recruit,Module,NA,Medium,0.111,0,-0.111,-100.0,-100,-16.66666667,-200,0.333166625,0,0.10605023,0,-0.017675038,-0.212100461,-0.10605023,-2.12100461
R,5,2,1,D. labyrinthiformis Juvenile,Recruit,Module,NA,Large,0.252,0.765,0.513,203.6,203.5714286,33.92857143,407.1428571,0.501996016,0.874642784,0.159790295,0.278407445,0.019769525,0.237234301,0.11861715,2.372343008
R,5,2,2,D. labyrinthiformis Juvenile,Recruit,Module,NA,Large,0.174,0.276,0.102,58.6,58.62068966,9.770114943,117.2413793,0.417133072,0.525357021,0.132777581,0.167226334,0.005741459,0.068897506,0.034448753,0.688975059
R,5,2,3,D. labyrinthiformis Juvenile,Recruit,Module,NA,Large,0.187,0.963,0.776,415.0,414.973262,69.16221034,829.9465241,0.432434966,0.981325634,0.137648325,0.312365651,0.029119554,0.349434652,0.174717326,3.49434652
R,5,2,4,D. labyrinthiformis Juvenile,Recruit,Module,NA,Medium,0.087,0,-0.087,-100.0,-100,-16.66666667,-200,0.294957624,0,0.093887928,0,-0.015647988,-0.187775855,-0.093887928,-1.877758555
R,5,2,5,D. labyrinthiformis Juvenile,Recruit,Module,NA,Medium,0.078,0.581,0.503,644.9,644.8717949,107.4786325,1289.74359,0.279284801,0.76223356,0.088899113,0.242626478,0.025621227,0.307454729,0.153727365,3.074547291
R,5,3,1,D. labyrinthiformis Juvenile,Recruit,Module,NA,Medium,0.088,0,-0.088,-100.0,-100,-16.66666667,-200,0.296647939,0,0.094425972,0,-0.015737662,-0.188851944,-0.094425972,-1.888519437
R,5,3,2,D. labyrinthiformis Juvenile,Recruit,Module,NA,Large,0.247,1.168,0.921,372.9,372.8744939,62.14574899,745.7489879,0.496990946,1.080740487,0.158197131,0.344010381,0.030968875,0.3716265,0.18581325,3.716265001
R,5,3,3,D. labyrinthiformis Juvenile,Recruit,Module,NA,Medium,0.097,0.385,0.288,296.9,296.9072165,49.48453608,593.814433,0.31144823,0.620483682,0.099137051,0.19750609,0.01639484,0.196738079,0.09836904,1.967380793
R,5,3,4,D. labyrinthiformis Juvenile,Recruit,Module,NA,Large,0.173,0,-0.173,-100.0,-100,-16.66666667,-200,0.415932687,0,0.132395486,0,-0.022065914,-0.264790972,-0.132395486,-2.647909724
R,5,3,5,D. labyrinthiformis Juvenile,Recruit,Module,NA,Medium,0.108,0,-0.108,-100.0,-100,-16.66666667,-200,0.328633535,0,0.104607303,0,-0.01743455,-0.209214606,-0.104607303,-2.092146059
R,5,4,1,D. labyrinthiformis Juvenile,Recruit,Module,NA,Large,0.18,0.017,-0.163,-90.6,-90.55555556,-15.09259259,-181.1111111,0.424264069,0.130384048,0.135047447,0.041502532,-0.015590819,-0.187089832,-0.093544916,-1.870898318
R,5,4,2,D. labyrinthiformis Juvenile,Recruit,Module,NA,Large,0.21,0.608,0.398,189.5,189.5238095,31.58730159,379.047619,0.458257569,0.779743548,0.145867915,0.24820008,0.017055361,0.20466433,0.102332165,2.046643302
R,5,4,3,D. labyrinthiformis Juvenile,Recruit,Module,NA,Medium,0.121,0.531,0.41,338.8,338.8429752,56.4738292,677.6859504,0.347850543,0.728697468,0.110724267,0.231951608,0.020204557,0.242454683,0.121227342,2.42454683
R,5,4,4,D. labyrinthiformis Juvenile,Recruit,Module,NA,Large,0.283,0.83,0.547,193.3,193.2862191,32.21436985,386.5724382,0.531977443,0.911043358,0.169333679,0.289994108,0.020110071,0.241320856,0.120660428,2.413208564
R,5,4,5,D. labyrinthiformis Juvenile,Recruit,Module,NA,Large,0.265,0.647,0.382,144.2,144.1509434,24.02515723,288.3018868,0.514781507,0.804363102,0.163860043,0.256036727,0.015362781,0.184353369,0.092176685,1.843533691
R,5,5,1,D. labyrinthiformis Juvenile,Recruit,Module,NA,Large,0.42,1.324,0.904,215.2,215.2380952,35.87301587,430.4761905,0.64807407,1.150651989,0.206288383,0.366263904,0.026662587,0.319951041,0.15997552,3.199510406
R,5,5,2,D. labyrinthiformis Juvenile,Recruit,Module,NA,Medium,0.124,0.808,0.684,551.6,551.6129032,91.93548387,1103.225806,0.352136337,0.898888202,0.112088477,0.286125001,0.029006087,0.348073048,0.174036524,3.480730478
R,5,5,3,D. labyrinthiformis Juvenile,Recruit,Module,NA,Large,0.188,0.804,0.616,327.7,327.6595745,54.60992908,655.3191489,0.433589668,0.896660471,0.138015878,0.285415892,0.024566669,0.294800029,0.147400015,2.948000292
R,5,5,4,D. labyrinthiformis Juvenile,Recruit,Module,NA,Large,0.232,0.08,-0.152,-65.5,-65.51724138,-10.91954023,-131.0344828,0.481663783,0.282842712,0.153318344,0.090031632,-0.010547785,-0.126573425,-0.063286712,-1.265734248
R,5,5,5,D. labyrinthiformis Juvenile,Recruit,Module,NA,Large,0.157,0.888,0.731,465.6,465.6050955,77.60084926,931.2101911,0.396232255,0.942337519,0.126124644,0.299955348,0.028971784,0.347661409,0.173830704,3.476614089
R,6,1,1,D. labyrinthiformis Juvenile,Recruit,Module,NA,Large,0.143,0.833,0.69,482.5,482.5174825,80.41958042,965.034965,0.378153408,0.912688337,0.120369968,0.290517721,0.028357959,0.340295505,0.170147752,3.402955046
R,6,1,2,D. labyrinthiformis Juvenile,Recruit,Module,NA,Small,0.055,0.502,0.447,812.7,812.7272727,135.4545455,1625.454545,0.234520788,0.708519583,0.074650285,0.225528788,0.025146417,0.301757005,0.150878503,3.017570052
R,6,1,3,D. labyrinthiformis Juvenile,Recruit,Module,NA,Small,0.042,0.046,0.004,9.5,9.523809524,1.587301587,19.04761905,0.204939015,0.214476106,0.065234115,0.068269865,0.000505958,0.0060715,0.00303575,0.060715004
R,6,1,4,D. labyrinthiformis Juvenile,Recruit,Module,NA,Small,0.033,0,-0.033,-100.0,-100,-16.66666667,-200,0.181659021,0,0.057823862,0,-0.00963731,-0.115647725,-0.057823862,-1.156477248
R,6,1,5,D. labyrinthiformis Juvenile,Recruit,Module,NA,Medium,0.088,0,-0.088,-100.0,-100,-16.66666667,-200,0.296647939,0,0.094425972,0,-0.015737662,-0.188851944,-0.094425972,-1.888519437
R,6,2,1,D. labyrinthiformis Juvenile,Recruit,Module,NA,Small,0.039,0,-0.039,-100.0,-100,-16.66666667,-200,0.197484177,0,0.062861166,0,-0.010476861,-0.125722332,-0.062861166,-1.257223315
R,6,2,2,D. labyrinthiformis Juvenile,Recruit,Module,NA,Medium,0.109,0.566,0.457,419.3,419.266055,69.87767584,838.5321101,0.33015148,0.752329715,0.10509048,0.239473986,0.022397251,0.268767012,0.134383506,2.687670116
R,6,2,3,D. labyrinthiformis Juvenile,Recruit,Module,NA,Large,0.184,0.969,0.785,426.6,426.6304348,71.10507246,853.2608696,0.428952212,0.984377976,0.13653973,0.313337242,0.029466252,0.353595024,0.176797512,3.535950237
R,6,2,4,D. labyrinthiformis Juvenile,Recruit,Module,NA,Large,0.03,0.142,0.112,373.3,373.3333333,62.22222222,746.6666667,0.173205081,0.376828874,0.05513289,0.119948356,0.010802578,0.129630933,0.064815466,1.296309327
R,6,2,5,D. labyrinthiformis Juvenile,Recruit,Module,NA,Large,0.062,0.252,0.19,306.5,306.4516129,51.07526882,612.9032258,0.248997992,0.501996016,0.079258522,0.159790295,0.013421962,0.161063544,0.080531772,1.610635444
R,6,3,1,D. labyrinthiformis Juvenile,Recruit,Module,NA,Large,0.054,0.454,0.4,740.7,740.7407407,123.4567901,1481.481481,0.232379001,0.673795221,0.073968533,0.21447568,0.023417858,0.281014294,0.140507147,2.810142937
R,6,3,2,D. labyrinthiformis Juvenile,Recruit,Module,NA,Medium,0.076,0.459,0.383,503.9,503.9473684,83.99122807,1007.894737,0.275680975,0.677495387,0.08775198,0.21565348,0.021316917,0.255803,0.1279015,2.558029998
R,6,3,3,D. labyrinthiformis Juvenile,Recruit,Module,NA,Medium,0.084,0,-0.084,-100.0,-100,-16.66666667,-200,0.289827535,0,0.09225497,0,-0.015375828,-0.184509939,-0.09225497,-1.845099393
R,6,3,4,D. labyrinthiformis Juvenile,Recruit,Module,NA,Large,0.011,0,-0.011,-100.0,-100,-16.66666667,-200,0.104880885,0,0.033384623,0,-0.005564104,-0.066769245,-0.033384623,-0.66769245
R,6,3,5,D. labyrinthiformis Juvenile,Recruit,Module,NA,Large,0.046,0.641,0.595,1293.5,1293.478261,215.5797101,2586.956522,0.214476106,0.800624756,0.068269865,0.254846775,0.031096152,0.37315382,0.18657691,3.731538202
R,6,4,1,D. labyrinthiformis Juvenile,Recruit,Module,NA,Medium,0.121,0,-0.121,-100.0,-100,-16.66666667,-200,0.347850543,0,0.110724267,0,-0.018454044,-0.221448533,-0.110724267,-2.214485333
R,6,4,2,D. labyrinthiformis Juvenile,Recruit,Module,NA,Large,0.195,0.818,0.623,319.5,319.4871795,53.24786325,638.974359,0.441588043,0.904433524,0.14056184,0.287890132,0.024554715,0.294656585,0.147328292,2.946565848
R,6,4,3,D. labyrinthiformis Juvenile,Recruit,Module,NA,Small,0.036,0.15,0.114,316.7,316.6666667,52.77777778,633.3333333,0.18973666,0.387298335,0.060395055,0.123280889,0.010480972,0.125771669,0.062885834,1.257716686
R,6,4,4,D. labyrinthiformis Juvenile,Recruit,Module,NA,Small,0.054,0.045,-0.009,-16.7,-16.66666667,-2.777777778,-33.33333333,0.232379001,0.212132034,0.073968533,0.067523724,-0.001074135,-0.012889619,-0.00644481,-0.128896192
R,6,4,5,D. labyrinthiformis Juvenile,Recruit,Module,NA,Medium,0.08,0.112,0.032,40.0,40,6.666666667,80,0.282842712,0.334664011,0.090031632,0.106526863,0.002749205,0.032990463,0.016495232,0.32990463
R,6,5,1,D. labyrinthiformis Juvenile,Recruit,Module,NA,Small,0.051,0.176,0.125,245.1,245.0980392,40.8496732,490.1960784,0.225831796,0.419523539,0.071884493,0.13353849,0.010275666,0.123307994,0.061653997,1.233079936
R,6,5,2,D. labyrinthiformis Juvenile,Recruit,Module,NA,Large,0.202,0,-0.202,-100.0,-100,-16.66666667,-200,0.449444101,0,0.143062501,0,-0.02384375,-0.286125001,-0.143062501,-2.861250013
R,6,5,3,D. labyrinthiformis Juvenile,Recruit,Module,NA,Small,0.036,0.036,0,0.0,0,0,0,0.18973666,0.18973666,0.060395055,0.060395055,0,0,0,0
R,6,5,4,D. labyrinthiformis Juvenile,Recruit,Module,NA,Medium,0.072,0,-0.072,-100.0,-100,-16.66666667,-200,0.268328157,0,0.085411505,0,-0.014235251,-0.17082301,-0.085411505,-1.708230104
R,6,5,5,D. labyrinthiformis Juvenile,Recruit,Module,NA,Small,0.028,0,-0.028,-100.0,-100,-16.66666667,-200,0.167332005,0,0.053263432,0,-0.008877239,-0.106526863,-0.053263432,-1.065268631
Morg Treeman,A,1,1,D. labyrinthiformis Juvenile,Recruit,Tree,NA,Medium,0.083,0.565,0.482,580.7,580.7228916,96.78714859,1161.445783,0.288097206,0.751664819,0.091704189,0.239262343,0.024593026,0.295116308,0.147558154,2.951163083
Morg Treeman,A,1,2,D. labyrinthiformis Juvenile,Recruit,Tree,NA,Medium,0.105,0,-0.105,-100.0,-100,-16.66666667,-200,0.324037035,0,0.103144192,0,-0.017190699,-0.206288383,-0.103144192,-2.062883834
Morg Treeman,A,1,3,D. labyrinthiformis Juvenile,Recruit,Tree,NA,Small,0.056,0.309,0.253,451.8,451.7857143,75.29761905,903.5714286,0.236643191,0.555877684,0.075325867,0.176941362,0.016935916,0.20323099,0.101615495,2.032309903
Morg Treeman,A,1,4,D. labyrinthiformis Juvenile,Recruit,Tree,NA,Medium,0.094,0.48,0.386,410.6,410.6382979,68.43971631,821.2765957,0.306594194,0.692820323,0.097591963,0.220531558,0.020489933,0.24587919,0.122939595,2.458791901
Morg Treeman,A,1,5,D. labyrinthiformis Juvenile,Recruit,Tree,NA,Small,0.045,0,-0.045,-100.0,-100,-16.66666667,-200,0.212132034,0,0.067523724,0,-0.011253954,-0.135047447,-0.067523724,-1.350474474
Morg Treeman,A,1,6,D. labyrinthiformis Juvenile,Recruit,Tree,NA,Medium,0.095,0,-0.095,-100.0,-100,-16.66666667,-200,0.3082207,0,0.098109696,0,-0.016351616,-0.196219392,-0.098109696,-1.96219392
Morg Treeman,A,1,7,D. labyrinthiformis Juvenile,Recruit,Tree,NA,Medium,0.081,0,-0.081,-100.0,-100,-16.66666667,-200,0.284604989,0,0.090592582,0,-0.015098764,-0.181185164,-0.090592582,-1.811851636
Morg Treeman,A,1,8,D. labyrinthiformis Juvenile,Recruit,Tree,NA,Small,0.023,0.315,0.292,1269.6,1269.565217,211.5942029,2539.130435,0.151657509,0.561248608,0.048274084,0.178650981,0.021729483,0.260753792,0.130376896,2.607537923
Morg Treeman,A,1,9,D. labyrinthiformis Juvenile,Recruit,Tree,NA,Medium,0.107,0,-0.107,-100.0,-100,-16.66666667,-200,0.327108545,0,0.104121884,0,-0.017353647,-0.208243767,-0.104121884,-2.082437673
Morg Treeman,B,1,14,D. labyrinthiformis Juvenile,Recruit,Tree,NA,Small,0.018,0.292,0.274,1522.2,1522.222222,253.7037037,3044.444444,0.134164079,0.540370243,0.042705753,0.172005191,0.021549906,0.258598876,0.129299438,2.585988762
Morg Treeman,B,1,15,D. labyrinthiformis Juvenile,Recruit,Tree,NA,Medium,0.12,1.369,1.249,1040.8,1040.833333,173.4722222,2081.666667,0.346410162,1.170042734,0.110265779,0.37243617,0.043695065,0.524340781,0.26217039,5.24340781
Morg Treeman,B,1,16,D. labyrinthiformis Juvenile,Recruit,Tree,NA,Small,0.027,0,-0.027,-100.0,-100,-16.66666667,-200,0.164316767,0,0.052303651,0,-0.008717275,-0.104607303,-0.052303651,-1.04607303
Morg Treeman,B,1,17,D. labyrinthiformis Juvenile,Recruit,Tree,NA,Small,0.06,0,-0.06,-100.0,-100,-16.66666667,-200,0.244948974,0,0.07796968,0,-0.012994947,-0.15593936,-0.07796968,-1.559393602
Morg Treeman,B,1,18,D. labyrinthiformis Juvenile,Recruit,Tree,NA,Small,0.014,0,-0.014,-100.0,-100,-16.66666667,-200,0.118321596,0,0.037662934,0,-0.006277156,-0.075325867,-0.037662934,-0.753258673
Morg Treeman,B,1,19,D. labyrinthiformis Juvenile,Recruit,Tree,NA,Small,0.046,0,-0.046,-100.0,-100,-16.66666667,-200,0.214476106,0,0.068269865,0,-0.011378311,-0.13653973,-0.068269865,-1.365397297
Morg Treeman,B,1,20,D. labyrinthiformis Juvenile,Recruit,Tree,NA,Small,0.025,0,-0.025,-100.0,-100,-16.66666667,-200,0.158113883,0,0.050329212,0,-0.008388202,-0.100658424,-0.050329212,-1.006584242
Morg Treeman,B,1,21,D. labyrinthiformis Juvenile,Recruit,Tree,NA,Small,0.046,0.692,0.646,1404.3,1404.347826,234.057971,2808.695652,0.214476106,0.831865374,0.068269865,0.264790972,0.032753518,0.393042215,0.196521108,3.930422151
Morg Treeman,B,1,22,D. labyrinthiformis Juvenile,Recruit,Tree,NA,Medium,0.117,0,-0.117,-100.0,-100,-16.66666667,-200,0.342052628,0,0.108878733,0,-0.018146455,-0.217757466,-0.108878733,-2.177574659
Morg Treeman,B,1,23,D. labyrinthiformis Juvenile,Recruit,Tree,NA,Small,0.068,0,-0.068,-100.0,-100,-16.66666667,-200,0.260768096,0,0.083005063,0,-0.013834177,-0.166010126,-0.083005063,-1.66010126
Morg Treeman,B,1,24,D. labyrinthiformis Juvenile,Recruit,Tree,NA,Small,0.041,0,-0.041,-100.0,-100,-16.66666667,-200,0.202484567,0,0.06445284,0,-0.01074214,-0.128905679,-0.06445284,-1.289056792
Morg Treeman,A,3,2,D. labyrinthiformis Juvenile,Recruit,Tree,NA,Large,0.17,0,-0.17,-100.0,-100,-16.66666667,-200,0.412310563,0,0.131242528,0,-0.021873755,-0.262485056,-0.131242528,-2.624850565
Morg Treeman,A,3,5,D. labyrinthiformis Juvenile,Recruit,Tree,NA,Small,0.015,0.336,0.321,2140.0,2140,356.6666667,4280,0.122474487,0.57965507,0.03898484,0.184509939,0.024254183,0.291050198,0.145525099,2.910501985
Morg Treeman,A,3,6,D. labyrinthiformis Juvenile,Recruit,Tree,NA,Large,0.152,0.9,0.748,492.1,492.1052632,82.01754386,984.2105263,0.389871774,0.948683298,0.12410004,0.301975273,0.029645872,0.355750465,0.177875233,3.557504654
Morg Treeman,A,3,7,D. labyrinthiformis Juvenile,Recruit,Tree,NA,Medium,0.119,0.69,0.571,479.8,479.8319328,79.9719888,959.6638655,0.344963766,0.830662386,0.109805377,0.26440805,0.025767112,0.309205345,0.154602672,3.09205345
Morg Treeman,A,3,8,D. labyrinthiformis Juvenile,Recruit,Tree,NA,Small,0.038,0.317,0.279,734.2,734.2105263,122.3684211,1468.421053,0.194935887,0.56302753,0.06205002,0.179217229,0.019527868,0.234334418,0.117167209,2.343344183
Morg Treeman,A,3,9,D. labyrinthiformis Juvenile,Recruit,Tree,NA,Medium,0.073,0,-0.073,-100.0,-100,-16.66666667,-200,0.270185122,0,0.086002595,0,-0.014333766,-0.172005191,-0.086002595,-1.720051907
Morg Treeman,A,3,11,D. labyrinthiformis Juvenile,Recruit,Tree,NA,Medium,0.077,0.72,0.643,835.1,835.0649351,139.1774892,1670.12987,0.277488739,0.848528137,0.088327409,0.270094895,0.030294581,0.363534972,0.181767486,3.635349721
Morg Treeman,B,3,16,D. labyrinthiformis Juvenile,Recruit,Tree,NA,Small,0.062,0,-0.062,-100.0,-100,-16.66666667,-200,0.248997992,0,0.079258522,0,-0.013209754,-0.158517045,-0.079258522,-1.58517045
Morg Treeman,B,3,18,D. labyrinthiformis Juvenile,Recruit,Tree,NA,Small,0.041,0.149,0.108,263.4,263.4146341,43.90243902,526.8292683,0.202484567,0.386005181,0.06445284,0.122869265,0.009736071,0.116832852,0.058416426,1.168328515
Morg Treeman,B,3,20,D. labyrinthiformis Juvenile,Recruit,Tree,NA,Medium,0.099,0.849,0.75,757.6,757.5757576,126.2626263,1515.151515,0.314642654,0.92141196,0.100153868,0.293294536,0.032190111,0.386281337,0.193140669,3.862813372
Morg Treeman,B,3,22,D. labyrinthiformis Juvenile,Recruit,Tree,NA,Small,0.034,0,-0.034,-100.0,-100,-16.66666667,-200,0.184390889,0,0.058693443,0,-0.00978224,-0.117386886,-0.058693443,-1.173868859
Morg Treeman,B,3,23,D. labyrinthiformis Juvenile,Recruit,Tree,NA,Small,0.026,0,-0.026,-100.0,-100,-16.66666667,-200,0.161245155,0,0.051325927,0,-0.008554321,-0.102651854,-0.051325927,-1.026518538
Morg Treeman,B,3,24,D. labyrinthiformis Juvenile,Recruit,Tree,NA,Medium,0.083,0,-0.083,-100.0,-100,-16.66666667,-200,0.288097206,0,0.091704189,0,-0.015284031,-0.183408378,-0.091704189,-1.834083776
Morg Treeman,A,8,1,D. labyrinthiformis Juvenile,Recruit,Tree,NA,Large,0.587,0.27,-0.317,-54.0,-54.00340716,-9.000567859,-108.0068143,0.766159252,0.519615242,0.243876064,0.165398669,-0.013079566,-0.156954792,-0.078477396,-1.569547916
Morg Treeman,A,8,2,D. labyrinthiformis Juvenile,Recruit,Tree,NA,Small,0.053,0.138,0.085,160.4,160.3773585,26.72955975,320.754717,0.230217289,0.371483512,0.073280439,0.118246875,0.007494406,0.089932871,0.044966436,0.899328712
Morg Treeman,A,8,3,D. labyrinthiformis Juvenile,Recruit,Tree,NA,Medium,0.113,0.929,0.816,722.1,722.1238938,120.3539823,1444.247788,0.336154726,0.963846461,0.107001373,0.306801857,0.033300081,0.399600969,0.199800485,3.996009691
Morg Treeman,A,8,7,D. labyrinthiformis Juvenile,Recruit,Tree,NA,Medium,0.133,0,-0.133,-100.0,-100,-16.66666667,-200,0.364691651,0,0.116084958,0,-0.019347493,-0.232169916,-0.116084958,-2.321699156
Morg Treeman,B,8,14,D. labyrinthiformis Juvenile,Recruit,Tree,NA,Medium,0.092,0,-0.092,-100.0,-100,-16.66666667,-200,0.303315018,0,0.096548169,0,-0.016091361,-0.193096338,-0.096548169,-1.930963376
Morg Treeman,B,8,16,D. labyrinthiformis Juvenile,Recruit,Tree,NA,Large,0.236,0,-0.236,-100.0,-100,-16.66666667,-200,0.485798312,0,0.154634405,0,-0.025772401,-0.309268811,-0.154634405,-3.092688108
Morg Treeman,B,8,17,D. labyrinthiformis Juvenile,Recruit,Tree,NA,Medium,0.111,0,-0.111,-100.0,-100,-16.66666667,-200,0.333166625,0,0.10605023,0,-0.017675038,-0.212100461,-0.10605023,-2.12100461
Morg Treeman,B,8,18,D. labyrinthiformis Juvenile,Recruit,Tree,NA,Large,0.458,0,-0.458,-100.0,-100,-16.66666667,-200,0.676756973,0,0.215418435,0,-0.035903072,-0.43083687,-0.215418435,-4.308368699
Morg Treeman,B,8,21,D. labyrinthiformis Juvenile,Recruit,Tree,NA,Medium,0.133,0,-0.133,-100.0,-100,-16.66666667,-200,0.364691651,0,0.116084958,0,-0.019347493,-0.232169916,-0.116084958,-2.321699156
Morg Treeman,B,8,22,D. labyrinthiformis Juvenile,Recruit,Tree,NA,Small,0.063,0.219,0.156,247.6,247.6190476,41.26984127,495.2380952,0.250998008,0.467974358,0.079895147,0.148960865,0.011510953,0.138131435,0.069065717,1.381314347
Morg Treeman,B,8,23,D. labyrinthiformis Juvenile,Recruit,Tree,NA,Large,0.385,1.797,1.412,366.8,366.7532468,61.12554113,733.5064935,0.620483682,1.340522286,0.19750609,0.426701496,0.038199234,0.458390812,0.229195406,4.583908122
Morg Treeman,B,8,24,D. labyrinthiformis Juvenile,Recruit,Tree,NA,Large,0.19,0,-0.19,-100.0,-100,-16.66666667,-200,0.435889894,0,0.138748063,0,-0.023124677,-0.277496125,-0.138748063,-2.774961253
Morg Treeman,A,9,4,D. labyrinthiformis Juvenile,Recruit,Tree,NA,Medium,0.14,1.736,1.596,1140.0,1140,190,2280,0.374165739,1.317573527,0.119100654,0.41939668,0.050049338,0.600592052,0.300296026,6.005920517
Morg Treeman,A,9,9,D. labyrinthiformis Juvenile,Recruit,Tree,NA,Small,0.05,0,-0.05,-100.0,-100,-16.66666667,-200,0.223606798,0,0.071176254,0,-0.011862709,-0.142352509,-0.071176254,-1.423525087
Morg Treeman,B,9,15,D. labyrinthiformis Juvenile,Recruit,Tree,NA,Small,0.061,0,-0.061,-100.0,-100,-16.66666667,-200,0.246981781,0,0.078616743,0,-0.01310279,-0.157233485,-0.078616743,-1.57233485
Morg Treeman,B,9,16,D. labyrinthiformis Juvenile,Recruit,Tree,NA,Large,0.307,0,-0.307,-100.0,-100,-16.66666667,-200,0.554075807,0,0.176367807,0,-0.029394635,-0.352735614,-0.176367807,-3.527356142
Morg Treeman,B,9,17,D. labyrinthiformis Juvenile,Recruit,Tree,NA,Small,0.06,0,-0.06,-100.0,-100,-16.66666667,-200,0.244948974,0,0.07796968,0,-0.012994947,-0.15593936,-0.07796968,-1.559393602
Morg Treeman,B,9,18,D. labyrinthiformis Juvenile,Recruit,Tree,NA,Large,0.951,2.422,1.471,154.7,154.679285,25.77988083,309.3585699,0.975192289,1.55627761,0.310413346,0.495378549,0.030827534,0.369930405,0.184965203,3.699304051
Morg Treeman,B,9,20,D. labyrinthiformis Juvenile,Recruit,Tree,NA,Medium,0.114,0,-0.114,-100.0,-100,-16.66666667,-200,0.33763886,0,0.107473787,0,-0.017912298,-0.214947574,-0.107473787,-2.149475744
Morg Treeman,B,9,21,D. labyrinthiformis Juvenile,Recruit,Tree,NA,Medium,0.087,0,-0.087,-100.0,-100,-16.66666667,-200,0.294957624,0,0.093887928,0,-0.015647988,-0.187775855,-0.093887928,-1.877758555
Morg Treeman,B,9,22,D. labyrinthiformis Juvenile,Recruit,Tree,NA,Small,0.059,0,-0.059,-100.0,-100,-16.66666667,-200,0.242899156,0,0.077317203,0,-0.0128862,-0.154634405,-0.077317203,-1.546344054
Morg Treeman,B,9,23,D. labyrinthiformis Juvenile,Recruit,Tree,NA,Medium,0.125,0,-0.125,-100.0,-100,-16.66666667,-200,0.353553391,0,0.11253954,0,-0.01875659,-0.225079079,-0.11253954,-2.25079079
Tree Rex,A,1,2,D. labyrinthiformis Juvenile,Recruit,Tree,NA,Small,0.067,0.095,0.028,41.8,41.79104478,6.965174129,83.58208955,0.258843582,0.3082207,0.082392471,0.098109696,0.002619537,0.03143445,0.015717225,0.314344496
Tree Rex,A,1,4,D. labyrinthiformis Juvenile,Recruit,Tree,NA,Small,0.054,0.147,0.093,172.2,172.2222222,28.7037037,344.4444444,0.232379001,0.38340579,0.073968533,0.122041853,0.00801222,0.09614664,0.04807332,0.961466403
Tree Rex,A,1,5,D. labyrinthiformis Juvenile,Recruit,Tree,NA,Small,0.044,0,-0.044,-100.0,-100,-16.66666667,-200,0.20976177,0,0.066769245,0,-0.011128208,-0.13353849,-0.066769245,-1.3353849
Tree Rex,A,1,7,D. labyrinthiformis Juvenile,Recruit,Tree,NA,Medium,0.081,0,-0.081,-100.0,-100,-16.66666667,-200,0.284604989,0,0.090592582,0,-0.015098764,-0.181185164,-0.090592582,-1.811851636
Tree Rex,A,1,8,D. labyrinthiformis Juvenile,Recruit,Tree,NA,Small,0.067,0,-0.067,-100.0,-100,-16.66666667,-200,0.258843582,0,0.082392471,0,-0.013732079,-0.164784942,-0.082392471,-1.647849423
Tree Rex,A,1,10,D. labyrinthiformis Juvenile,Recruit,Tree,NA,Small,0.01,0,-0.01,-100.0,-100,-16.66666667,-200,0.1,0,0.031830989,0,-0.005305165,-0.063661977,-0.031830989,-0.636619772
Tree Rex,A,1,11,D. labyrinthiformis Juvenile,Recruit,Tree,NA,Small,0.032,0,-0.032,-100.0,-100,-16.66666667,-200,0.178885438,0,0.056941003,0,-0.009490167,-0.113882007,-0.056941003,-1.138820069
Tree Rex,B,1,15,D. labyrinthiformis Juvenile,Recruit,Tree,NA,Small,0.034,0,-0.034,-100.0,-100,-16.66666667,-200,0.184390889,0,0.058693443,0,-0.00978224,-0.117386886,-0.058693443,-1.173868859
Tree Rex,B,1,16,D. labyrinthiformis Juvenile,Recruit,Tree,NA,Small,0.016,0,-0.016,-100.0,-100,-16.66666667,-200,0.126491106,0,0.04026337,0,-0.006710562,-0.080526739,-0.04026337,-0.805267394
Tree Rex,B,1,17,D. labyrinthiformis Juvenile,Recruit,Tree,NA,Small,0.056,0,-0.056,-100.0,-100,-16.66666667,-200,0.236643191,0,0.075325867,0,-0.012554311,-0.150651735,-0.075325867,-1.506517346
Tree Rex,B,1,18,D. labyrinthiformis Juvenile,Recruit,Tree,NA,Small,0.012,0,-0.012,-100.0,-100,-16.66666667,-200,0.109544512,0,0.034869101,0,-0.005811517,-0.069738202,-0.034869101,-0.69738202
Tree Rex,B,1,19,D. labyrinthiformis Juvenile,Recruit,Tree,NA,Small,0.022,0,-0.022,-100.0,-100,-16.66666667,-200,0.14832397,0,0.047212986,0,-0.007868831,-0.094425972,-0.047212986,-0.944259719
Tree Rex,B,1,21,D. labyrinthiformis Juvenile,Recruit,Tree,NA,Small,0.023,0,-0.023,-100.0,-100,-16.66666667,-200,0.151657509,0,0.048274084,0,-0.008045681,-0.096548169,-0.048274084,-0.965481688
Tree Rex,B,1,22,D. labyrinthiformis Juvenile,Recruit,Tree,NA,Small,0.023,0,-0.023,-100.0,-100,-16.66666667,-200,0.151657509,0,0.048274084,0,-0.008045681,-0.096548169,-0.048274084,-0.965481688
Tree Rex,B,1,24,D. labyrinthiformis Juvenile,Recruit,Tree,NA,Small,0.014,0.256,0.242,1728.6,1728.571429,288.0952381,3457.142857,0.118321596,0.505964426,0.037662934,0.161053479,0.020565091,0.24678109,0.123390545,2.467810902
Tree Rex,A,3,2,D. labyrinthiformis Juvenile,Recruit,Tree,NA,Small,0.05,0,-0.05,-100.0,-100,-16.66666667,-200,0.223606798,0,0.071176254,0,-0.011862709,-0.142352509,-0.071176254,-1.423525087
Tree Rex,A,3,3,D. labyrinthiformis Juvenile,Recruit,Tree,NA,Medium,0.076,0.99,0.914,1202.6,1202.631579,200.4385965,2405.263158,0.275680975,0.994987437,0.08775198,0.316714338,0.038160393,0.457924716,0.228962358,4.579247161
Tree Rex,A,3,4,D. labyrinthiformis Juvenile,Recruit,Tree,NA,Medium,0.103,0.847,0.744,722.3,722.3300971,120.3883495,1444.660194,0.320936131,0.920326029,0.102157143,0.292948874,0.031798622,0.381583461,0.19079173,3.815834607
Tree Rex,A,3,5,D. labyrinthiformis Juvenile,Recruit,Tree,NA,Medium,0.071,0,-0.071,-100.0,-100,-16.66666667,-200,0.266458252,0,0.084816296,0,-0.014136049,-0.169632592,-0.084816296,-1.696325917
Tree Rex,A,3,6,D. labyrinthiformis Juvenile,Recruit,Tree,NA,Small,0.047,0.186,0.139,295.7,295.7446809,49.29078014,591.4893617,0.216794834,0.431277173,0.069007939,0.137279788,0.011378641,0.136543698,0.068271849,1.365436979
Tree Rex,A,3,7,D. labyrinthiformis Juvenile,Recruit,Tree,NA,Small,0.009,0,-0.009,-100.0,-100,-16.66666667,-200,0.09486833,0,0.030197527,0,-0.005032921,-0.060395055,-0.030197527,-0.603950545
Tree Rex,A,3,9,D. labyrinthiformis Juvenile,Recruit,Tree,NA,Small,0.013,0.612,0.599,4607.7,4607.692308,767.9487179,9215.384615,0.114017543,0.782304289,0.036292911,0.249015189,0.035453713,0.425444556,0.212722278,4.254445562
Tree Rex,A,3,10,D. labyrinthiformis Juvenile,Recruit,Tree,NA,Medium,0.124,0,-0.124,-100.0,-100,-16.66666667,-200,0.352136337,0,0.112088477,0,-0.018681413,-0.224176955,-0.112088477,-2.241769549
Tree Rex,A,3,12,D. labyrinthiformis Juvenile,Recruit,Tree,NA,Small,0.06,0,-0.06,-100.0,-100,-16.66666667,-200,0.244948974,0,0.07796968,0,-0.012994947,-0.15593936,-0.07796968,-1.559393602
Tree Rex,B,3,15,D. labyrinthiformis Juvenile,Recruit,Tree,NA,Medium,0.105,0.349,0.244,232.4,232.3809524,38.73015873,464.7619048,0.324037035,0.59076222,0.103144192,0.188045455,0.014150211,0.169802526,0.084901263,1.698025263
Tree Rex,B,3,16,D. labyrinthiformis Juvenile,Recruit,Tree,NA,Small,0.037,0,-0.037,-100.0,-100,-16.66666667,-200,0.192353841,0,0.061228129,0,-0.010204688,-0.122456258,-0.061228129,-1.224562582
Tree Rex,B,3,17,D. labyrinthiformis Juvenile,Recruit,Tree,NA,Small,0.035,0,-0.035,-100.0,-100,-16.66666667,-200,0.187082869,0,0.059550327,0,-0.009925054,-0.119100654,-0.059550327,-1.191006537
Tree Rex,B,3,18,D. labyrinthiformis Juvenile,Recruit,Tree,NA,Small,0.052,0.255,0.203,390.4,390.3846154,65.06410256,780.7692308,0.228035085,0.504975247,0.072585822,0.160738613,0.014692132,0.176305583,0.088152791,1.763055828
Tree Rex,B,3,19,D. labyrinthiformis Juvenile,Recruit,Tree,NA,Large,0.146,0.608,0.462,316.4,316.4383562,52.73972603,632.8767123,0.382099463,0.779743548,0.121626037,0.24820008,0.021095674,0.253148086,0.126574043,2.531480863
Tree Rex,B,3,21,D. labyrinthiformis Juvenile,Recruit,Tree,NA,Small,0.038,0,-0.038,-100.0,-100,-16.66666667,-200,0.194935887,0,0.06205002,0,-0.01034167,-0.12410004,-0.06205002,-1.241000399
Tree Rex,B,3,23,D. labyrinthiformis Juvenile,Recruit,Tree,NA,Small,0.064,0,-0.064,-100.0,-100,-16.66666667,-200,0.252982213,0,0.080526739,0,-0.013421123,-0.161053479,-0.080526739,-1.610534787
Tree Rex,B,3,24,D. labyrinthiformis Juvenile,Recruit,Tree,NA,Medium,0.133,0.334,0.201,151.1,151.1278195,25.18796992,302.2556391,0.364691651,0.577927331,0.116084958,0.183959983,0.011312504,0.13575005,0.067875025,1.357500504
Tree Rex,A,7,1,D. labyrinthiformis Juvenile,Recruit,Tree,NA,Large,0.195,0,-0.195,-100.0,-100,-16.66666667,-200,0.441588043,0,0.14056184,0,-0.023426973,-0.28112368,-0.14056184,-2.811236796
Tree Rex,A,7,2,D. labyrinthiformis Juvenile,Recruit,Tree,NA,Small,0.07,0,-0.07,-100.0,-100,-16.66666667,-200,0.264575131,0,0.08421688,0,-0.014036147,-0.16843376,-0.08421688,-1.684337597
Tree Rex,A,7,3,D. labyrinthiformis Juvenile,Recruit,Tree,NA,Medium,0.111,0,-0.111,-100.0,-100,-16.66666667,-200,0.333166625,0,0.10605023,0,-0.017675038,-0.212100461,-0.10605023,-2.12100461
Tree Rex,A,7,4,D. labyrinthiformis Juvenile,Recruit,Tree,NA,Large,0.27,0,-0.27,-100.0,-100,-16.66666667,-200,0.519615242,0,0.165398669,0,-0.027566445,-0.330797337,-0.165398669,-3.307973373
Tree Rex,A,7,6,D. labyrinthiformis Juvenile,Recruit,Tree,NA,Large,0.265,2.047,1.782,672.5,672.4528302,112.0754717,1344.90566,0.514781507,1.430734077,0.163860043,0.455416801,0.048592793,0.583113517,0.291556758,5.831135168
Tree Rex,A,7,7,D. labyrinthiformis Juvenile,Recruit,Tree,NA,Large,0.172,0,-0.172,-100.0,-100,-16.66666667,-200,0.414728827,0,0.132012286,0,-0.022002048,-0.264024571,-0.132012286,-2.640245715
Tree Rex,A,7,8,D. labyrinthiformis Juvenile,Recruit,Tree,NA,Large,0.163,0,-0.163,-100.0,-100,-16.66666667,-200,0.403732585,0,0.128512073,0,-0.021418679,-0.257024146,-0.128512073,-2.570241462
Tree Rex,A,7,9,D. labyrinthiformis Juvenile,Recruit,Tree,NA,Large,0.22,1.033,0.813,369.5,369.5454545,61.59090909,739.0909091,0.469041576,1.016366076,0.149300571,0.32351937,0.029036467,0.348437598,0.174218799,3.484375985
Tree Rex,B,7,16,D. labyrinthiformis Juvenile,Recruit,Tree,NA,Large,0.232,0,-0.232,-100.0,-100,-16.66666667,-200,0.481663783,0,0.153318344,0,-0.025553057,-0.306636688,-0.153318344,-3.06636688
Tree Rex,B,7,17,D. labyrinthiformis Juvenile,Recruit,Tree,NA,Medium,0.109,1.077,0.968,888.1,888.0733945,148.0122324,1776.146789,0.33015148,1.037786105,0.10509048,0.330337577,0.037541183,0.450494194,0.225247097,4.504941937
Tree Rex,B,7,18,D. labyrinthiformis Juvenile,Recruit,Tree,NA,Medium,0.121,1.166,1.045,863.6,863.6363636,143.9393939,1727.272727,0.347850543,1.079814799,0.110724267,0.343715726,0.03883191,0.465982918,0.232991459,4.659829182
Tree Rex,B,7,19,D. labyrinthiformis Juvenile,Recruit,Tree,NA,Large,0.172,0.514,0.342,198.8,198.8372093,33.13953488,397.6744186,0.414728827,0.716937933,0.132012286,0.228208432,0.016032691,0.192392292,0.096196146,1.923922923
Tree Rex,B,7,21,D. labyrinthiformis Juvenile,Recruit,Tree,NA,Large,0.16,0,-0.16,-100.0,-100,-16.66666667,-200,0.4,0,0.127323954,0,-0.021220659,-0.254647909,-0.127323954,-2.546479089
Tree Rex,B,7,22,D. labyrinthiformis Juvenile,Recruit,Tree,NA,Medium,0.117,0,-0.117,-100.0,-100,-16.66666667,-200,0.342052628,0,0.108878733,0,-0.018146455,-0.217757466,-0.108878733,-2.177574659
Tree Rex,B,7,23,D. labyrinthiformis Juvenile,Recruit,Tree,NA,Small,0.064,0,-0.064,-100.0,-100,-16.66666667,-200,0.252982213,0,0.080526739,0,-0.013421123,-0.161053479,-0.080526739,-1.610534787
Tree Rex,B,7,24,D. labyrinthiformis Juvenile,Recruit,Tree,NA,Medium,0.081,0,-0.081,-100.0,-100,-16.66666667,-200,0.284604989,0,0.090592582,0,-0.015098764,-0.181185164,-0.090592582,-1.811851636
Tree Rex,A,9,1,D. labyrinthiformis Juvenile,Recruit,Tree,NA,Medium,0.125,0,-0.125,-100.0,-100,-16.66666667,-200,0.353553391,0,0.11253954,0,-0.01875659,-0.225079079,-0.11253954,-2.25079079
Tree Rex,A,9,2,D. labyrinthiformis Juvenile,Recruit,Tree,NA,Medium,0.092,0,-0.092,-100.0,-100,-16.66666667,-200,0.303315018,0,0.096548169,0,-0.016091361,-0.193096338,-0.096548169,-1.930963376
Tree Rex,A,9,3,D. labyrinthiformis Juvenile,Recruit,Tree,NA,Large,0.298,0,-0.298,-100.0,-100,-16.66666667,-200,0.545893763,0,0.173763381,0,-0.028960564,-0.347526763,-0.173763381,-3.475267629
Tree Rex,A,9,4,D. labyrinthiformis Juvenile,Recruit,Tree,NA,Large,0.251,0,-0.251,-100.0,-100,-16.66666667,-200,0.500999002,0,0.159472935,0,-0.026578823,-0.318945871,-0.159472935,-3.189458706
Tree Rex,A,9,6,D. labyrinthiformis Juvenile,Recruit,Tree,NA,Large,0.153,0,-0.153,-100.0,-100,-16.66666667,-200,0.391152144,0,0.124507595,0,-0.020751266,-0.249015189,-0.124507595,-2.490151891
Tree Rex,A,9,7,D. labyrinthiformis Juvenile,Recruit,Tree,NA,Medium,0.094,0,-0.094,-100.0,-100,-16.66666667,-200,0.306594194,0,0.097591963,0,-0.016265327,-0.195183926,-0.097591963,-1.951839262
Tree Rex,A,9,8,D. labyrinthiformis Juvenile,Recruit,Tree,NA,Medium,0.14,0,-0.14,-100.0,-100,-16.66666667,-200,0.374165739,0,0.119100654,0,-0.019850109,-0.238201307,-0.119100654,-2.382013074
Tree Rex,A,9,9,D. labyrinthiformis Juvenile,Recruit,Tree,NA,Medium,0.137,0,-0.137,-100.0,-100,-16.66666667,-200,0.37013511,0,0.117817665,0,-0.019636277,-0.23563533,-0.117817665,-2.356353298
Tree Rex,B,9,16,D. labyrinthiformis Juvenile,Recruit,Tree,NA,Medium,0.072,0.375,0.303,420.8,420.8333333,70.13888889,841.6666667,0.268328157,0.612372436,0.085411505,0.1949242,0.018252116,0.21902539,0.109512695,2.190253902
Tree Rex,B,9,17,D. labyrinthiformis Juvenile,Recruit,Tree,NA,Large,0.393,0,-0.393,-100.0,-100,-16.66666667,-200,0.626897121,0,0.199547551,0,-0.033257925,-0.399095102,-0.199547551,-3.990951023
Tree Rex,B,9,18,D. labyrinthiformis Juvenile,Recruit,Tree,NA,Medium,0.14,0.283,0.143,102.1,102.1428571,17.02380952,204.2857143,0.374165739,0.531977443,0.119100654,0.169333679,0.008372171,0.100466051,0.050233026,1.004660514
Tree Rex,B,9,19,D. labyrinthiformis Juvenile,Recruit,Tree,NA,Medium,0.084,0,-0.084,-100.0,-100,-16.66666667,-200,0.289827535,0,0.09225497,0,-0.015375828,-0.184509939,-0.09225497,-1.845099393
Tree Rex,B,9,21,D. labyrinthiformis Juvenile,Recruit,Tree,NA,Small,0.032,0,-0.032,-100.0,-100,-16.66666667,-200,0.178885438,0,0.056941003,0,-0.009490167,-0.113882007,-0.056941003,-1.138820069
Tree Rex,B,9,21,D. labyrinthiformis Juvenile,Recruit,Tree,NA,Medium,0.088,0,-0.088,-100.0,-100,-16.66666667,-200,0.296647939,0,0.094425972,0,-0.015737662,-0.188851944,-0.094425972,-1.888519437
Tree Rex,B,9,22,D. labyrinthiformis Juvenile,Recruit,Tree,NA,Medium,0.098,0,-0.098,-100.0,-100,-16.66666667,-200,0.313049517,0,0.099646756,0,-0.016607793,-0.199293512,-0.099646756,-1.992935122
Tree Rex,B,9,23,D. labyrinthiformis Juvenile,Recruit,Tree,NA,Medium,0.131,0,-0.131,-100.0,-100,-16.66666667,-200,0.361939221,0,0.115208832,0,-0.019201472,-0.230417665,-0.115208832,-2.304176647
Tree Rex,B,9,24,D. labyrinthiformis Juvenile,Recruit,Tree,NA,Medium,0.078,0,-0.078,-100.0,-100,-16.66666667,-200,0.279284801,0,0.088899113,0,-0.014816519,-0.177798226,-0.088899113,-1.777982264
,,,,,,,,,,,,,,,,,,,,,,,
,,,,,,,,,,,,,,,,,,,,,,,
,,,,,,,,,,,,,,,,,,,,,,,
,,,,,,,,,,,,,,,,,,,,,,,
,,,,,,,,,,,,,,,,,,,,,,,
,,,,,,,,,,,,,,,,,,,,,,,
,,,,,,,,,,,,,,,,,,,,,,,
,,,,,,,,,,,,,,,,,,,,,,,
,,,,,,,,,,,,,,,,,,,,,,,
,,,,,,,,,,,,,,,,,,,,,,,
,,,,,,,,,,,,,,,,,,,,,,,
,,,,,,,,,,,,,,,,,,,,,,,
,,,,,,,,,,,,,,,,,,,,,,,
,,,,,,,,,,,,,,,,,,,,,,,
,,,,,,,,,,,,,,,,,,,,,,,
,,,,,,,,,,,,,,,,,,,,,,,
,,,,,,,,,,,,,,,,,,,,,,,
,,,,,,,,,,,,,,,,,,,,,,,
,,,,,,,,,,,,,,,,,,,,,,,
,,,,,,,,,,,,,,,,,,,,,,,
,,,,,,,,,,,,,,,,,,,,,,,
,,,,,,,,,,,,,,,,,,,,,,,
,,,,,,,,,,,,,,,,,,,,,,,
,,,,,,,,,,,,,,,,,,,,,,,
,,,,,,,,,,,,,,,,,,,,,,,
,,,,,,,,,,,,,,,,,,,,,,,
,,,,,,,,,,,,,,,,,,,,,,,
,,,,,,,,,,,,,,,,,,,,,,,
,,,,,,,,,,,,,,,,,,,,,,,
