Structure ID,Cluster,Column,Postion,Size,Structure,Status,Time,Days,Date,,,,,,,,,,,,,
NSU1,1,1,1,Small,Table,0,0,0,2/14/2023,,,,,,,,,,,,,
NSU1,1,1,2,Small,Table,0,0,0,2/14/2023,,,,,,,,,,,,,
NSU1,1,1,3,Small,Table,0,0,0,2/14/2023,,,,,,,,,,,,,
NSU1,1,1,4,Small,Table,0,0,0,2/14/2023,,,,,,,,,,,,,
NSU1,1,2,1,Medium,Table,0,0,0,2/14/2023,,,,,,,,,,,,,
NSU1,1,2,2,Small,Table,0,0,0,2/14/2023,,,,,,,,,,,,,
NSU1,1,2,3,Small,Table,0,0,0,2/14/2023,,,,,,,,,,,,,
NSU1,1,2,4,Small,Table,0,0,0,2/14/2023,,,,,,,,,,,,,
NSU1,1,3,1,Small,Table,0,0,0,2/14/2023,,,,,,,,,,,,,
NSU1,1,3,2,Medium,Table,0,0,0,2/14/2023,,,,,,,,,,,,,
NSU1,1,3,3,Small,Table,0,0,0,2/14/2023,,,,,,,,,,,,,
NSU1,1,3,4,Small,Table,0,0,0,2/14/2023,,,,,,,,,,,,,
NSU1,1,4,1,Small,Table,0,0,0,2/14/2023,,,,,,,,,,,,,
NSU1,1,4,2,Small,Table,0,0,0,2/14/2023,,,,,,,,,,,,,
NSU1,1,4,3,Small,Table,0,0,0,2/14/2023,,,,,,,,,,,,,
NSU1,1,4,4,Small,Table,0,0,0,2/14/2023,,,,,,,,,,,,,
NSU1,1,5,1,Small,Table,0,0,0,2/14/2023,,,,,,,,,,,,,
NSU1,1,5,2,Small,Table,0,0,0,2/14/2023,,,,,,,,,,,,,
NSU1,1,5,3,Small,Table,0,0,0,2/14/2023,,,,,,,,,,,,,
NSU1,1,5,4,Small,Table,0,0,0,2/14/2023,,,,,,,,,,,,,
NSU1,2,1,1,Medium,Table,0,0,0,2/14/2023,,,,,,,,,,,,,
NSU1,2,1,2,Small,Table,0,0,0,2/14/2023,,,,,,,,,,,,,
NSU1,2,1,3,Medium,Table,0,0,0,2/14/2023,,,,,,,,,,,,,
NSU1,2,1,4,Medium,Table,0,0,0,2/14/2023,,,,,,,,,,,,,
NSU1,2,2,1,Medium,Table,0,0,0,2/14/2023,,,,,,,,,,,,,
NSU1,2,2,2,Medium,Table,0,0,0,2/14/2023,,,,,,,,,,,,,
NSU1,2,2,3,Medium,Table,0,0,0,2/14/2023,,,,,,,,,,,,,
NSU1,2,2,4,Large,Table,0,0,0,2/14/2023,,,,,,,,,,,,,
NSU1,2,3,1,Large,Table,0,0,0,2/14/2023,,,,,,,,,,,,,
NSU1,2,3,2,Small,Table,0,0,0,2/14/2023,,,,,,,,,,,,,
NSU1,2,3,3,Large,Table,0,0,0,2/14/2023,,,,,,,,,,,,,
NSU1,2,3,4,Large,Table,0,0,0,2/14/2023,,,,,,,,,,,,,
NSU1,2,4,1,Medium,Table,0,0,0,2/14/2023,,,,,,,,,,,,,
NSU1,2,4,2,Large,Table,0,0,0,2/14/2023,,,,,,,,,,,,,
NSU1,2,4,3,Medium,Table,0,0,0,2/14/2023,,,,,,,,,,,,,
NSU1,2,4,4,Medium,Table,0,0,0,2/14/2023,,,,,,,,,,,,,
NSU1,2,5,1,Medium,Table,0,0,0,2/14/2023,,,,,,,,,,,,,
NSU1,2,5,2,Large,Table,0,0,0,2/14/2023,,,,,,,,,,,,,
NSU1,2,5,3,Large,Table,0,0,0,2/14/2023,,,,,,,,,,,,,
NSU1,2,5,4,Large,Table,0,0,0,2/14/2023,,,,,,,,,,,,,
NSU1,3,1,1,Large,Table,0,0,0,2/14/2023,,,,,,,,,,,,,
NSU1,3,1,2,Large,Table,0,0,0,2/14/2023,,,,,,,,,,,,,
NSU1,3,1,3,Medium,Table,0,0,0,2/14/2023,,,,,,,,,,,,,
NSU1,3,1,4,Large,Table,0,0,0,2/14/2023,,,,,,,,,,,,,
NSU1,3,2,1,Medium,Table,0,0,0,2/14/2023,,,,,,,,,,,,,
NSU1,3,2,2,Large,Table,0,0,0,2/14/2023,,,,,,,,,,,,,
NSU1,3,2,3,Large,Table,0,0,0,2/14/2023,,,,,,,,,,,,,
NSU1,3,2,4,Large,Table,0,0,0,2/14/2023,,,,,,,,,,,,,
NSU1,3,3,1,Medium,Table,0,0,0,2/14/2023,,,,,,,,,,,,,
NSU1,3,3,2,Large,Table,0,0,0,2/14/2023,,,,,,,,,,,,,
NSU1,3,3,3,Medium,Table,0,0,0,2/14/2023,,,,,,,,,,,,,
NSU1,3,3,4,Large,Table,0,0,0,2/14/2023,,,,,,,,,,,,,
NSU1,3,4,1,Large,Table,0,0,0,2/14/2023,,,,,,,,,,,,,
NSU1,3,4,2,Large,Table,0,0,0,2/14/2023,,,,,,,,,,,,,
NSU1,3,4,3,Large,Table,0,0,0,2/14/2023,,,,,,,,,,,,,
NSU1,3,4,4,Medium,Table,0,0,0,2/14/2023,,,,,,,,,,,,,
NSU1,3,5,2,Large,Table,0,0,0,2/14/2023,,,,,,,,,,,,,
NSU1,3,5,3,Large,Table,0,0,0,2/14/2023,,,,,,,,,,,,,
NSU1,3,5,4,Large,Table,0,0,0,2/14/2023,,,,,,,,,,,,,
NSU1,1,1,1,Small,Table,0,1,7,2/23/2023,,,,,,,,,,,,,
NSU1,1,1,2,Small,Table,0,1,7,2/23/2023,,,,,,,,,,,,,
NSU1,1,1,3,Small,Table,0,1,7,2/23/2023,,,,,,,,,,,,,
NSU1,1,1,4,Small,Table,0,1,7,2/23/2023,,,,,,,,,,,,,
NSU1,1,2,1,Medium,Table,0,1,7,2/23/2023,,,,,,,,,,,,,
NSU1,1,2,2,Small,Table,0,1,7,2/23/2023,,,,,,,,,,,,,
NSU1,1,2,3,Small,Table,0,1,7,2/23/2023,,,,,,,,,,,,,
NSU1,1,2,4,Small,Table,0,1,7,2/23/2023,,,,,,,,,,,,,
NSU1,1,3,1,Small,Table,0,1,7,2/23/2023,,,,,,,,,,,,,
NSU1,1,3,2,Medium,Table,0,1,7,2/23/2023,,,,,,,,,,,,,
NSU1,1,3,3,Small,Table,0,1,7,2/23/2023,,,,,,,,,,,,,
NSU1,1,3,4,Small,Table,0,1,7,2/23/2023,,,,,,,,,,,,,
NSU1,1,4,1,Small,Table,0,1,7,2/23/2023,,,,,,,,,,,,,
NSU1,1,4,2,Small,Table,0,1,7,2/23/2023,,,,,,,,,,,,,
NSU1,1,4,3,Small,Table,0,1,7,2/23/2023,,,,,,,,,,,,,
NSU1,1,4,4,Small,Table,0,1,7,2/23/2023,,,,,,,,,,,,,
NSU1,1,5,1,Small,Table,0,1,7,2/23/2023,,,,,,,,,,,,,
NSU1,1,5,2,Small,Table,0,1,7,2/23/2023,,,,,,,,,,,,,
NSU1,1,5,3,Small,Table,0,1,7,2/23/2023,,,,,,,,,,,,,
NSU1,1,5,4,Small,Table,0,1,7,2/23/2023,,,,,,,,,,,,,
NSU1,2,1,1,Medium,Table,0,1,7,2/23/2023,,,,,,,,,,,,,
NSU1,2,1,2,Small,Table,0,1,7,2/23/2023,,,,,,,,,,,,,
NSU1,2,1,3,Medium,Table,0,1,7,2/23/2023,,,,,,,,,,,,,
NSU1,2,1,4,Medium,Table,0,1,7,2/23/2023,,,,,,,,,,,,,
NSU1,2,2,1,Medium,Table,0,1,7,2/23/2023,,,,,,,,,,,,,
NSU1,2,2,2,Medium,Table,0,1,7,2/23/2023,,,,,,,,,,,,,
NSU1,2,2,3,Medium,Table,0,1,7,2/23/2023,,,,,,,,,,,,,
NSU1,2,2,4,Large,Table,0,1,7,2/23/2023,,,,,,,,,,,,,
NSU1,2,3,1,Large,Table,0,1,7,2/23/2023,,,,,,,,,,,,,
NSU1,2,3,2,Small,Table,0,1,7,2/23/2023,,,,,,,,,,,,,
NSU1,2,3,3,Large,Table,0,1,7,2/23/2023,,,,,,,,,,,,,
NSU1,2,3,4,Large,Table,0,1,7,2/23/2023,,,,,,,,,,,,,
NSU1,2,4,1,Medium,Table,0,1,7,2/23/2023,,,,,,,,,,,,,
NSU1,2,4,2,Large,Table,0,1,7,2/23/2023,,,,,,,,,,,,,
NSU1,2,4,3,Medium,Table,0,1,7,2/23/2023,,,,,,,,,,,,,
NSU1,2,4,4,Medium,Table,0,1,7,2/23/2023,,,,,,,,,,,,,
NSU1,2,5,1,Medium,Table,0,1,7,2/23/2023,,,,,,,,,,,,,
NSU1,2,5,2,Large,Table,0,1,7,2/23/2023,,,,,,,,,,,,,
NSU1,2,5,3,Large,Table,0,1,7,2/23/2023,,,,,,,,,,,,,
NSU1,2,5,4,Large,Table,0,1,7,2/23/2023,,,,,,,,,,,,,
NSU1,3,1,1,Large,Table,0,1,7,2/23/2023,,,,,,,,,,,,,
NSU1,3,1,2,Large,Table,0,1,7,2/23/2023,,,,,,,,,,,,,
NSU1,3,1,3,Medium,Table,0,1,7,2/23/2023,,,,,,,,,,,,,
NSU1,3,1,4,Large,Table,0,1,7,2/23/2023,,,,,,,,,,,,,
NSU1,3,2,1,Medium,Table,0,1,7,2/23/2023,,,,,,,,,,,,,
NSU1,3,2,2,Large,Table,0,1,7,2/23/2023,,,,,,,,,,,,,
NSU1,3,2,3,Large,Table,0,1,7,2/23/2023,,,,,,,,,,,,,
NSU1,3,2,4,Large,Table,0,1,7,2/23/2023,,,,,,,,,,,,,
NSU1,3,3,1,Medium,Table,0,1,7,2/23/2023,,,,,,,,,,,,,
NSU1,3,3,2,Large,Table,0,1,7,2/23/2023,,,,,,,,,,,,,
NSU1,3,3,3,Medium,Table,0,1,7,2/23/2023,,,,,,,,,,,,,
NSU1,3,3,4,Large,Table,0,1,7,2/23/2023,,,,,,,,,,,,,
NSU1,3,4,1,Large,Table,0,1,7,2/23/2023,,,,,,,,,,,,,
NSU1,3,4,2,Large,Table,0,1,7,2/23/2023,,,,,,,,,,,,,
NSU1,3,4,3,Large,Table,0,1,7,2/23/2023,,,,,,,,,,,,,
NSU1,3,4,4,Medium,Table,0,1,7,2/23/2023,,,,,,,,,,,,,
NSU1,3,5,2,Large,Table,0,1,7,2/23/2023,,,,,,,,,,,,,
NSU1,3,5,3,Large,Table,0,1,7,2/23/2023,,,,,,,,,,,,,
NSU1,3,5,4,Large,Table,0,1,7,2/23/2023,,,,,,,,,,,,,
NSU1,1,1,1,Small,Table,0,2,30,3/14/2023,,,,,,,,,,,,,
NSU1,1,1,2,Small,Table,0,2,30,3/14/2023,,,,,,,,,,,,,
NSU1,1,1,3,Small,Table,0,2,30,3/14/2023,,,,,,,,,,,,,
NSU1,1,1,4,Small,Table,0,2,30,3/14/2023,,,,,,,,,,,,,
NSU1,1,2,1,Medium,Table,0,2,30,3/14/2023,,,,,,,,,,,,,
NSU1,1,2,2,Small,Table,0,2,30,3/14/2023,,,,,,,,,,,,,
NSU1,1,2,3,Small,Table,0,2,30,3/14/2023,,,,,,,,,,,,,
NSU1,1,2,4,Small,Table,0,2,30,3/14/2023,,,,,,,,,,,,,
NSU1,1,3,1,Small,Table,1,2,30,3/14/2023,,,,,,,,,,,,,
NSU1,1,3,2,Medium,Table,0,2,30,3/14/2023,,,,,,,,,,,,,
NSU1,1,3,3,Small,Table,0,2,30,3/14/2023,,,,,,,,,,,,,
NSU1,1,3,4,Small,Table,0,2,30,3/14/2023,,,,,,,,,,,,,
NSU1,1,4,1,Small,Table,0,2,30,3/14/2023,,,,,,,,,,,,,
NSU1,1,4,2,Small,Table,0,2,30,3/14/2023,,,,,,,,,,,,,
NSU1,1,4,3,Small,Table,0,2,30,3/14/2023,,,,,,,,,,,,,
NSU1,1,4,4,Small,Table,0,2,30,3/14/2023,,,,,,,,,,,,,
NSU1,1,5,1,Small,Table,0,2,30,3/14/2023,,,,,,,,,,,,,
NSU1,1,5,2,Small,Table,0,2,30,3/14/2023,,,,,,,,,,,,,
NSU1,1,5,3,Small,Table,0,2,30,3/14/2023,,,,,,,,,,,,,
NSU1,1,5,4,Small,Table,0,2,30,3/14/2023,,,,,,,,,,,,,
NSU1,2,1,1,Medium,Table,0,2,30,3/14/2023,,,,,,,,,,,,,
NSU1,2,1,2,Small,Table,0,2,30,3/14/2023,,,,,,,,,,,,,
NSU1,2,1,3,Medium,Table,0,2,30,3/14/2023,,,,,,,,,,,,,
NSU1,2,1,4,Medium,Table,0,2,30,3/14/2023,,,,,,,,,,,,,
NSU1,2,2,1,Medium,Table,0,2,30,3/14/2023,,,,,,,,,,,,,
NSU1,2,2,2,Medium,Table,0,2,30,3/14/2023,,,,,,,,,,,,,
NSU1,2,2,3,Medium,Table,0,2,30,3/14/2023,,,,,,,,,,,,,
NSU1,2,2,4,Large,Table,0,2,30,3/14/2023,,,,,,,,,,,,,
NSU1,2,3,1,Large,Table,0,2,30,3/14/2023,,,,,,,,,,,,,
NSU1,2,3,2,Small,Table,0,2,30,3/14/2023,,,,,,,,,,,,,
NSU1,2,3,3,Large,Table,0,2,30,3/14/2023,,,,,,,,,,,,,
NSU1,2,3,4,Large,Table,0,2,30,3/14/2023,,,,,,,,,,,,,
NSU1,2,4,1,Medium,Table,0,2,30,3/14/2023,,,,,,,,,,,,,
NSU1,2,4,2,Large,Table,0,2,30,3/14/2023,,,,,,,,,,,,,
NSU1,2,4,3,Medium,Table,0,2,30,3/14/2023,,,,,,,,,,,,,
NSU1,2,4,4,Medium,Table,0,2,30,3/14/2023,,,,,,,,,,,,,
NSU1,2,5,1,Medium,Table,0,2,30,3/14/2023,,,,,,,,,,,,,
NSU1,2,5,2,Large,Table,0,2,30,3/14/2023,,,,,,,,,,,,,
NSU1,2,5,3,Large,Table,0,2,30,3/14/2023,,,,,,,,,,,,,
NSU1,2,5,4,Large,Table,0,2,30,3/14/2023,,,,,,,,,,,,,
NSU1,3,1,1,Large,Table,0,2,30,3/14/2023,,,,,,,,,,,,,
NSU1,3,1,2,Large,Table,0,2,30,3/14/2023,,,,,,,,,,,,,
NSU1,3,1,3,Medium,Table,0,2,30,3/14/2023,,,,,,,,,,,,,
NSU1,3,1,4,Large,Table,0,2,30,3/14/2023,,,,,,,,,,,,,
NSU1,3,2,1,Medium,Table,0,2,30,3/14/2023,,,,,,,,,,,,,
NSU1,3,2,2,Large,Table,0,2,30,3/14/2023,,,,,,,,,,,,,
NSU1,3,2,3,Large,Table,0,2,30,3/14/2023,,,,,,,,,,,,,
NSU1,3,2,4,Large,Table,0,2,30,3/14/2023,,,,,,,,,,,,,
NSU1,3,3,1,Medium,Table,0,2,30,3/14/2023,,,,,,,,,,,,,
NSU1,3,3,2,Large,Table,0,2,30,3/14/2023,,,,,,,,,,,,,
NSU1,3,3,3,Medium,Table,0,2,30,3/14/2023,,,,,,,,,,,,,
NSU1,3,3,4,Large,Table,0,2,30,3/14/2023,,,,,,,,,,,,,
NSU1,3,4,1,Large,Table,0,2,30,3/14/2023,,,,,,,,,,,,,
NSU1,3,4,2,Large,Table,0,2,30,3/14/2023,,,,,,,,,,,,,
NSU1,3,4,3,Large,Table,0,2,30,3/14/2023,,,,,,,,,,,,,
NSU1,3,4,4,Medium,Table,0,2,30,3/14/2023,,,,,,,,,,,,,
NSU1,3,5,2,Large,Table,0,2,30,3/14/2023,,,,,,,,,,,,,
NSU1,3,5,3,Large,Table,0,2,30,3/14/2023,,,,,,,,,,,,,
NSU1,3,5,4,Large,Table,0,2,30,3/14/2023,,,,,,,,,,,,,
NSU1,1,1,1,Small,Table,0,3,90,5/17/2023,,,,,,,,,,,,,
NSU1,1,1,2,Small,Table,0,3,90,5/17/2023,,,,,,,,,,,,,
NSU1,1,1,3,Small,Table,0,3,90,5/17/2023,,,,,,,,,,,,,
NSU1,1,1,4,Small,Table,0,3,90,5/17/2023,,,,,,,,,,,,,
NSU1,1,2,1,Medium,Table,0,3,90,5/17/2023,,,,,,,,,,,,,
NSU1,1,2,2,Small,Table,0,3,90,5/17/2023,,,,,,,,,,,,,
NSU1,1,2,3,Small,Table,0,3,90,5/17/2023,,,,,,,,,,,,,
NSU1,1,2,4,Small,Table,0,3,90,5/17/2023,,,,,,,,,,,,,
NSU1,1,3,2,Medium,Table,0,3,90,5/17/2023,,,,,,,,,,,,,
NSU1,1,3,3,Small,Table,0,3,90,5/17/2023,,,,,,,,,,,,,
NSU1,1,3,4,Small,Table,0,3,90,5/17/2023,,,,,,,,,,,,,
NSU1,1,4,1,Small,Table,0,3,90,5/17/2023,,,,,,,,,,,,,
NSU1,1,4,2,Small,Table,0,3,90,5/17/2023,,,,,,,,,,,,,
NSU1,1,4,3,Small,Table,0,3,90,5/17/2023,,,,,,,,,,,,,
NSU1,1,4,4,Small,Table,0,3,90,5/17/2023,,,,,,,,,,,,,
NSU1,1,5,1,Small,Table,0,3,90,5/17/2023,,,,,,,,,,,,,
NSU1,1,5,2,Small,Table,0,3,90,5/17/2023,,,,,,,,,,,,,
NSU1,1,5,3,Small,Table,0,3,90,5/17/2023,,,,,,,,,,,,,
NSU1,1,5,4,Small,Table,0,3,90,5/17/2023,,,,,,,,,,,,,
NSU1,2,1,1,Medium,Table,0,3,90,5/17/2023,,,,,,,,,,,,,
NSU1,2,1,2,Small,Table,0,3,90,5/17/2023,,,,,,,,,,,,,
NSU1,2,1,3,Medium,Table,0,3,90,5/17/2023,,,,,,,,,,,,,
NSU1,2,1,4,Medium,Table,0,3,90,5/17/2023,,,,,,,,,,,,,
NSU1,2,2,1,Medium,Table,0,3,90,5/17/2023,,,,,,,,,,,,,
NSU1,2,2,2,Medium,Table,0,3,90,5/17/2023,,,,,,,,,,,,,
NSU1,2,2,3,Medium,Table,0,3,90,5/17/2023,,,,,,,,,,,,,
NSU1,2,2,4,Large,Table,0,3,90,5/17/2023,,,,,,,,,,,,,
NSU1,2,3,1,Large,Table,0,3,90,5/17/2023,,,,,,,,,,,,,
NSU1,2,3,2,Small,Table,1,3,90,5/17/2023,,,,,,,,,,,,,
NSU1,2,3,3,Large,Table,0,3,90,5/17/2023,,,,,,,,,,,,,
NSU1,2,3,4,Large,Table,0,3,90,5/17/2023,,,,,,,,,,,,,
NSU1,2,4,1,Medium,Table,0,3,90,5/17/2023,,,,,,,,,,,,,
NSU1,2,4,2,Large,Table,0,3,90,5/17/2023,,,,,,,,,,,,,
NSU1,2,4,3,Medium,Table,0,3,90,5/17/2023,,,,,,,,,,,,,
NSU1,2,4,4,Medium,Table,0,3,90,5/17/2023,,,,,,,,,,,,,
NSU1,2,5,1,Medium,Table,0,3,90,5/17/2023,,,,,,,,,,,,,
NSU1,2,5,2,Large,Table,0,3,90,5/17/2023,,,,,,,,,,,,,
NSU1,2,5,3,Large,Table,0,3,90,5/17/2023,,,,,,,,,,,,,
NSU1,2,5,4,Large,Table,0,3,90,5/17/2023,,,,,,,,,,,,,
NSU1,3,1,1,Large,Table,0,3,90,5/17/2023,,,,,,,,,,,,,
NSU1,3,1,2,Large,Table,0,3,90,5/17/2023,,,,,,,,,,,,,
NSU1,3,1,3,Medium,Table,0,3,90,5/17/2023,,,,,,,,,,,,,
NSU1,3,1,4,Large,Table,0,3,90,5/17/2023,,,,,,,,,,,,,
NSU1,3,2,1,Medium,Table,0,3,90,5/17/2023,,,,,,,,,,,,,
NSU1,3,2,2,Large,Table,0,3,90,5/17/2023,,,,,,,,,,,,,
NSU1,3,2,3,Large,Table,0,3,90,5/17/2023,,,,,,,,,,,,,
NSU1,3,2,4,Large,Table,0,3,90,5/17/2023,,,,,,,,,,,,,
NSU1,3,3,1,Medium,Table,0,3,90,5/17/2023,,,,,,,,,,,,,
NSU1,3,3,2,Large,Table,0,3,90,5/17/2023,,,,,,,,,,,,,
NSU1,3,3,3,Medium,Table,0,3,90,5/17/2023,,,,,,,,,,,,,
NSU1,3,3,4,Large,Table,0,3,90,5/17/2023,,,,,,,,,,,,,
NSU1,3,4,1,Large,Table,0,3,90,5/17/2023,,,,,,,,,,,,,
NSU1,3,4,2,Large,Table,0,3,90,5/17/2023,,,,,,,,,,,,,
NSU1,3,4,3,Large,Table,0,3,90,5/17/2023,,,,,,,,,,,,,
NSU1,3,4,4,Medium,Table,0,3,90,5/17/2023,,,,,,,,,,,,,
NSU1,3,5,2,Large,Table,1,3,90,5/17/2023,,,,,,,,,,,,,
NSU1,3,5,3,Large,Table,0,3,90,5/17/2023,,,,,,,,,,,,,
NSU1,3,5,4,Large,Table,0,3,90,5/17/2023,,,,,,,,,,,,,
NSU1,1,1,1,Small,Table,0,4,180,8/9/2023,,,,,,,,,,,,,
NSU1,1,1,2,Small,Table,0,4,180,8/9/2023,,,,,,,,,,,,,
NSU1,1,1,3,Small,Table,0,4,180,8/9/2023,,,,,,,,,,,,,
NSU1,1,1,4,Small,Table,0,4,180,8/9/2023,,,,,,,,,,,,,
NSU1,1,2,1,Medium,Table,0,4,180,8/9/2023,,,,,,,,,,,,,
NSU1,1,2,2,Small,Table,0,4,180,8/9/2023,,,,,,,,,,,,,
NSU1,1,2,3,Small,Table,0,4,180,8/9/2023,,,,,,,,,,,,,
NSU1,1,2,4,Small,Table,0,4,180,8/9/2023,,,,,,,,,,,,,
NSU1,1,3,2,Medium,Table,0,4,180,8/9/2023,,,,,,,,,,,,,
NSU1,1,3,3,Small,Table,0,4,180,8/9/2023,,,,,,,,,,,,,
NSU1,1,3,4,Small,Table,0,4,180,8/9/2023,,,,,,,,,,,,,
NSU1,1,4,1,Small,Table,0,4,180,8/9/2023,,,,,,,,,,,,,
NSU1,1,4,2,Small,Table,0,4,180,8/9/2023,,,,,,,,,,,,,
NSU1,1,4,3,Small,Table,1,4,180,8/9/2023,,,,,,,,,,,,,
NSU1,1,4,4,Small,Table,0,4,180,8/9/2023,,,,,,,,,,,,,
NSU1,1,5,1,Small,Table,0,4,180,8/9/2023,,,,,,,,,,,,,
NSU1,1,5,2,Small,Table,0,4,180,8/9/2023,,,,,,,,,,,,,
NSU1,1,5,3,Small,Table,0,4,180,8/9/2023,,,,,,,,,,,,,
NSU1,1,5,4,Small,Table,0,4,180,8/9/2023,,,,,,,,,,,,,
NSU1,2,1,1,Medium,Table,0,4,180,8/9/2023,,,,,,,,,,,,,
NSU1,2,1,2,Small,Table,0,4,180,8/9/2023,,,,,,,,,,,,,
NSU1,2,1,3,Medium,Table,0,4,180,8/9/2023,,,,,,,,,,,,,
NSU1,2,1,4,Medium,Table,0,4,180,8/9/2023,,,,,,,,,,,,,
NSU1,2,2,1,Medium,Table,0,4,180,8/9/2023,,,,,,,,,,,,,
NSU1,2,2,2,Medium,Table,0,4,180,8/9/2023,,,,,,,,,,,,,
NSU1,2,2,3,Medium,Table,0,4,180,8/9/2023,,,,,,,,,,,,,
NSU1,2,2,4,Large,Table,0,4,180,8/9/2023,,,,,,,,,,,,,
NSU1,2,3,1,Large,Table,1,4,180,8/9/2023,,,,,,,,,,,,,
NSU1,2,3,3,Large,Table,0,4,180,8/9/2023,,,,,,,,,,,,,
NSU1,2,3,4,Large,Table,0,4,180,8/9/2023,,,,,,,,,,,,,
NSU1,2,4,1,Medium,Table,0,4,180,8/9/2023,,,,,,,,,,,,,
NSU1,2,4,2,Large,Table,0,4,180,8/9/2023,,,,,,,,,,,,,
NSU1,2,4,3,Medium,Table,0,4,180,8/9/2023,,,,,,,,,,,,,
NSU1,2,4,4,Medium,Table,0,4,180,8/9/2023,,,,,,,,,,,,,
NSU1,2,5,1,Medium,Table,0,4,180,8/9/2023,,,,,,,,,,,,,
NSU1,2,5,2,Large,Table,0,4,180,8/9/2023,,,,,,,,,,,,,
NSU1,2,5,3,Large,Table,0,4,180,8/9/2023,,,,,,,,,,,,,
NSU1,2,5,4,Large,Table,0,4,180,8/9/2023,,,,,,,,,,,,,
NSU1,3,1,1,Large,Table,0,4,180,8/9/2023,,,,,,,,,,,,,
NSU1,3,1,2,Large,Table,0,4,180,8/9/2023,,,,,,,,,,,,,
NSU1,3,1,3,Medium,Table,0,4,180,8/9/2023,,,,,,,,,,,,,
NSU1,3,1,4,Large,Table,0,4,180,8/9/2023,,,,,,,,,,,,,
NSU1,3,2,1,Medium,Table,0,4,180,8/9/2023,,,,,,,,,,,,,
NSU1,3,2,2,Large,Table,0,4,180,8/9/2023,,,,,,,,,,,,,
NSU1,3,2,3,Large,Table,0,4,180,8/9/2023,,,,,,,,,,,,,
NSU1,3,2,4,Large,Table,0,4,180,8/9/2023,,,,,,,,,,,,,
NSU1,3,3,1,Medium,Table,0,4,180,8/9/2023,,,,,,,,,,,,,
NSU1,3,3,2,Large,Table,0,4,180,8/9/2023,,,,,,,,,,,,,
NSU1,3,3,3,Medium,Table,0,4,180,8/9/2023,,,,,,,,,,,,,
NSU1,3,3,4,Large,Table,0,4,180,8/9/2023,,,,,,,,,,,,,
NSU1,3,4,1,Large,Table,0,4,180,8/9/2023,,,,,,,,,,,,,
NSU1,3,4,2,Large,Table,0,4,180,8/9/2023,,,,,,,,,,,,,
NSU1,3,4,3,Large,Table,0,4,180,8/9/2023,,,,,,,,,,,,,
NSU1,3,4,4,Medium,Table,0,4,180,8/9/2023,,,,,,,,,,,,,
NSU1,3,5,3,Large,Table,0,4,180,8/9/2023,,,,,,,,,,,,,
NSU1,3,5,4,Large,Table,1,4,180,8/9/2023,,,,,,,,,,,,,
NSU1,1,1,1,Small,Table,1,5,270,11/20/2023,,,,,,,,,,,,,
NSU1,1,1,2,Small,Table,0,5,270,11/20/2023,,,,,,,,,,,,,
NSU1,1,1,3,Small,Table,0,5,270,11/20/2023,,,,,,,,,,,,,
NSU1,1,1,4,Small,Table,1,5,270,11/20/2023,,,,,,,,,,,,,
NSU1,1,2,1,Medium,Table,0,5,270,11/20/2023,,,,,,,,,,,,,
NSU1,1,2,2,Small,Table,0,5,270,11/20/2023,,,,,,,,,,,,,
NSU1,1,2,3,Small,Table,0,5,270,11/20/2023,,,,,,,,,,,,,
NSU1,1,2,4,Small,Table,0,5,270,11/20/2023,,,,,,,,,,,,,
NSU1,1,3,2,Medium,Table,1,5,270,11/20/2023,,,,,,,,,,,,,
NSU1,1,3,3,Small,Table,0,5,270,11/20/2023,,,,,,,,,,,,,
NSU1,1,3,4,Small,Table,0,5,270,11/20/2023,,,,,,,,,,,,,
NSU1,1,4,1,Small,Table,0,5,270,11/20/2023,,,,,,,,,,,,,
NSU1,1,4,2,Small,Table,0,5,270,11/20/2023,,,,,,,,,,,,,
NSU1,1,4,4,Small,Table,1,5,270,11/20/2023,,,,,,,,,,,,,
NSU1,1,5,1,Small,Table,0,5,270,11/20/2023,,,,,,,,,,,,,
NSU1,1,5,2,Small,Table,0,5,270,11/20/2023,,,,,,,,,,,,,
NSU1,1,5,3,Small,Table,0,5,270,11/20/2023,,,,,,,,,,,,,
NSU1,1,5,4,Small,Table,0,5,270,11/20/2023,,,,,,,,,,,,,
NSU1,2,1,1,Medium,Table,0,5,270,11/20/2023,,,,,,,,,,,,,
NSU1,2,1,2,Small,Table,0,5,270,11/20/2023,,,,,,,,,,,,,
NSU1,2,1,3,Medium,Table,0,5,270,11/20/2023,,,,,,,,,,,,,
NSU1,2,1,4,Medium,Table,1,5,270,11/20/2023,,,,,,,,,,,,,
NSU1,2,2,1,Medium,Table,1,5,270,11/20/2023,,,,,,,,,,,,,
NSU1,2,2,2,Medium,Table,0,5,270,11/20/2023,,,,,,,,,,,,,
NSU1,2,2,3,Medium,Table,1,5,270,11/20/2023,,,,,,,,,,,,,
NSU1,2,2,4,Large,Table,0,5,270,11/20/2023,,,,,,,,,,,,,
NSU1,2,3,3,Large,Table,0,5,270,11/20/2023,,,,,,,,,,,,,
NSU1,2,3,4,Large,Table,0,5,270,11/20/2023,,,,,,,,,,,,,
NSU1,2,4,1,Medium,Table,0,5,270,11/20/2023,,,,,,,,,,,,,
NSU1,2,4,2,Large,Table,1,5,270,11/20/2023,,,,,,,,,,,,,
NSU1,2,4,3,Medium,Table,0,5,270,11/20/2023,,,,,,,,,,,,,
NSU1,2,4,4,Medium,Table,1,5,270,11/20/2023,,,,,,,,,,,,,
NSU1,2,5,1,Medium,Table,0,5,270,11/20/2023,,,,,,,,,,,,,
NSU1,2,5,2,Large,Table,0,5,270,11/20/2023,,,,,,,,,,,,,
NSU1,2,5,3,Large,Table,0,5,270,11/20/2023,,,,,,,,,,,,,
NSU1,2,5,4,Large,Table,0,5,270,11/20/2023,,,,,,,,,,,,,
NSU1,3,1,1,Large,Table,1,5,270,11/20/2023,,,,,,,,,,,,,
NSU1,3,1,2,Large,Table,0,5,270,11/20/2023,,,,,,,,,,,,,
NSU1,3,1,3,Medium,Table,0,5,270,11/20/2023,,,,,,,,,,,,,
NSU1,3,1,4,Large,Table,0,5,270,11/20/2023,,,,,,,,,,,,,
NSU1,3,2,1,Medium,Table,0,5,270,11/20/2023,,,,,,,,,,,,,
NSU1,3,2,2,Large,Table,0,5,270,11/20/2023,,,,,,,,,,,,,
NSU1,3,2,3,Large,Table,1,5,270,11/20/2023,,,,,,,,,,,,,
NSU1,3,2,4,Large,Table,1,5,270,11/20/2023,,,,,,,,,,,,,
NSU1,3,3,1,Medium,Table,0,5,270,11/20/2023,,,,,,,,,,,,,
NSU1,3,3,2,Large,Table,0,5,270,11/20/2023,,,,,,,,,,,,,
NSU1,3,3,3,Medium,Table,0,5,270,11/20/2023,,,,,,,,,,,,,
NSU1,3,3,4,Large,Table,0,5,270,11/20/2023,,,,,,,,,,,,,
NSU1,3,4,1,Large,Table,0,5,270,11/20/2023,,,,,,,,,,,,,
NSU1,3,4,2,Large,Table,0,5,270,11/20/2023,,,,,,,,,,,,,
NSU1,3,4,3,Large,Table,0,5,270,11/20/2023,,,,,,,,,,,,,
NSU1,3,4,4,Medium,Table,1,5,270,11/20/2023,,,,,,,,,,,,,
NSU1,3,5,3,Large,Table,0,5,270,11/20/2023,,,,,,,,,,,,,
Mod O,1,1,1,Small,Module,0,0,0,2/14/2023,,,,,,,,,,,,,
Mod O,1,1,2,Small,Module,0,0,0,2/14/2023,,,,,,,,,,,,,
Mod O,1,1,3,Small,Module,0,0,0,2/14/2023,,,,,,,,,,,,,
Mod O,1,1,4,Large,Module,0,0,0,2/14/2023,,,,,,,,,,,,,
Mod O,1,1,5,Small,Module,0,0,0,2/14/2023,,,,,,,,,,,,,
Mod O,1,2,1,Small,Module,0,0,0,2/14/2023,,,,,,,,,,,,,
Mod O,1,2,2,Large,Module,0,0,0,2/14/2023,,,,,,,,,,,,,
Mod O,1,2,3,Medium,Module,0,0,0,2/14/2023,,,,,,,,,,,,,
Mod O,1,2,4,Medium,Module,0,0,0,2/14/2023,,,,,,,,,,,,,
Mod O,1,2,5,Large,Module,0,0,0,2/14/2023,,,,,,,,,,,,,
Mod O,1,3,1,Small,Module,0,0,0,2/14/2023,,,,,,,,,,,,,
Mod O,1,3,2,Large,Module,0,0,0,2/14/2023,,,,,,,,,,,,,
Mod O,1,3,3,Small,Module,0,0,0,2/14/2023,,,,,,,,,,,,,
Mod O,1,3,4,Medium,Module,0,0,0,2/14/2023,,,,,,,,,,,,,
Mod O,1,3,5,Small,Module,0,0,0,2/14/2023,,,,,,,,,,,,,
Mod O,1,4,1,Large,Module,0,0,0,2/14/2023,,,,,,,,,,,,,
Mod O,1,4,2,Small,Module,0,0,0,2/14/2023,,,,,,,,,,,,,
Mod O,1,4,3,Large,Module,0,0,0,2/14/2023,,,,,,,,,,,,,
Mod O,1,4,4,Medium,Module,0,0,0,2/14/2023,,,,,,,,,,,,,
Mod O,1,4,5,Medium,Module,0,0,0,2/14/2023,,,,,,,,,,,,,
Mod O,1,5,1,Medium,Module,0,0,0,2/14/2023,,,,,,,,,,,,,
Mod O,1,5,2,Small,Module,0,0,0,2/14/2023,,,,,,,,,,,,,
Mod O,1,5,3,Medium,Module,0,0,0,2/14/2023,,,,,,,,,,,,,
Mod O,1,5,4,Small,Module,0,0,0,2/14/2023,,,,,,,,,,,,,
Mod O,1,5,5,Medium,Module,0,0,0,2/14/2023,,,,,,,,,,,,,
Mod O,2,1,1,Medium,Module,0,0,0,2/14/2023,,,,,,,,,,,,,
Mod O,2,1,2,Small,Module,0,0,0,2/14/2023,,,,,,,,,,,,,
Mod O,2,1,3,Medium,Module,0,0,0,2/14/2023,,,,,,,,,,,,,
Mod O,2,1,4,Small,Module,0,0,0,2/14/2023,,,,,,,,,,,,,
Mod O,2,1,5,Medium,Module,0,0,0,2/14/2023,,,,,,,,,,,,,
Mod O,2,2,1,Small,Module,0,0,0,2/14/2023,,,,,,,,,,,,,
Mod O,2,2,2,Small,Module,0,0,0,2/14/2023,,,,,,,,,,,,,
Mod O,2,2,3,Medium,Module,0,0,0,2/14/2023,,,,,,,,,,,,,
Mod O,2,2,4,Small,Module,0,0,0,2/14/2023,,,,,,,,,,,,,
Mod O,2,2,5,Large,Module,0,0,0,2/14/2023,,,,,,,,,,,,,
Mod O,2,3,1,Small,Module,0,0,0,2/14/2023,,,,,,,,,,,,,
Mod O,2,3,2,Small,Module,0,0,0,2/14/2023,,,,,,,,,,,,,
Mod O,2,3,3,Small,Module,0,0,0,2/14/2023,,,,,,,,,,,,,
Mod O,2,3,4,Small,Module,0,0,0,2/14/2023,,,,,,,,,,,,,
Mod O,2,3,5,Small,Module,0,0,0,2/14/2023,,,,,,,,,,,,,
Mod O,2,4,1,Small,Module,0,0,0,2/14/2023,,,,,,,,,,,,,
Mod O,2,4,2,Small,Module,0,0,0,2/14/2023,,,,,,,,,,,,,
Mod O,2,4,3,Medium,Module,0,0,0,2/14/2023,,,,,,,,,,,,,
Mod O,2,4,4,Small,Module,0,0,0,2/14/2023,,,,,,,,,,,,,
Mod O,2,4,5,Small,Module,0,0,0,2/14/2023,,,,,,,,,,,,,
Mod O,2,5,1,Medium,Module,0,0,0,2/14/2023,,,,,,,,,,,,,
Mod O,2,5,2,Large,Module,0,0,0,2/14/2023,,,,,,,,,,,,,
Mod O,2,5,3,Medium,Module,0,0,0,2/14/2023,,,,,,,,,,,,,
Mod O,2,5,4,Small,Module,0,0,0,2/14/2023,,,,,,,,,,,,,
Mod O,2,5,5,Medium,Module,0,0,0,2/14/2023,,,,,,,,,,,,,
Mod O,3,1,1,Small,Module,0,0,0,2/14/2023,,,,,,,,,,,,,
Mod O,3,1,2,Small,Module,0,0,0,2/14/2023,,,,,,,,,,,,,
Mod O,3,1,3,Small,Module,0,0,0,2/14/2023,,,,,,,,,,,,,
Mod O,3,1,4,Small,Module,0,0,0,2/14/2023,,,,,,,,,,,,,
Mod O,3,1,5,Small,Module,0,0,0,2/14/2023,,,,,,,,,,,,,
Mod O,3,2,1,Small,Module,0,0,0,2/14/2023,,,,,,,,,,,,,
Mod O,3,2,2,Small,Module,0,0,0,2/14/2023,,,,,,,,,,,,,
Mod O,3,2,3,Small,Module,0,0,0,2/14/2023,,,,,,,,,,,,,
Mod O,3,2,4,Small,Module,0,0,0,2/14/2023,,,,,,,,,,,,,
Mod O,3,2,5,Large,Module,0,0,0,2/14/2023,,,,,,,,,,,,,
Mod O,3,3,1,Medium,Module,0,0,0,2/14/2023,,,,,,,,,,,,,
Mod O,3,3,2,Small,Module,0,0,0,2/14/2023,,,,,,,,,,,,,
Mod O,3,3,3,Large,Module,0,0,0,2/14/2023,,,,,,,,,,,,,
Mod O,3,3,4,Large,Module,0,0,0,2/14/2023,,,,,,,,,,,,,
Mod O,3,3,5,Medium,Module,0,0,0,2/14/2023,,,,,,,,,,,,,
Mod O,3,4,1,Large,Module,0,0,0,2/14/2023,,,,,,,,,,,,,
Mod O,3,4,2,Large,Module,0,0,0,2/14/2023,,,,,,,,,,,,,
Mod O,3,4,3,Small,Module,0,0,0,2/14/2023,,,,,,,,,,,,,
Mod O,3,4,4,Medium,Module,0,0,0,2/14/2023,,,,,,,,,,,,,
Mod O,3,4,5,Large,Module,0,0,0,2/14/2023,,,,,,,,,,,,,
Mod O,3,5,1,Large,Module,0,0,0,2/14/2023,,,,,,,,,,,,,
Mod O,3,5,2,Large,Module,0,0,0,2/14/2023,,,,,,,,,,,,,
Mod O,3,5,3,Small,Module,0,0,0,2/14/2023,,,,,,,,,,,,,
Mod O,3,5,4,Large,Module,0,0,0,2/14/2023,,,,,,,,,,,,,
Mod O,3,5,5,Small,Module,0,0,0,2/14/2023,,,,,,,,,,,,,
Mod O,4,1,1,Large,Module,0,0,0,2/14/2023,,,,,,,,,,,,,
Mod O,4,1,2,Medium,Module,0,0,0,2/14/2023,,,,,,,,,,,,,
Mod O,4,1,3,Large,Module,0,0,0,2/14/2023,,,,,,,,,,,,,
Mod O,4,1,4,Large,Module,0,0,0,2/14/2023,,,,,,,,,,,,,
Mod O,4,1,5,Large,Module,0,0,0,2/14/2023,,,,,,,,,,,,,
Mod O,4,2,1,Large,Module,0,0,0,2/14/2023,,,,,,,,,,,,,
Mod O,4,2,2,Large,Module,0,0,0,2/14/2023,,,,,,,,,,,,,
Mod O,4,2,3,Large,Module,0,0,0,2/14/2023,,,,,,,,,,,,,
Mod O,4,2,4,Large,Module,0,0,0,2/14/2023,,,,,,,,,,,,,
Mod O,4,2,5,Large,Module,0,0,0,2/14/2023,,,,,,,,,,,,,
Mod O,4,3,1,Medium,Module,0,0,0,2/14/2023,,,,,,,,,,,,,
Mod O,4,3,2,Large,Module,0,0,0,2/14/2023,,,,,,,,,,,,,
Mod O,4,3,3,Large,Module,0,0,0,2/14/2023,,,,,,,,,,,,,
Mod O,4,3,4,Large,Module,0,0,0,2/14/2023,,,,,,,,,,,,,
Mod O,4,3,5,Large,Module,0,0,0,2/14/2023,,,,,,,,,,,,,
Mod O,4,4,1,Large,Module,0,0,0,2/14/2023,,,,,,,,,,,,,
Mod O,4,4,2,Medium,Module,0,0,0,2/14/2023,,,,,,,,,,,,,
Mod O,4,4,3,Large,Module,0,0,0,2/14/2023,,,,,,,,,,,,,
Mod O,4,4,4,Large,Module,0,0,0,2/14/2023,,,,,,,,,,,,,
Mod O,4,4,5,Large,Module,0,0,0,2/14/2023,,,,,,,,,,,,,
Mod O,4,5,1,Large,Module,0,0,0,2/14/2023,,,,,,,,,,,,,
Mod O,4,5,2,Large,Module,0,0,0,2/14/2023,,,,,,,,,,,,,
Mod O,4,5,3,Large,Module,0,0,0,2/14/2023,,,,,,,,,,,,,
Mod O,4,5,4,Large,Module,0,0,0,2/14/2023,,,,,,,,,,,,,
Mod O,4,5,5,Medium,Module,0,0,0,2/14/2023,,,,,,,,,,,,,
Mod O,5,1,1,Large,Module,0,0,0,2/14/2023,,,,,,,,,,,,,
Mod O,5,1,2,Large,Module,0,0,0,2/14/2023,,,,,,,,,,,,,
Mod O,5,1,3,Medium,Module,0,0,0,2/14/2023,,,,,,,,,,,,,
Mod O,5,1,4,Large,Module,0,0,0,2/14/2023,,,,,,,,,,,,,
Mod O,5,1,5,Large,Module,0,0,0,2/14/2023,,,,,,,,,,,,,
Mod O,5,2,1,Large,Module,0,0,0,2/14/2023,,,,,,,,,,,,,
Mod O,5,2,2,Medium,Module,0,0,0,2/14/2023,,,,,,,,,,,,,
Mod O,5,2,3,Large,Module,0,0,0,2/14/2023,,,,,,,,,,,,,
Mod O,5,2,4,Large,Module,0,0,0,2/14/2023,,,,,,,,,,,,,
Mod O,5,2,5,Medium,Module,0,0,0,2/14/2023,,,,,,,,,,,,,
Mod O,5,3,1,Large,Module,0,0,0,2/14/2023,,,,,,,,,,,,,
Mod O,5,3,2,Large,Module,0,0,0,2/14/2023,,,,,,,,,,,,,
Mod O,5,3,3,Large,Module,0,0,0,2/14/2023,,,,,,,,,,,,,
Mod O,5,3,4,Large,Module,0,0,0,2/14/2023,,,,,,,,,,,,,
Mod O,5,3,5,Large,Module,0,0,0,2/14/2023,,,,,,,,,,,,,
Mod O,5,4,1,Large,Module,0,0,0,2/14/2023,,,,,,,,,,,,,
Mod O,5,4,2,Large,Module,0,0,0,2/14/2023,,,,,,,,,,,,,
Mod O,5,4,3,Large,Module,0,0,0,2/14/2023,,,,,,,,,,,,,
Mod O,5,4,4,Large,Module,0,0,0,2/14/2023,,,,,,,,,,,,,
Mod O,5,4,5,Large,Module,0,0,0,2/14/2023,,,,,,,,,,,,,
Mod O,5,5,1,Large,Module,0,0,0,2/14/2023,,,,,,,,,,,,,
Mod O,5,5,2,Large,Module,0,0,0,2/14/2023,,,,,,,,,,,,,
Mod O,5,5,3,Large,Module,0,0,0,2/14/2023,,,,,,,,,,,,,
Mod O,5,5,4,Large,Module,0,0,0,2/14/2023,,,,,,,,,,,,,
Mod O,6,1,1,Medium,Module,0,0,0,2/14/2023,,,,,,,,,,,,,
Mod O,6,1,2,Medium,Module,0,0,0,2/14/2023,,,,,,,,,,,,,
Mod O,6,1,3,Large,Module,0,0,0,2/14/2023,,,,,,,,,,,,,
Mod O,6,1,4,Large,Module,0,0,0,2/14/2023,,,,,,,,,,,,,
Mod O,6,1,5,Large,Module,0,0,0,2/14/2023,,,,,,,,,,,,,
Mod O,6,2,1,Large,Module,0,0,0,2/14/2023,,,,,,,,,,,,,
Mod O,6,2,2,Small,Module,0,0,0,2/14/2023,,,,,,,,,,,,,
Mod O,6,2,3,Large,Module,0,0,0,2/14/2023,,,,,,,,,,,,,
Mod O,6,2,4,Medium,Module,0,0,0,2/14/2023,,,,,,,,,,,,,
Mod O,6,2,5,Large,Module,0,0,0,2/14/2023,,,,,,,,,,,,,
Mod O,6,3,1,Large,Module,0,0,0,2/14/2023,,,,,,,,,,,,,
Mod O,6,3,2,Large,Module,0,0,0,2/14/2023,,,,,,,,,,,,,
Mod O,6,3,3,Small,Module,0,0,0,2/14/2023,,,,,,,,,,,,,
Mod O,6,3,4,Large,Module,0,0,0,2/14/2023,,,,,,,,,,,,,
Mod O,6,3,5,Medium,Module,0,0,0,2/14/2023,,,,,,,,,,,,,
Mod O,6,4,1,Small,Module,0,0,0,2/14/2023,,,,,,,,,,,,,
Mod O,6,4,2,Large,Module,0,0,0,2/14/2023,,,,,,,,,,,,,
Mod O,6,4,3,Large,Module,0,0,0,2/14/2023,,,,,,,,,,,,,
Mod O,6,4,4,Medium,Module,0,0,0,2/14/2023,,,,,,,,,,,,,
Mod O,6,4,5,Large,Module,0,0,0,2/14/2023,,,,,,,,,,,,,
Mod O,6,5,1,Medium,Module,0,0,0,2/14/2023,,,,,,,,,,,,,
Mod O,6,5,2,Large,Module,0,0,0,2/14/2023,,,,,,,,,,,,,
Mod O,6,5,3,Medium,Module,0,0,0,2/14/2023,,,,,,,,,,,,,
Mod O,6,5,4,Large,Module,0,0,0,2/14/2023,,,,,,,,,,,,,
Mod O,6,5,5,Large,Module,0,0,0,2/14/2023,,,,,,,,,,,,,
Mod O,1,1,1,Small,Module,0,1,7,2/23/2023,,,,,,,,,,,,,
Mod O,1,1,2,Small,Module,0,1,7,2/23/2023,,,,,,,,,,,,,
Mod O,1,1,3,Small,Module,0,1,7,2/23/2023,,,,,,,,,,,,,
Mod O,1,1,4,Large,Module,0,1,7,2/23/2023,,,,,,,,,,,,,
Mod O,1,1,5,Small,Module,0,1,7,2/23/2023,,,,,,,,,,,,,
Mod O,1,2,1,Small,Module,0,1,7,2/23/2023,,,,,,,,,,,,,
Mod O,1,2,2,Large,Module,0,1,7,2/23/2023,,,,,,,,,,,,,
Mod O,1,2,3,Medium,Module,0,1,7,2/23/2023,,,,,,,,,,,,,
Mod O,1,2,4,Medium,Module,0,1,7,2/23/2023,,,,,,,,,,,,,
Mod O,1,2,5,Large,Module,0,1,7,2/23/2023,,,,,,,,,,,,,
Mod O,1,3,1,Small,Module,0,1,7,2/23/2023,,,,,,,,,,,,,
Mod O,1,3,2,Large,Module,0,1,7,2/23/2023,,,,,,,,,,,,,
Mod O,1,3,3,Small,Module,1,1,7,2/23/2023,,,,,,,,,,,,,
Mod O,1,3,4,Medium,Module,0,1,7,2/23/2023,,,,,,,,,,,,,
Mod O,1,3,5,Small,Module,0,1,7,2/23/2023,,,,,,,,,,,,,
Mod O,1,4,1,Large,Module,0,1,7,2/23/2023,,,,,,,,,,,,,
Mod O,1,4,2,Small,Module,0,1,7,2/23/2023,,,,,,,,,,,,,
Mod O,1,4,3,Large,Module,0,1,7,2/23/2023,,,,,,,,,,,,,
Mod O,1,4,4,Medium,Module,0,1,7,2/23/2023,,,,,,,,,,,,,
Mod O,1,4,5,Medium,Module,0,1,7,2/23/2023,,,,,,,,,,,,,
Mod O,1,5,1,Medium,Module,0,1,7,2/23/2023,,,,,,,,,,,,,
Mod O,1,5,2,Small,Module,0,1,7,2/23/2023,,,,,,,,,,,,,
Mod O,1,5,3,Medium,Module,0,1,7,2/23/2023,,,,,,,,,,,,,
Mod O,1,5,4,Small,Module,0,1,7,2/23/2023,,,,,,,,,,,,,
Mod O,1,5,5,Medium,Module,0,1,7,2/23/2023,,,,,,,,,,,,,
Mod O,2,1,1,Medium,Module,0,1,7,2/23/2023,,,,,,,,,,,,,
Mod O,2,1,2,Small,Module,1,1,7,2/23/2023,,,,,,,,,,,,,
Mod O,2,1,3,Medium,Module,0,1,7,2/23/2023,,,,,,,,,,,,,
Mod O,2,1,4,Small,Module,0,1,7,2/23/2023,,,,,,,,,,,,,
Mod O,2,1,5,Medium,Module,0,1,7,2/23/2023,,,,,,,,,,,,,
Mod O,2,2,1,Small,Module,0,1,7,2/23/2023,,,,,,,,,,,,,
Mod O,2,2,2,Small,Module,0,1,7,2/23/2023,,,,,,,,,,,,,
Mod O,2,2,3,Medium,Module,0,1,7,2/23/2023,,,,,,,,,,,,,
Mod O,2,2,4,Small,Module,0,1,7,2/23/2023,,,,,,,,,,,,,
Mod O,2,2,5,Large,Module,0,1,7,2/23/2023,,,,,,,,,,,,,
Mod O,2,3,1,Small,Module,0,1,7,2/23/2023,,,,,,,,,,,,,
Mod O,2,3,2,Small,Module,0,1,7,2/23/2023,,,,,,,,,,,,,
Mod O,2,3,3,Small,Module,0,1,7,2/23/2023,,,,,,,,,,,,,
Mod O,2,3,4,Small,Module,1,1,7,2/23/2023,,,,,,,,,,,,,
Mod O,2,3,5,Small,Module,0,1,7,2/23/2023,,,,,,,,,,,,,
Mod O,2,4,1,Small,Module,0,1,7,2/23/2023,,,,,,,,,,,,,
Mod O,2,4,2,Small,Module,0,1,7,2/23/2023,,,,,,,,,,,,,
Mod O,2,4,3,Medium,Module,0,1,7,2/23/2023,,,,,,,,,,,,,
Mod O,2,4,4,Small,Module,0,1,7,2/23/2023,,,,,,,,,,,,,
Mod O,2,4,5,Small,Module,0,1,7,2/23/2023,,,,,,,,,,,,,
Mod O,2,5,1,Medium,Module,0,1,7,2/23/2023,,,,,,,,,,,,,
Mod O,2,5,2,Large,Module,0,1,7,2/23/2023,,,,,,,,,,,,,
Mod O,2,5,3,Medium,Module,0,1,7,2/23/2023,,,,,,,,,,,,,
Mod O,2,5,4,Small,Module,0,1,7,2/23/2023,,,,,,,,,,,,,
Mod O,2,5,5,Medium,Module,0,1,7,2/23/2023,,,,,,,,,,,,,
Mod O,3,1,1,Small,Module,0,1,7,2/23/2023,,,,,,,,,,,,,
Mod O,3,1,2,Small,Module,0,1,7,2/23/2023,,,,,,,,,,,,,
Mod O,3,1,3,Small,Module,0,1,7,2/23/2023,,,,,,,,,,,,,
Mod O,3,1,4,Small,Module,0,1,7,2/23/2023,,,,,,,,,,,,,
Mod O,3,1,5,Small,Module,0,1,7,2/23/2023,,,,,,,,,,,,,
Mod O,3,2,1,Small,Module,1,1,7,2/23/2023,,,,,,,,,,,,,
Mod O,3,2,2,Small,Module,0,1,7,2/23/2023,,,,,,,,,,,,,
Mod O,3,2,3,Small,Module,0,1,7,2/23/2023,,,,,,,,,,,,,
Mod O,3,2,4,Small,Module,0,1,7,2/23/2023,,,,,,,,,,,,,
Mod O,3,2,5,Large,Module,0,1,7,2/23/2023,,,,,,,,,,,,,
Mod O,3,3,1,Medium,Module,0,1,7,2/23/2023,,,,,,,,,,,,,
Mod O,3,3,2,Small,Module,0,1,7,2/23/2023,,,,,,,,,,,,,
Mod O,3,3,3,Large,Module,0,1,7,2/23/2023,,,,,,,,,,,,,
Mod O,3,3,4,Large,Module,0,1,7,2/23/2023,,,,,,,,,,,,,
Mod O,3,3,5,Medium,Module,0,1,7,2/23/2023,,,,,,,,,,,,,
Mod O,3,4,1,Large,Module,0,1,7,2/23/2023,,,,,,,,,,,,,
Mod O,3,4,2,Large,Module,0,1,7,2/23/2023,,,,,,,,,,,,,
Mod O,3,4,3,Small,Module,0,1,7,2/23/2023,,,,,,,,,,,,,
Mod O,3,4,4,Medium,Module,0,1,7,2/23/2023,,,,,,,,,,,,,
Mod O,3,4,5,Large,Module,0,1,7,2/23/2023,,,,,,,,,,,,,
Mod O,3,5,1,Large,Module,0,1,7,2/23/2023,,,,,,,,,,,,,
Mod O,3,5,2,Large,Module,0,1,7,2/23/2023,,,,,,,,,,,,,
Mod O,3,5,3,Small,Module,0,1,7,2/23/2023,,,,,,,,,,,,,
Mod O,3,5,4,Large,Module,0,1,7,2/23/2023,,,,,,,,,,,,,
Mod O,3,5,5,Small,Module,0,1,7,2/23/2023,,,,,,,,,,,,,
Mod O,4,1,1,Large,Module,0,1,7,2/23/2023,,,,,,,,,,,,,
Mod O,4,1,2,Medium,Module,0,1,7,2/23/2023,,,,,,,,,,,,,
Mod O,4,1,3,Large,Module,0,1,7,2/23/2023,,,,,,,,,,,,,
Mod O,4,1,4,Large,Module,0,1,7,2/23/2023,,,,,,,,,,,,,
Mod O,4,1,5,Large,Module,0,1,7,2/23/2023,,,,,,,,,,,,,
Mod O,4,2,1,Large,Module,0,1,7,2/23/2023,,,,,,,,,,,,,
Mod O,4,2,2,Large,Module,0,1,7,2/23/2023,,,,,,,,,,,,,
Mod O,4,2,3,Large,Module,0,1,7,2/23/2023,,,,,,,,,,,,,
Mod O,4,2,4,Large,Module,0,1,7,2/23/2023,,,,,,,,,,,,,
Mod O,4,2,5,Large,Module,0,1,7,2/23/2023,,,,,,,,,,,,,
Mod O,4,3,1,Medium,Module,0,1,7,2/23/2023,,,,,,,,,,,,,
Mod O,4,3,2,Large,Module,0,1,7,2/23/2023,,,,,,,,,,,,,
Mod O,4,3,3,Large,Module,0,1,7,2/23/2023,,,,,,,,,,,,,
Mod O,4,3,4,Large,Module,0,1,7,2/23/2023,,,,,,,,,,,,,
Mod O,4,3,5,Large,Module,0,1,7,2/23/2023,,,,,,,,,,,,,
Mod O,4,4,1,Large,Module,0,1,7,2/23/2023,,,,,,,,,,,,,
Mod O,4,4,2,Medium,Module,0,1,7,2/23/2023,,,,,,,,,,,,,
Mod O,4,4,3,Large,Module,0,1,7,2/23/2023,,,,,,,,,,,,,
Mod O,4,4,4,Large,Module,0,1,7,2/23/2023,,,,,,,,,,,,,
Mod O,4,4,5,Large,Module,0,1,7,2/23/2023,,,,,,,,,,,,,
Mod O,4,5,1,Large,Module,0,1,7,2/23/2023,,,,,,,,,,,,,
Mod O,4,5,2,Large,Module,0,1,7,2/23/2023,,,,,,,,,,,,,
Mod O,4,5,3,Large,Module,1,1,7,2/23/2023,,,,,,,,,,,,,
Mod O,4,5,4,Large,Module,0,1,7,2/23/2023,,,,,,,,,,,,,
Mod O,4,5,5,Medium,Module,0,1,7,2/23/2023,,,,,,,,,,,,,
Mod O,5,1,1,Large,Module,0,1,7,2/23/2023,,,,,,,,,,,,,
Mod O,5,1,2,Large,Module,0,1,7,2/23/2023,,,,,,,,,,,,,
Mod O,5,1,3,Medium,Module,0,1,7,2/23/2023,,,,,,,,,,,,,
Mod O,5,1,4,Large,Module,0,1,7,2/23/2023,,,,,,,,,,,,,
Mod O,5,1,5,Large,Module,0,1,7,2/23/2023,,,,,,,,,,,,,
Mod O,5,2,1,Large,Module,0,1,7,2/23/2023,,,,,,,,,,,,,
Mod O,5,2,2,Medium,Module,0,1,7,2/23/2023,,,,,,,,,,,,,
Mod O,5,2,3,Large,Module,0,1,7,2/23/2023,,,,,,,,,,,,,
Mod O,5,2,4,Large,Module,0,1,7,2/23/2023,,,,,,,,,,,,,
Mod O,5,2,5,Medium,Module,0,1,7,2/23/2023,,,,,,,,,,,,,
Mod O,5,3,1,Large,Module,0,1,7,2/23/2023,,,,,,,,,,,,,
Mod O,5,3,2,Large,Module,0,1,7,2/23/2023,,,,,,,,,,,,,
Mod O,5,3,3,Large,Module,0,1,7,2/23/2023,,,,,,,,,,,,,
Mod O,5,3,4,Large,Module,0,1,7,2/23/2023,,,,,,,,,,,,,
Mod O,5,3,5,Large,Module,0,1,7,2/23/2023,,,,,,,,,,,,,
Mod O,5,4,1,Large,Module,0,1,7,2/23/2023,,,,,,,,,,,,,
Mod O,5,4,2,Large,Module,0,1,7,2/23/2023,,,,,,,,,,,,,
Mod O,5,4,3,Large,Module,0,1,7,2/23/2023,,,,,,,,,,,,,
Mod O,5,4,4,Large,Module,0,1,7,2/23/2023,,,,,,,,,,,,,
Mod O,5,4,5,Large,Module,0,1,7,2/23/2023,,,,,,,,,,,,,
Mod O,5,5,1,Large,Module,0,1,7,2/23/2023,,,,,,,,,,,,,
Mod O,5,5,2,Large,Module,0,1,7,2/23/2023,,,,,,,,,,,,,
Mod O,5,5,3,Large,Module,0,1,7,2/23/2023,,,,,,,,,,,,,
Mod O,5,5,4,Large,Module,0,1,7,2/23/2023,,,,,,,,,,,,,
Mod O,6,1,1,Medium,Module,0,1,7,2/23/2023,,,,,,,,,,,,,
Mod O,6,1,2,Medium,Module,0,1,7,2/23/2023,,,,,,,,,,,,,
Mod O,6,1,3,Large,Module,0,1,7,2/23/2023,,,,,,,,,,,,,
Mod O,6,1,4,Large,Module,0,1,7,2/23/2023,,,,,,,,,,,,,
Mod O,6,1,5,Large,Module,0,1,7,2/23/2023,,,,,,,,,,,,,
Mod O,6,2,1,Large,Module,0,1,7,2/23/2023,,,,,,,,,,,,,
Mod O,6,2,2,Small,Module,0,1,7,2/23/2023,,,,,,,,,,,,,
Mod O,6,2,3,Large,Module,0,1,7,2/23/2023,,,,,,,,,,,,,
Mod O,6,2,4,Medium,Module,0,1,7,2/23/2023,,,,,,,,,,,,,
Mod O,6,2,5,Large,Module,0,1,7,2/23/2023,,,,,,,,,,,,,
Mod O,6,3,1,Large,Module,0,1,7,2/23/2023,,,,,,,,,,,,,
Mod O,6,3,2,Large,Module,0,1,7,2/23/2023,,,,,,,,,,,,,
Mod O,6,3,3,Small,Module,0,1,7,2/23/2023,,,,,,,,,,,,,
Mod O,6,3,4,Large,Module,0,1,7,2/23/2023,,,,,,,,,,,,,
Mod O,6,3,5,Medium,Module,0,1,7,2/23/2023,,,,,,,,,,,,,
Mod O,6,4,1,Small,Module,0,1,7,2/23/2023,,,,,,,,,,,,,
Mod O,6,4,2,Large,Module,0,1,7,2/23/2023,,,,,,,,,,,,,
Mod O,6,4,3,Large,Module,0,1,7,2/23/2023,,,,,,,,,,,,,
Mod O,6,4,4,Medium,Module,0,1,7,2/23/2023,,,,,,,,,,,,,
Mod O,6,4,5,Large,Module,0,1,7,2/23/2023,,,,,,,,,,,,,
Mod O,6,5,1,Medium,Module,0,1,7,2/23/2023,,,,,,,,,,,,,
Mod O,6,5,2,Large,Module,0,1,7,2/23/2023,,,,,,,,,,,,,
Mod O,6,5,3,Medium,Module,0,1,7,2/23/2023,,,,,,,,,,,,,
Mod O,6,5,4,Large,Module,0,1,7,2/23/2023,,,,,,,,,,,,,
Mod O,6,5,5,Large,Module,0,1,7,2/23/2023,,,,,,,,,,,,,
Mod O,1,1,1,Small,Module,0,2,30,3/14/2023,,,,,,,,,,,,,
Mod O,1,1,2,Small,Module,0,2,30,3/14/2023,,,,,,,,,,,,,
Mod O,1,1,3,Small,Module,0,2,30,3/14/2023,,,,,,,,,,,,,
Mod O,1,1,4,Large,Module,0,2,30,3/14/2023,,,,,,,,,,,,,
Mod O,1,1,5,Small,Module,0,2,30,3/14/2023,,,,,,,,,,,,,
Mod O,1,2,1,Small,Module,0,2,30,3/14/2023,,,,,,,,,,,,,
Mod O,1,2,2,Large,Module,0,2,30,3/14/2023,,,,,,,,,,,,,
Mod O,1,2,3,Medium,Module,0,2,30,3/14/2023,,,,,,,,,,,,,
Mod O,1,2,4,Medium,Module,0,2,30,3/14/2023,,,,,,,,,,,,,
Mod O,1,2,5,Large,Module,0,2,30,3/14/2023,,,,,,,,,,,,,
Mod O,1,3,1,Small,Module,0,2,30,3/14/2023,,,,,,,,,,,,,
Mod O,1,3,2,Large,Module,0,2,30,3/14/2023,,,,,,,,,,,,,
Mod O,1,3,4,Medium,Module,0,2,30,3/14/2023,,,,,,,,,,,,,
Mod O,1,3,5,Small,Module,0,2,30,3/14/2023,,,,,,,,,,,,,
Mod O,1,4,1,Large,Module,0,2,30,3/14/2023,,,,,,,,,,,,,
Mod O,1,4,2,Small,Module,0,2,30,3/14/2023,,,,,,,,,,,,,
Mod O,1,4,3,Large,Module,0,2,30,3/14/2023,,,,,,,,,,,,,
Mod O,1,4,4,Medium,Module,0,2,30,3/14/2023,,,,,,,,,,,,,
Mod O,1,4,5,Medium,Module,0,2,30,3/14/2023,,,,,,,,,,,,,
Mod O,1,5,1,Medium,Module,0,2,30,3/14/2023,,,,,,,,,,,,,
Mod O,1,5,2,Small,Module,0,2,30,3/14/2023,,,,,,,,,,,,,
Mod O,1,5,3,Medium,Module,0,2,30,3/14/2023,,,,,,,,,,,,,
Mod O,1,5,4,Small,Module,0,2,30,3/14/2023,,,,,,,,,,,,,
Mod O,1,5,5,Medium,Module,0,2,30,3/14/2023,,,,,,,,,,,,,
Mod O,2,1,1,Medium,Module,0,2,30,3/14/2023,,,,,,,,,,,,,
Mod O,2,1,3,Medium,Module,0,2,30,3/14/2023,,,,,,,,,,,,,
Mod O,2,1,4,Small,Module,0,2,30,3/14/2023,,,,,,,,,,,,,
Mod O,2,1,5,Medium,Module,0,2,30,3/14/2023,,,,,,,,,,,,,
Mod O,2,2,1,Small,Module,0,2,30,3/14/2023,,,,,,,,,,,,,
Mod O,2,2,2,Small,Module,0,2,30,3/14/2023,,,,,,,,,,,,,
Mod O,2,2,3,Medium,Module,0,2,30,3/14/2023,,,,,,,,,,,,,
Mod O,2,2,4,Small,Module,0,2,30,3/14/2023,,,,,,,,,,,,,
Mod O,2,2,5,Large,Module,0,2,30,3/14/2023,,,,,,,,,,,,,
Mod O,2,3,1,Small,Module,0,2,30,3/14/2023,,,,,,,,,,,,,
Mod O,2,3,2,Small,Module,0,2,30,3/14/2023,,,,,,,,,,,,,
Mod O,2,3,3,Small,Module,0,2,30,3/14/2023,,,,,,,,,,,,,
Mod O,2,3,5,Small,Module,0,2,30,3/14/2023,,,,,,,,,,,,,
Mod O,2,4,1,Small,Module,0,2,30,3/14/2023,,,,,,,,,,,,,
Mod O,2,4,2,Small,Module,0,2,30,3/14/2023,,,,,,,,,,,,,
Mod O,2,4,3,Medium,Module,0,2,30,3/14/2023,,,,,,,,,,,,,
Mod O,2,4,4,Small,Module,0,2,30,3/14/2023,,,,,,,,,,,,,
Mod O,2,4,5,Small,Module,0,2,30,3/14/2023,,,,,,,,,,,,,
Mod O,2,5,1,Medium,Module,0,2,30,3/14/2023,,,,,,,,,,,,,
Mod O,2,5,2,Large,Module,0,2,30,3/14/2023,,,,,,,,,,,,,
Mod O,2,5,3,Medium,Module,0,2,30,3/14/2023,,,,,,,,,,,,,
Mod O,2,5,4,Small,Module,0,2,30,3/14/2023,,,,,,,,,,,,,
Mod O,2,5,5,Medium,Module,0,2,30,3/14/2023,,,,,,,,,,,,,
Mod O,3,1,1,Small,Module,0,2,30,3/14/2023,,,,,,,,,,,,,
Mod O,3,1,2,Small,Module,0,2,30,3/14/2023,,,,,,,,,,,,,
Mod O,3,1,3,Small,Module,0,2,30,3/14/2023,,,,,,,,,,,,,
Mod O,3,1,4,Small,Module,0,2,30,3/14/2023,,,,,,,,,,,,,
Mod O,3,1,5,Small,Module,1,2,30,3/14/2023,,,,,,,,,,,,,
Mod O,3,2,2,Small,Module,0,2,30,3/14/2023,,,,,,,,,,,,,
Mod O,3,2,3,Small,Module,0,2,30,3/14/2023,,,,,,,,,,,,,
Mod O,3,2,4,Small,Module,0,2,30,3/14/2023,,,,,,,,,,,,,
Mod O,3,2,5,Large,Module,0,2,30,3/14/2023,,,,,,,,,,,,,
Mod O,3,3,1,Medium,Module,0,2,30,3/14/2023,,,,,,,,,,,,,
Mod O,3,3,2,Small,Module,1,2,30,3/14/2023,,,,,,,,,,,,,
Mod O,3,3,3,Large,Module,0,2,30,3/14/2023,,,,,,,,,,,,,
Mod O,3,3,4,Large,Module,0,2,30,3/14/2023,,,,,,,,,,,,,
Mod O,3,3,5,Medium,Module,0,2,30,3/14/2023,,,,,,,,,,,,,
Mod O,3,4,1,Large,Module,0,2,30,3/14/2023,,,,,,,,,,,,,
Mod O,3,4,2,Large,Module,0,2,30,3/14/2023,,,,,,,,,,,,,
Mod O,3,4,3,Small,Module,0,2,30,3/14/2023,,,,,,,,,,,,,
Mod O,3,4,4,Medium,Module,0,2,30,3/14/2023,,,,,,,,,,,,,
Mod O,3,4,5,Large,Module,0,2,30,3/14/2023,,,,,,,,,,,,,
Mod O,3,5,1,Large,Module,0,2,30,3/14/2023,,,,,,,,,,,,,
Mod O,3,5,2,Large,Module,0,2,30,3/14/2023,,,,,,,,,,,,,
Mod O,3,5,3,Small,Module,0,2,30,3/14/2023,,,,,,,,,,,,,
Mod O,3,5,4,Large,Module,0,2,30,3/14/2023,,,,,,,,,,,,,
Mod O,3,5,5,Small,Module,0,2,30,3/14/2023,,,,,,,,,,,,,
Mod O,4,1,1,Large,Module,0,2,30,3/14/2023,,,,,,,,,,,,,
Mod O,4,1,2,Medium,Module,0,2,30,3/14/2023,,,,,,,,,,,,,
Mod O,4,1,3,Large,Module,0,2,30,3/14/2023,,,,,,,,,,,,,
Mod O,4,1,4,Large,Module,0,2,30,3/14/2023,,,,,,,,,,,,,
Mod O,4,1,5,Large,Module,0,2,30,3/14/2023,,,,,,,,,,,,,
Mod O,4,2,1,Large,Module,0,2,30,3/14/2023,,,,,,,,,,,,,
Mod O,4,2,2,Large,Module,0,2,30,3/14/2023,,,,,,,,,,,,,
Mod O,4,2,3,Large,Module,0,2,30,3/14/2023,,,,,,,,,,,,,
Mod O,4,2,4,Large,Module,0,2,30,3/14/2023,,,,,,,,,,,,,
Mod O,4,2,5,Large,Module,0,2,30,3/14/2023,,,,,,,,,,,,,
Mod O,4,3,1,Medium,Module,0,2,30,3/14/2023,,,,,,,,,,,,,
Mod O,4,3,2,Large,Module,0,2,30,3/14/2023,,,,,,,,,,,,,
Mod O,4,3,3,Large,Module,0,2,30,3/14/2023,,,,,,,,,,,,,
Mod O,4,3,4,Large,Module,0,2,30,3/14/2023,,,,,,,,,,,,,
Mod O,4,3,5,Large,Module,0,2,30,3/14/2023,,,,,,,,,,,,,
Mod O,4,4,1,Large,Module,0,2,30,3/14/2023,,,,,,,,,,,,,
Mod O,4,4,2,Medium,Module,0,2,30,3/14/2023,,,,,,,,,,,,,
Mod O,4,4,3,Large,Module,0,2,30,3/14/2023,,,,,,,,,,,,,
Mod O,4,4,4,Large,Module,0,2,30,3/14/2023,,,,,,,,,,,,,
Mod O,4,4,5,Large,Module,0,2,30,3/14/2023,,,,,,,,,,,,,
Mod O,4,5,1,Large,Module,0,2,30,3/14/2023,,,,,,,,,,,,,
Mod O,4,5,2,Large,Module,0,2,30,3/14/2023,,,,,,,,,,,,,
Mod O,4,5,4,Large,Module,0,2,30,3/14/2023,,,,,,,,,,,,,
Mod O,4,5,5,Medium,Module,0,2,30,3/14/2023,,,,,,,,,,,,,
Mod O,5,1,1,Large,Module,0,2,30,3/14/2023,,,,,,,,,,,,,
Mod O,5,1,2,Large,Module,0,2,30,3/14/2023,,,,,,,,,,,,,
Mod O,5,1,3,Medium,Module,0,2,30,3/14/2023,,,,,,,,,,,,,
Mod O,5,1,4,Large,Module,0,2,30,3/14/2023,,,,,,,,,,,,,
Mod O,5,1,5,Large,Module,0,2,30,3/14/2023,,,,,,,,,,,,,
Mod O,5,2,1,Large,Module,0,2,30,3/14/2023,,,,,,,,,,,,,
Mod O,5,2,2,Medium,Module,0,2,30,3/14/2023,,,,,,,,,,,,,
Mod O,5,2,3,Large,Module,0,2,30,3/14/2023,,,,,,,,,,,,,
Mod O,5,2,4,Large,Module,0,2,30,3/14/2023,,,,,,,,,,,,,
Mod O,5,2,5,Medium,Module,0,2,30,3/14/2023,,,,,,,,,,,,,
Mod O,5,3,1,Large,Module,0,2,30,3/14/2023,,,,,,,,,,,,,
Mod O,5,3,2,Large,Module,0,2,30,3/14/2023,,,,,,,,,,,,,
Mod O,5,3,3,Large,Module,0,2,30,3/14/2023,,,,,,,,,,,,,
Mod O,5,3,4,Large,Module,0,2,30,3/14/2023,,,,,,,,,,,,,
Mod O,5,3,5,Large,Module,0,2,30,3/14/2023,,,,,,,,,,,,,
Mod O,5,4,1,Large,Module,0,2,30,3/14/2023,,,,,,,,,,,,,
Mod O,5,4,2,Large,Module,0,2,30,3/14/2023,,,,,,,,,,,,,
Mod O,5,4,3,Large,Module,0,2,30,3/14/2023,,,,,,,,,,,,,
Mod O,5,4,4,Large,Module,0,2,30,3/14/2023,,,,,,,,,,,,,
Mod O,5,4,5,Large,Module,0,2,30,3/14/2023,,,,,,,,,,,,,
Mod O,5,5,1,Large,Module,0,2,30,3/14/2023,,,,,,,,,,,,,
Mod O,5,5,2,Large,Module,0,2,30,3/14/2023,,,,,,,,,,,,,
Mod O,5,5,3,Large,Module,0,2,30,3/14/2023,,,,,,,,,,,,,
Mod O,5,5,4,Large,Module,0,2,30,3/14/2023,,,,,,,,,,,,,
Mod O,6,1,1,Medium,Module,0,2,30,3/14/2023,,,,,,,,,,,,,
Mod O,6,1,2,Medium,Module,0,2,30,3/14/2023,,,,,,,,,,,,,
Mod O,6,1,3,Large,Module,0,2,30,3/14/2023,,,,,,,,,,,,,
Mod O,6,1,4,Large,Module,0,2,30,3/14/2023,,,,,,,,,,,,,
Mod O,6,1,5,Large,Module,0,2,30,3/14/2023,,,,,,,,,,,,,
Mod O,6,2,1,Large,Module,0,2,30,3/14/2023,,,,,,,,,,,,,
Mod O,6,2,2,Small,Module,0,2,30,3/14/2023,,,,,,,,,,,,,
Mod O,6,2,3,Large,Module,0,2,30,3/14/2023,,,,,,,,,,,,,
Mod O,6,2,4,Medium,Module,0,2,30,3/14/2023,,,,,,,,,,,,,
Mod O,6,2,5,Large,Module,0,2,30,3/14/2023,,,,,,,,,,,,,
Mod O,6,3,1,Large,Module,0,2,30,3/14/2023,,,,,,,,,,,,,
Mod O,6,3,2,Large,Module,0,2,30,3/14/2023,,,,,,,,,,,,,
Mod O,6,3,3,Small,Module,0,2,30,3/14/2023,,,,,,,,,,,,,
Mod O,6,3,4,Large,Module,0,2,30,3/14/2023,,,,,,,,,,,,,
Mod O,6,3,5,Medium,Module,0,2,30,3/14/2023,,,,,,,,,,,,,
Mod O,6,4,1,Small,Module,0,2,30,3/14/2023,,,,,,,,,,,,,
Mod O,6,4,2,Large,Module,0,2,30,3/14/2023,,,,,,,,,,,,,
Mod O,6,4,3,Large,Module,0,2,30,3/14/2023,,,,,,,,,,,,,
Mod O,6,4,4,Medium,Module,0,2,30,3/14/2023,,,,,,,,,,,,,
Mod O,6,4,5,Large,Module,0,2,30,3/14/2023,,,,,,,,,,,,,
Mod O,6,5,1,Medium,Module,0,2,30,3/14/2023,,,,,,,,,,,,,
Mod O,6,5,2,Large,Module,0,2,30,3/14/2023,,,,,,,,,,,,,
Mod O,6,5,3,Medium,Module,0,2,30,3/14/2023,,,,,,,,,,,,,
Mod O,6,5,4,Large,Module,0,2,30,3/14/2023,,,,,,,,,,,,,
Mod O,6,5,5,Large,Module,0,2,30,3/14/2023,,,,,,,,,,,,,
Mod O,1,1,1,Small,Module,0,3,90,5/17/2023,,,,,,,,,,,,,
Mod O,1,1,2,Small,Module,0,3,90,5/17/2023,,,,,,,,,,,,,
Mod O,1,1,3,Small,Module,0,3,90,5/17/2023,,,,,,,,,,,,,
Mod O,1,1,4,Large,Module,0,3,90,5/17/2023,,,,,,,,,,,,,
Mod O,1,1,5,Small,Module,0,3,90,5/17/2023,,,,,,,,,,,,,
Mod O,1,2,1,Small,Module,0,3,90,5/17/2023,,,,,,,,,,,,,
Mod O,1,2,2,Large,Module,0,3,90,5/17/2023,,,,,,,,,,,,,
Mod O,1,2,3,Medium,Module,0,3,90,5/17/2023,,,,,,,,,,,,,
Mod O,1,2,4,Medium,Module,0,3,90,5/17/2023,,,,,,,,,,,,,
Mod O,1,2,5,Large,Module,0,3,90,5/17/2023,,,,,,,,,,,,,
Mod O,1,3,1,Small,Module,0,3,90,5/17/2023,,,,,,,,,,,,,
Mod O,1,3,2,Large,Module,0,3,90,5/17/2023,,,,,,,,,,,,,
Mod O,1,3,4,Medium,Module,0,3,90,5/17/2023,,,,,,,,,,,,,
Mod O,1,3,5,Small,Module,0,3,90,5/17/2023,,,,,,,,,,,,,
Mod O,1,4,1,Large,Module,0,3,90,5/17/2023,,,,,,,,,,,,,
Mod O,1,4,2,Small,Module,0,3,90,5/17/2023,,,,,,,,,,,,,
Mod O,1,4,3,Large,Module,0,3,90,5/17/2023,,,,,,,,,,,,,
Mod O,1,4,4,Medium,Module,0,3,90,5/17/2023,,,,,,,,,,,,,
Mod O,1,4,5,Medium,Module,0,3,90,5/17/2023,,,,,,,,,,,,,
Mod O,1,5,1,Medium,Module,0,3,90,5/17/2023,,,,,,,,,,,,,
Mod O,1,5,2,Small,Module,0,3,90,5/17/2023,,,,,,,,,,,,,
Mod O,1,5,3,Medium,Module,0,3,90,5/17/2023,,,,,,,,,,,,,
Mod O,1,5,4,Small,Module,1,3,90,5/17/2023,,,,,,,,,,,,,
Mod O,1,5,5,Medium,Module,0,3,90,5/17/2023,,,,,,,,,,,,,
Mod O,2,1,1,Medium,Module,0,3,90,5/17/2023,,,,,,,,,,,,,
Mod O,2,1,3,Medium,Module,0,3,90,5/17/2023,,,,,,,,,,,,,
Mod O,2,1,4,Small,Module,0,3,90,5/17/2023,,,,,,,,,,,,,
Mod O,2,1,5,Medium,Module,0,3,90,5/17/2023,,,,,,,,,,,,,
Mod O,2,2,1,Small,Module,0,3,90,5/17/2023,,,,,,,,,,,,,
Mod O,2,2,2,Small,Module,0,3,90,5/17/2023,,,,,,,,,,,,,
Mod O,2,2,3,Medium,Module,0,3,90,5/17/2023,,,,,,,,,,,,,
Mod O,2,2,4,Small,Module,0,3,90,5/17/2023,,,,,,,,,,,,,
Mod O,2,2,5,Large,Module,0,3,90,5/17/2023,,,,,,,,,,,,,
Mod O,2,3,1,Small,Module,0,3,90,5/17/2023,,,,,,,,,,,,,
Mod O,2,3,2,Small,Module,0,3,90,5/17/2023,,,,,,,,,,,,,
Mod O,2,3,3,Small,Module,0,3,90,5/17/2023,,,,,,,,,,,,,
Mod O,2,3,5,Small,Module,0,3,90,5/17/2023,,,,,,,,,,,,,
Mod O,2,4,1,Small,Module,0,3,90,5/17/2023,,,,,,,,,,,,,
Mod O,2,4,2,Small,Module,0,3,90,5/17/2023,,,,,,,,,,,,,
Mod O,2,4,3,Medium,Module,0,3,90,5/17/2023,,,,,,,,,,,,,
Mod O,2,4,4,Small,Module,0,3,90,5/17/2023,,,,,,,,,,,,,
Mod O,2,4,5,Small,Module,0,3,90,5/17/2023,,,,,,,,,,,,,
Mod O,2,5,1,Medium,Module,0,3,90,5/17/2023,,,,,,,,,,,,,
Mod O,2,5,2,Large,Module,0,3,90,5/17/2023,,,,,,,,,,,,,
Mod O,2,5,3,Medium,Module,0,3,90,5/17/2023,,,,,,,,,,,,,
Mod O,2,5,4,Small,Module,0,3,90,5/17/2023,,,,,,,,,,,,,
Mod O,2,5,5,Medium,Module,0,3,90,5/17/2023,,,,,,,,,,,,,
Mod O,3,1,1,Small,Module,0,3,90,5/17/2023,,,,,,,,,,,,,
Mod O,3,1,2,Small,Module,0,3,90,5/17/2023,,,,,,,,,,,,,
Mod O,3,1,3,Small,Module,0,3,90,5/17/2023,,,,,,,,,,,,,
Mod O,3,1,4,Small,Module,0,3,90,5/17/2023,,,,,,,,,,,,,
Mod O,3,2,2,Small,Module,0,3,90,5/17/2023,,,,,,,,,,,,,
Mod O,3,2,3,Small,Module,0,3,90,5/17/2023,,,,,,,,,,,,,
Mod O,3,2,4,Small,Module,0,3,90,5/17/2023,,,,,,,,,,,,,
Mod O,3,2,5,Large,Module,0,3,90,5/17/2023,,,,,,,,,,,,,
Mod O,3,3,1,Medium,Module,0,3,90,5/17/2023,,,,,,,,,,,,,
Mod O,3,3,3,Large,Module,0,3,90,5/17/2023,,,,,,,,,,,,,
Mod O,3,3,4,Large,Module,0,3,90,5/17/2023,,,,,,,,,,,,,
Mod O,3,3,5,Medium,Module,0,3,90,5/17/2023,,,,,,,,,,,,,
Mod O,3,4,1,Large,Module,0,3,90,5/17/2023,,,,,,,,,,,,,
Mod O,3,4,2,Large,Module,0,3,90,5/17/2023,,,,,,,,,,,,,
Mod O,3,4,3,Small,Module,0,3,90,5/17/2023,,,,,,,,,,,,,
Mod O,3,4,4,Medium,Module,0,3,90,5/17/2023,,,,,,,,,,,,,
Mod O,3,4,5,Large,Module,0,3,90,5/17/2023,,,,,,,,,,,,,
Mod O,3,5,1,Large,Module,0,3,90,5/17/2023,,,,,,,,,,,,,
Mod O,3,5,2,Large,Module,0,3,90,5/17/2023,,,,,,,,,,,,,
Mod O,3,5,3,Small,Module,0,3,90,5/17/2023,,,,,,,,,,,,,
Mod O,3,5,4,Large,Module,0,3,90,5/17/2023,,,,,,,,,,,,,
Mod O,3,5,5,Small,Module,0,3,90,5/17/2023,,,,,,,,,,,,,
Mod O,4,1,1,Large,Module,0,3,90,5/17/2023,,,,,,,,,,,,,
Mod O,4,1,2,Medium,Module,0,3,90,5/17/2023,,,,,,,,,,,,,
Mod O,4,1,3,Large,Module,0,3,90,5/17/2023,,,,,,,,,,,,,
Mod O,4,1,4,Large,Module,0,3,90,5/17/2023,,,,,,,,,,,,,
Mod O,4,1,5,Large,Module,0,3,90,5/17/2023,,,,,,,,,,,,,
Mod O,4,2,1,Large,Module,0,3,90,5/17/2023,,,,,,,,,,,,,
Mod O,4,2,2,Large,Module,0,3,90,5/17/2023,,,,,,,,,,,,,
Mod O,4,2,3,Large,Module,0,3,90,5/17/2023,,,,,,,,,,,,,
Mod O,4,2,4,Large,Module,0,3,90,5/17/2023,,,,,,,,,,,,,
Mod O,4,2,5,Large,Module,0,3,90,5/17/2023,,,,,,,,,,,,,
Mod O,4,3,1,Medium,Module,0,3,90,5/17/2023,,,,,,,,,,,,,
Mod O,4,3,2,Large,Module,0,3,90,5/17/2023,,,,,,,,,,,,,
Mod O,4,3,3,Large,Module,0,3,90,5/17/2023,,,,,,,,,,,,,
Mod O,4,3,4,Large,Module,0,3,90,5/17/2023,,,,,,,,,,,,,
Mod O,4,3,5,Large,Module,0,3,90,5/17/2023,,,,,,,,,,,,,
Mod O,4,4,1,Large,Module,0,3,90,5/17/2023,,,,,,,,,,,,,
Mod O,4,4,2,Medium,Module,0,3,90,5/17/2023,,,,,,,,,,,,,
Mod O,4,4,3,Large,Module,0,3,90,5/17/2023,,,,,,,,,,,,,
Mod O,4,4,4,Large,Module,0,3,90,5/17/2023,,,,,,,,,,,,,
Mod O,4,4,5,Large,Module,0,3,90,5/17/2023,,,,,,,,,,,,,
Mod O,4,5,1,Large,Module,0,3,90,5/17/2023,,,,,,,,,,,,,
Mod O,4,5,2,Large,Module,0,3,90,5/17/2023,,,,,,,,,,,,,
Mod O,4,5,4,Large,Module,0,3,90,5/17/2023,,,,,,,,,,,,,
Mod O,4,5,5,Medium,Module,0,3,90,5/17/2023,,,,,,,,,,,,,
Mod O,5,1,1,Large,Module,0,3,90,5/17/2023,,,,,,,,,,,,,
Mod O,5,1,2,Large,Module,0,3,90,5/17/2023,,,,,,,,,,,,,
Mod O,5,1,3,Medium,Module,0,3,90,5/17/2023,,,,,,,,,,,,,
Mod O,5,1,4,Large,Module,0,3,90,5/17/2023,,,,,,,,,,,,,
Mod O,5,1,5,Large,Module,0,3,90,5/17/2023,,,,,,,,,,,,,
Mod O,5,2,1,Large,Module,0,3,90,5/17/2023,,,,,,,,,,,,,
Mod O,5,2,2,Medium,Module,0,3,90,5/17/2023,,,,,,,,,,,,,
Mod O,5,2,3,Large,Module,0,3,90,5/17/2023,,,,,,,,,,,,,
Mod O,5,2,4,Large,Module,0,3,90,5/17/2023,,,,,,,,,,,,,
Mod O,5,2,5,Medium,Module,0,3,90,5/17/2023,,,,,,,,,,,,,
Mod O,5,3,1,Large,Module,0,3,90,5/17/2023,,,,,,,,,,,,,
Mod O,5,3,2,Large,Module,0,3,90,5/17/2023,,,,,,,,,,,,,
Mod O,5,3,3,Large,Module,0,3,90,5/17/2023,,,,,,,,,,,,,
Mod O,5,3,4,Large,Module,0,3,90,5/17/2023,,,,,,,,,,,,,
Mod O,5,3,5,Large,Module,0,3,90,5/17/2023,,,,,,,,,,,,,
Mod O,5,4,1,Large,Module,0,3,90,5/17/2023,,,,,,,,,,,,,
Mod O,5,4,2,Large,Module,0,3,90,5/17/2023,,,,,,,,,,,,,
Mod O,5,4,3,Large,Module,0,3,90,5/17/2023,,,,,,,,,,,,,
Mod O,5,4,4,Large,Module,0,3,90,5/17/2023,,,,,,,,,,,,,
Mod O,5,4,5,Large,Module,0,3,90,5/17/2023,,,,,,,,,,,,,
Mod O,5,5,1,Large,Module,0,3,90,5/17/2023,,,,,,,,,,,,,
Mod O,5,5,2,Large,Module,0,3,90,5/17/2023,,,,,,,,,,,,,
Mod O,5,5,3,Large,Module,0,3,90,5/17/2023,,,,,,,,,,,,,
Mod O,5,5,4,Large,Module,0,3,90,5/17/2023,,,,,,,,,,,,,
Mod O,6,1,1,Medium,Module,0,3,90,5/17/2023,,,,,,,,,,,,,
Mod O,6,1,2,Medium,Module,0,3,90,5/17/2023,,,,,,,,,,,,,
Mod O,6,1,3,Large,Module,0,3,90,5/17/2023,,,,,,,,,,,,,
Mod O,6,1,4,Large,Module,0,3,90,5/17/2023,,,,,,,,,,,,,
Mod O,6,1,5,Large,Module,0,3,90,5/17/2023,,,,,,,,,,,,,
Mod O,6,2,1,Large,Module,0,3,90,5/17/2023,,,,,,,,,,,,,
Mod O,6,2,2,Small,Module,0,3,90,5/17/2023,,,,,,,,,,,,,
Mod O,6,2,3,Large,Module,0,3,90,5/17/2023,,,,,,,,,,,,,
Mod O,6,2,4,Medium,Module,0,3,90,5/17/2023,,,,,,,,,,,,,
Mod O,6,2,5,Large,Module,0,3,90,5/17/2023,,,,,,,,,,,,,
Mod O,6,3,1,Large,Module,0,3,90,5/17/2023,,,,,,,,,,,,,
Mod O,6,3,2,Large,Module,0,3,90,5/17/2023,,,,,,,,,,,,,
Mod O,6,3,3,Small,Module,0,3,90,5/17/2023,,,,,,,,,,,,,
Mod O,6,3,4,Large,Module,0,3,90,5/17/2023,,,,,,,,,,,,,
Mod O,6,3,5,Medium,Module,0,3,90,5/17/2023,,,,,,,,,,,,,
Mod O,6,4,1,Small,Module,0,3,90,5/17/2023,,,,,,,,,,,,,
Mod O,6,4,2,Large,Module,0,3,90,5/17/2023,,,,,,,,,,,,,
Mod O,6,4,3,Large,Module,0,3,90,5/17/2023,,,,,,,,,,,,,
Mod O,6,4,4,Medium,Module,0,3,90,5/17/2023,,,,,,,,,,,,,
Mod O,6,4,5,Large,Module,0,3,90,5/17/2023,,,,,,,,,,,,,
Mod O,6,5,1,Medium,Module,0,3,90,5/17/2023,,,,,,,,,,,,,
Mod O,6,5,2,Large,Module,0,3,90,5/17/2023,,,,,,,,,,,,,
Mod O,6,5,3,Medium,Module,0,3,90,5/17/2023,,,,,,,,,,,,,
Mod O,6,5,4,Large,Module,0,3,90,5/17/2023,,,,,,,,,,,,,
Mod O,6,5,5,Large,Module,0,3,90,5/17/2023,,,,,,,,,,,,,
Mod O,1,1,1,Small,Module,0,4,180,8/9/2023,,,,,,,,,,,,,
Mod O,1,1,2,Small,Module,0,4,180,8/9/2023,,,,,,,,,,,,,
Mod O,1,1,3,Small,Module,0,4,180,8/9/2023,,,,,,,,,,,,,
Mod O,1,1,4,Large,Module,0,4,180,8/9/2023,,,,,,,,,,,,,
Mod O,1,1,5,Small,Module,0,4,180,8/9/2023,,,,,,,,,,,,,
Mod O,1,2,1,Small,Module,0,4,180,8/9/2023,,,,,,,,,,,,,
Mod O,1,2,2,Large,Module,0,4,180,8/9/2023,,,,,,,,,,,,,
Mod O,1,2,3,Medium,Module,0,4,180,8/9/2023,,,,,,,,,,,,,
Mod O,1,2,4,Medium,Module,0,4,180,8/9/2023,,,,,,,,,,,,,
Mod O,1,2,5,Large,Module,0,4,180,8/9/2023,,,,,,,,,,,,,
Mod O,1,3,1,Small,Module,0,4,180,8/9/2023,,,,,,,,,,,,,
Mod O,1,3,2,Large,Module,0,4,180,8/9/2023,,,,,,,,,,,,,
Mod O,1,3,4,Medium,Module,0,4,180,8/9/2023,,,,,,,,,,,,,
Mod O,1,3,5,Small,Module,0,4,180,8/9/2023,,,,,,,,,,,,,
Mod O,1,4,1,Large,Module,1,4,180,8/9/2023,,,,,,,,,,,,,
Mod O,1,4,2,Small,Module,0,4,180,8/9/2023,,,,,,,,,,,,,
Mod O,1,4,3,Large,Module,0,4,180,8/9/2023,,,,,,,,,,,,,
Mod O,1,4,4,Medium,Module,0,4,180,8/9/2023,,,,,,,,,,,,,
Mod O,1,4,5,Medium,Module,0,4,180,8/9/2023,,,,,,,,,,,,,
Mod O,1,5,1,Medium,Module,0,4,180,8/9/2023,,,,,,,,,,,,,
Mod O,1,5,2,Small,Module,0,4,180,8/9/2023,,,,,,,,,,,,,
Mod O,1,5,3,Medium,Module,1,4,180,8/9/2023,,,,,,,,,,,,,
Mod O,1,5,5,Medium,Module,0,4,180,8/9/2023,,,,,,,,,,,,,
Mod O,2,1,1,Medium,Module,0,4,180,8/9/2023,,,,,,,,,,,,,
Mod O,2,1,3,Medium,Module,0,4,180,8/9/2023,,,,,,,,,,,,,
Mod O,2,1,4,Small,Module,1,4,180,8/9/2023,,,,,,,,,,,,,
Mod O,2,1,5,Medium,Module,0,4,180,8/9/2023,,,,,,,,,,,,,
Mod O,2,2,1,Small,Module,0,4,180,8/9/2023,,,,,,,,,,,,,
Mod O,2,2,2,Small,Module,1,4,180,8/9/2023,,,,,,,,,,,,,
Mod O,2,2,3,Medium,Module,0,4,180,8/9/2023,,,,,,,,,,,,,
Mod O,2,2,4,Small,Module,0,4,180,8/9/2023,,,,,,,,,,,,,
Mod O,2,2,5,Large,Module,0,4,180,8/9/2023,,,,,,,,,,,,,
Mod O,2,3,1,Small,Module,0,4,180,8/9/2023,,,,,,,,,,,,,
Mod O,2,3,2,Small,Module,0,4,180,8/9/2023,,,,,,,,,,,,,
Mod O,2,3,3,Small,Module,0,4,180,8/9/2023,,,,,,,,,,,,,
Mod O,2,3,5,Small,Module,0,4,180,8/9/2023,,,,,,,,,,,,,
Mod O,2,4,1,Small,Module,0,4,180,8/9/2023,,,,,,,,,,,,,
Mod O,2,4,2,Small,Module,0,4,180,8/9/2023,,,,,,,,,,,,,
Mod O,2,4,3,Medium,Module,0,4,180,8/9/2023,,,,,,,,,,,,,
Mod O,2,4,4,Small,Module,0,4,180,8/9/2023,,,,,,,,,,,,,
Mod O,2,4,5,Small,Module,0,4,180,8/9/2023,,,,,,,,,,,,,
Mod O,2,5,1,Medium,Module,0,4,180,8/9/2023,,,,,,,,,,,,,
Mod O,2,5,2,Large,Module,0,4,180,8/9/2023,,,,,,,,,,,,,
Mod O,2,5,3,Medium,Module,0,4,180,8/9/2023,,,,,,,,,,,,,
Mod O,2,5,4,Small,Module,0,4,180,8/9/2023,,,,,,,,,,,,,
Mod O,2,5,5,Medium,Module,0,4,180,8/9/2023,,,,,,,,,,,,,
Mod O,3,1,1,Small,Module,1,4,180,8/9/2023,,,,,,,,,,,,,
Mod O,3,1,2,Small,Module,0,4,180,8/9/2023,,,,,,,,,,,,,
Mod O,3,1,3,Small,Module,0,4,180,8/9/2023,,,,,,,,,,,,,
Mod O,3,1,4,Small,Module,0,4,180,8/9/2023,,,,,,,,,,,,,
Mod O,3,2,2,Small,Module,0,4,180,8/9/2023,,,,,,,,,,,,,
Mod O,3,2,3,Small,Module,0,4,180,8/9/2023,,,,,,,,,,,,,
Mod O,3,2,4,Small,Module,0,4,180,8/9/2023,,,,,,,,,,,,,
Mod O,3,2,5,Large,Module,0,4,180,8/9/2023,,,,,,,,,,,,,
Mod O,3,3,1,Medium,Module,0,4,180,8/9/2023,,,,,,,,,,,,,
Mod O,3,3,3,Large,Module,0,4,180,8/9/2023,,,,,,,,,,,,,
Mod O,3,3,4,Large,Module,0,4,180,8/9/2023,,,,,,,,,,,,,
Mod O,3,3,5,Medium,Module,0,4,180,8/9/2023,,,,,,,,,,,,,
Mod O,3,4,1,Large,Module,0,4,180,8/9/2023,,,,,,,,,,,,,
Mod O,3,4,2,Large,Module,0,4,180,8/9/2023,,,,,,,,,,,,,
Mod O,3,4,3,Small,Module,0,4,180,8/9/2023,,,,,,,,,,,,,
Mod O,3,4,4,Medium,Module,0,4,180,8/9/2023,,,,,,,,,,,,,
Mod O,3,4,5,Large,Module,0,4,180,8/9/2023,,,,,,,,,,,,,
Mod O,3,5,1,Large,Module,0,4,180,8/9/2023,,,,,,,,,,,,,
Mod O,3,5,2,Large,Module,0,4,180,8/9/2023,,,,,,,,,,,,,
Mod O,3,5,3,Small,Module,0,4,180,8/9/2023,,,,,,,,,,,,,
Mod O,3,5,4,Large,Module,0,4,180,8/9/2023,,,,,,,,,,,,,
Mod O,3,5,5,Small,Module,0,4,180,8/9/2023,,,,,,,,,,,,,
Mod O,4,1,1,Large,Module,1,4,180,8/9/2023,,,,,,,,,,,,,
Mod O,4,1,2,Medium,Module,1,4,180,8/9/2023,,,,,,,,,,,,,
Mod O,4,1,3,Large,Module,0,4,180,8/9/2023,,,,,,,,,,,,,
Mod O,4,1,4,Large,Module,0,4,180,8/9/2023,,,,,,,,,,,,,
Mod O,4,1,5,Large,Module,0,4,180,8/9/2023,,,,,,,,,,,,,
Mod O,4,2,1,Large,Module,0,4,180,8/9/2023,,,,,,,,,,,,,
Mod O,4,2,2,Large,Module,0,4,180,8/9/2023,,,,,,,,,,,,,
Mod O,4,2,3,Large,Module,0,4,180,8/9/2023,,,,,,,,,,,,,
Mod O,4,2,4,Large,Module,1,4,180,8/9/2023,,,,,,,,,,,,,
Mod O,4,2,5,Large,Module,0,4,180,8/9/2023,,,,,,,,,,,,,
Mod O,4,3,1,Medium,Module,0,4,180,8/9/2023,,,,,,,,,,,,,
Mod O,4,3,2,Large,Module,0,4,180,8/9/2023,,,,,,,,,,,,,
Mod O,4,3,3,Large,Module,0,4,180,8/9/2023,,,,,,,,,,,,,
Mod O,4,3,4,Large,Module,0,4,180,8/9/2023,,,,,,,,,,,,,
Mod O,4,3,5,Large,Module,0,4,180,8/9/2023,,,,,,,,,,,,,
Mod O,4,4,1,Large,Module,1,4,180,8/9/2023,,,,,,,,,,,,,
Mod O,4,4,2,Medium,Module,1,4,180,8/9/2023,,,,,,,,,,,,,
Mod O,4,4,3,Large,Module,0,4,180,8/9/2023,,,,,,,,,,,,,
Mod O,4,4,4,Large,Module,0,4,180,8/9/2023,,,,,,,,,,,,,
Mod O,4,4,5,Large,Module,0,4,180,8/9/2023,,,,,,,,,,,,,
Mod O,4,5,1,Large,Module,0,4,180,8/9/2023,,,,,,,,,,,,,
Mod O,4,5,2,Large,Module,0,4,180,8/9/2023,,,,,,,,,,,,,
Mod O,4,5,4,Large,Module,0,4,180,8/9/2023,,,,,,,,,,,,,
Mod O,4,5,5,Medium,Module,1,4,180,8/9/2023,,,,,,,,,,,,,
Mod O,5,1,1,Large,Module,0,4,180,8/9/2023,,,,,,,,,,,,,
Mod O,5,1,2,Large,Module,0,4,180,8/9/2023,,,,,,,,,,,,,
Mod O,5,1,3,Medium,Module,0,4,180,8/9/2023,,,,,,,,,,,,,
Mod O,5,1,4,Large,Module,0,4,180,8/9/2023,,,,,,,,,,,,,
Mod O,5,1,5,Large,Module,0,4,180,8/9/2023,,,,,,,,,,,,,
Mod O,5,2,1,Large,Module,0,4,180,8/9/2023,,,,,,,,,,,,,
Mod O,5,2,2,Medium,Module,0,4,180,8/9/2023,,,,,,,,,,,,,
Mod O,5,2,3,Large,Module,0,4,180,8/9/2023,,,,,,,,,,,,,
Mod O,5,2,4,Large,Module,0,4,180,8/9/2023,,,,,,,,,,,,,
Mod O,5,2,5,Medium,Module,0,4,180,8/9/2023,,,,,,,,,,,,,
Mod O,5,3,1,Large,Module,0,4,180,8/9/2023,,,,,,,,,,,,,
Mod O,5,3,2,Large,Module,0,4,180,8/9/2023,,,,,,,,,,,,,
Mod O,5,3,3,Large,Module,0,4,180,8/9/2023,,,,,,,,,,,,,
Mod O,5,3,4,Large,Module,0,4,180,8/9/2023,,,,,,,,,,,,,
Mod O,5,3,5,Large,Module,0,4,180,8/9/2023,,,,,,,,,,,,,
Mod O,5,4,1,Large,Module,0,4,180,8/9/2023,,,,,,,,,,,,,
Mod O,5,4,2,Large,Module,0,4,180,8/9/2023,,,,,,,,,,,,,
Mod O,5,4,3,Large,Module,0,4,180,8/9/2023,,,,,,,,,,,,,
Mod O,5,4,4,Large,Module,0,4,180,8/9/2023,,,,,,,,,,,,,
Mod O,5,4,5,Large,Module,0,4,180,8/9/2023,,,,,,,,,,,,,
Mod O,5,5,1,Large,Module,1,4,180,8/9/2023,,,,,,,,,,,,,
Mod O,5,5,2,Large,Module,0,4,180,8/9/2023,,,,,,,,,,,,,
Mod O,5,5,3,Large,Module,0,4,180,8/9/2023,,,,,,,,,,,,,
Mod O,5,5,4,Large,Module,0,4,180,8/9/2023,,,,,,,,,,,,,
Mod O,6,1,1,Medium,Module,0,4,180,8/9/2023,,,,,,,,,,,,,
Mod O,6,1,2,Medium,Module,0,4,180,8/9/2023,,,,,,,,,,,,,
Mod O,6,1,3,Large,Module,0,4,180,8/9/2023,,,,,,,,,,,,,
Mod O,6,1,4,Large,Module,1,4,180,8/9/2023,,,,,,,,,,,,,
Mod O,6,1,5,Large,Module,0,4,180,8/9/2023,,,,,,,,,,,,,
Mod O,6,2,1,Large,Module,0,4,180,8/9/2023,,,,,,,,,,,,,
Mod O,6,2,2,Small,Module,0,4,180,8/9/2023,,,,,,,,,,,,,
Mod O,6,2,3,Large,Module,0,4,180,8/9/2023,,,,,,,,,,,,,
Mod O,6,2,4,Medium,Module,0,4,180,8/9/2023,,,,,,,,,,,,,
Mod O,6,2,5,Large,Module,0,4,180,8/9/2023,,,,,,,,,,,,,
Mod O,6,3,1,Large,Module,0,4,180,8/9/2023,,,,,,,,,,,,,
Mod O,6,3,2,Large,Module,0,4,180,8/9/2023,,,,,,,,,,,,,
Mod O,6,3,3,Small,Module,0,4,180,8/9/2023,,,,,,,,,,,,,
Mod O,6,3,4,Large,Module,0,4,180,8/9/2023,,,,,,,,,,,,,
Mod O,6,3,5,Medium,Module,0,4,180,8/9/2023,,,,,,,,,,,,,
Mod O,6,4,1,Small,Module,0,4,180,8/9/2023,,,,,,,,,,,,,
Mod O,6,4,2,Large,Module,0,4,180,8/9/2023,,,,,,,,,,,,,
Mod O,6,4,3,Large,Module,0,4,180,8/9/2023,,,,,,,,,,,,,
Mod O,6,4,4,Medium,Module,0,4,180,8/9/2023,,,,,,,,,,,,,
Mod O,6,4,5,Large,Module,0,4,180,8/9/2023,,,,,,,,,,,,,
Mod O,6,5,1,Medium,Module,0,4,180,8/9/2023,,,,,,,,,,,,,
Mod O,6,5,2,Large,Module,0,4,180,8/9/2023,,,,,,,,,,,,,
Mod O,6,5,3,Medium,Module,0,4,180,8/9/2023,,,,,,,,,,,,,
Mod O,6,5,4,Large,Module,1,4,180,8/9/2023,,,,,,,,,,,,,
Mod O,6,5,5,Large,Module,0,4,180,8/9/2023,,,,,,,,,,,,,
Mod O,1,1,1,Small,Module,0,5,270,11/20/2023,,,,,,,,,,,,,
Mod O,1,1,2,Small,Module,1,5,270,11/20/2023,,,,,,,,,,,,,
Mod O,1,1,3,Small,Module,0,5,270,11/20/2023,,,,,,,,,,,,,
Mod O,1,1,4,Large,Module,0,5,270,11/20/2023,,,,,,,,,,,,,
Mod O,1,1,5,Small,Module,0,5,270,11/20/2023,,,,,,,,,,,,,
Mod O,1,2,1,Small,Module,0,5,270,11/20/2023,,,,,,,,,,,,,
Mod O,1,2,2,Large,Module,0,5,270,11/20/2023,,,,,,,,,,,,,
Mod O,1,2,3,Medium,Module,0,5,270,11/20/2023,,,,,,,,,,,,,
Mod O,1,2,4,Medium,Module,0,5,270,11/20/2023,,,,,,,,,,,,,
Mod O,1,2,5,Large,Module,0,5,270,11/20/2023,,,,,,,,,,,,,
Mod O,1,3,1,Small,Module,0,5,270,11/20/2023,,,,,,,,,,,,,
Mod O,1,3,2,Large,Module,0,5,270,11/20/2023,,,,,,,,,,,,,
Mod O,1,3,4,Medium,Module,1,5,270,11/20/2023,,,,,,,,,,,,,
Mod O,1,3,5,Small,Module,0,5,270,11/20/2023,,,,,,,,,,,,,
Mod O,1,4,2,Small,Module,0,5,270,11/20/2023,,,,,,,,,,,,,
Mod O,1,4,3,Large,Module,0,5,270,11/20/2023,,,,,,,,,,,,,
Mod O,1,4,4,Medium,Module,0,5,270,11/20/2023,,,,,,,,,,,,,
Mod O,1,4,5,Medium,Module,0,5,270,11/20/2023,,,,,,,,,,,,,
Mod O,1,5,1,Medium,Module,1,5,270,11/20/2023,,,,,,,,,,,,,
Mod O,1,5,2,Small,Module,0,5,270,11/20/2023,,,,,,,,,,,,,
Mod O,1,5,5,Medium,Module,0,5,270,11/20/2023,,,,,,,,,,,,,
Mod O,2,1,1,Medium,Module,0,5,270,11/20/2023,,,,,,,,,,,,,
Mod O,2,1,3,Medium,Module,0,5,270,11/20/2023,,,,,,,,,,,,,
Mod O,2,1,5,Medium,Module,1,5,270,11/20/2023,,,,,,,,,,,,,
Mod O,2,2,1,Small,Module,0,5,270,11/20/2023,,,,,,,,,,,,,
Mod O,2,2,3,Medium,Module,0,5,270,11/20/2023,,,,,,,,,,,,,
Mod O,2,2,4,Small,Module,0,5,270,11/20/2023,,,,,,,,,,,,,
Mod O,2,2,5,Large,Module,0,5,270,11/20/2023,,,,,,,,,,,,,
Mod O,2,3,1,Small,Module,0,5,270,11/20/2023,,,,,,,,,,,,,
Mod O,2,3,2,Small,Module,0,5,270,11/20/2023,,,,,,,,,,,,,
Mod O,2,3,3,Small,Module,0,5,270,11/20/2023,,,,,,,,,,,,,
Mod O,2,3,5,Small,Module,0,5,270,11/20/2023,,,,,,,,,,,,,
Mod O,2,4,1,Small,Module,0,5,270,11/20/2023,,,,,,,,,,,,,
Mod O,2,4,2,Small,Module,0,5,270,11/20/2023,,,,,,,,,,,,,
Mod O,2,4,3,Medium,Module,0,5,270,11/20/2023,,,,,,,,,,,,,
Mod O,2,4,4,Small,Module,0,5,270,11/20/2023,,,,,,,,,,,,,
Mod O,2,4,5,Small,Module,0,5,270,11/20/2023,,,,,,,,,,,,,
Mod O,2,5,1,Medium,Module,0,5,270,11/20/2023,,,,,,,,,,,,,
Mod O,2,5,2,Large,Module,0,5,270,11/20/2023,,,,,,,,,,,,,
Mod O,2,5,3,Medium,Module,0,5,270,11/20/2023,,,,,,,,,,,,,
Mod O,2,5,4,Small,Module,0,5,270,11/20/2023,,,,,,,,,,,,,
Mod O,2,5,5,Medium,Module,0,5,270,11/20/2023,,,,,,,,,,,,,
Mod O,3,1,2,Small,Module,0,5,270,11/20/2023,,,,,,,,,,,,,
Mod O,3,1,3,Small,Module,1,5,270,11/20/2023,,,,,,,,,,,,,
Mod O,3,1,4,Small,Module,0,5,270,11/20/2023,,,,,,,,,,,,,
Mod O,3,2,2,Small,Module,0,5,270,11/20/2023,,,,,,,,,,,,,
Mod O,3,2,3,Small,Module,0,5,270,11/20/2023,,,,,,,,,,,,,
Mod O,3,2,4,Small,Module,0,5,270,11/20/2023,,,,,,,,,,,,,
Mod O,3,2,5,Large,Module,0,5,270,11/20/2023,,,,,,,,,,,,,
Mod O,3,3,1,Medium,Module,0,5,270,11/20/2023,,,,,,,,,,,,,
Mod O,3,3,3,Large,Module,0,5,270,11/20/2023,,,,,,,,,,,,,
Mod O,3,3,4,Large,Module,0,5,270,11/20/2023,,,,,,,,,,,,,
Mod O,3,3,5,Medium,Module,0,5,270,11/20/2023,,,,,,,,,,,,,
Mod O,3,4,1,Large,Module,1,5,270,11/20/2023,,,,,,,,,,,,,
Mod O,3,4,2,Large,Module,1,5,270,11/20/2023,,,,,,,,,,,,,
Mod O,3,4,3,Small,Module,0,5,270,11/20/2023,,,,,,,,,,,,,
Mod O,3,4,4,Medium,Module,0,5,270,11/20/2023,,,,,,,,,,,,,
Mod O,3,4,5,Large,Module,0,5,270,11/20/2023,,,,,,,,,,,,,
Mod O,3,5,1,Large,Module,0,5,270,11/20/2023,,,,,,,,,,,,,
Mod O,3,5,2,Large,Module,0,5,270,11/20/2023,,,,,,,,,,,,,
Mod O,3,5,3,Small,Module,0,5,270,11/20/2023,,,,,,,,,,,,,
Mod O,3,5,4,Large,Module,0,5,270,11/20/2023,,,,,,,,,,,,,
Mod O,3,5,5,Small,Module,0,5,270,11/20/2023,,,,,,,,,,,,,
Mod O,4,1,3,Large,Module,0,5,270,11/20/2023,,,,,,,,,,,,,
Mod O,4,1,4,Large,Module,0,5,270,11/20/2023,,,,,,,,,,,,,
Mod O,4,1,5,Large,Module,0,5,270,11/20/2023,,,,,,,,,,,,,
Mod O,4,2,1,Large,Module,0,5,270,11/20/2023,,,,,,,,,,,,,
Mod O,4,2,2,Large,Module,1,5,270,11/20/2023,,,,,,,,,,,,,
Mod O,4,2,3,Large,Module,0,5,270,11/20/2023,,,,,,,,,,,,,
Mod O,4,2,5,Large,Module,1,5,270,11/20/2023,,,,,,,,,,,,,
Mod O,4,3,1,Medium,Module,0,5,270,11/20/2023,,,,,,,,,,,,,
Mod O,4,3,2,Large,Module,1,5,270,11/20/2023,,,,,,,,,,,,,
Mod O,4,3,3,Large,Module,0,5,270,11/20/2023,,,,,,,,,,,,,
Mod O,4,3,4,Large,Module,1,5,270,11/20/2023,,,,,,,,,,,,,
Mod O,4,3,5,Large,Module,0,5,270,11/20/2023,,,,,,,,,,,,,
Mod O,4,4,3,Large,Module,0,5,270,11/20/2023,,,,,,,,,,,,,
Mod O,4,4,4,Large,Module,0,5,270,11/20/2023,,,,,,,,,,,,,
Mod O,4,4,5,Large,Module,0,5,270,11/20/2023,,,,,,,,,,,,,
Mod O,4,5,1,Large,Module,1,5,270,11/20/2023,,,,,,,,,,,,,
Mod O,4,5,2,Large,Module,1,5,270,11/20/2023,,,,,,,,,,,,,
Mod O,4,5,4,Large,Module,0,5,270,11/20/2023,,,,,,,,,,,,,
Mod O,5,1,1,Large,Module,0,5,270,11/20/2023,,,,,,,,,,,,,
Mod O,5,1,2,Large,Module,0,5,270,11/20/2023,,,,,,,,,,,,,
Mod O,5,1,3,Medium,Module,0,5,270,11/20/2023,,,,,,,,,,,,,
Mod O,5,1,4,Large,Module,0,5,270,11/20/2023,,,,,,,,,,,,,
Mod O,5,1,5,Large,Module,0,5,270,11/20/2023,,,,,,,,,,,,,
Mod O,5,2,1,Large,Module,0,5,270,11/20/2023,,,,,,,,,,,,,
Mod O,5,2,2,Medium,Module,1,5,270,11/20/2023,,,,,,,,,,,,,
Mod O,5,2,3,Large,Module,0,5,270,11/20/2023,,,,,,,,,,,,,
Mod O,5,2,4,Large,Module,0,5,270,11/20/2023,,,,,,,,,,,,,
Mod O,5,2,5,Medium,Module,0,5,270,11/20/2023,,,,,,,,,,,,,
Mod O,5,3,1,Large,Module,0,5,270,11/20/2023,,,,,,,,,,,,,
Mod O,5,3,2,Large,Module,0,5,270,11/20/2023,,,,,,,,,,,,,
Mod O,5,3,3,Large,Module,0,5,270,11/20/2023,,,,,,,,,,,,,
Mod O,5,3,4,Large,Module,0,5,270,11/20/2023,,,,,,,,,,,,,
Mod O,5,3,5,Large,Module,0,5,270,11/20/2023,,,,,,,,,,,,,
Mod O,5,4,1,Large,Module,0,5,270,11/20/2023,,,,,,,,,,,,,
Mod O,5,4,2,Large,Module,1,5,270,11/20/2023,,,,,,,,,,,,,
Mod O,5,4,3,Large,Module,0,5,270,11/20/2023,,,,,,,,,,,,,
Mod O,5,4,4,Large,Module,0,5,270,11/20/2023,,,,,,,,,,,,,
Mod O,5,4,5,Large,Module,0,5,270,11/20/2023,,,,,,,,,,,,,
Mod O,5,5,2,Large,Module,0,5,270,11/20/2023,,,,,,,,,,,,,
Mod O,5,5,3,Large,Module,0,5,270,11/20/2023,,,,,,,,,,,,,
Mod O,5,5,4,Large,Module,1,5,270,11/20/2023,,,,,,,,,,,,,
Mod O,6,1,1,Medium,Module,0,5,270,11/20/2023,,,,,,,,,,,,,
Mod O,6,1,2,Medium,Module,0,5,270,11/20/2023,,,,,,,,,,,,,
Mod O,6,1,3,Large,Module,0,5,270,11/20/2023,,,,,,,,,,,,,
Mod O,6,1,5,Large,Module,0,5,270,11/20/2023,,,,,,,,,,,,,
Mod O,6,2,1,Large,Module,0,5,270,11/20/2023,,,,,,,,,,,,,
Mod O,6,2,2,Small,Module,0,5,270,11/20/2023,,,,,,,,,,,,,
Mod O,6,2,3,Large,Module,0,5,270,11/20/2023,,,,,,,,,,,,,
Mod O,6,2,4,Medium,Module,0,5,270,11/20/2023,,,,,,,,,,,,,
Mod O,6,2,5,Large,Module,1,5,270,11/20/2023,,,,,,,,,,,,,
Mod O,6,3,1,Large,Module,0,5,270,11/20/2023,,,,,,,,,,,,,
Mod O,6,3,2,Large,Module,0,5,270,11/20/2023,,,,,,,,,,,,,
Mod O,6,3,3,Small,Module,0,5,270,11/20/2023,,,,,,,,,,,,,
Mod O,6,3,4,Large,Module,0,5,270,11/20/2023,,,,,,,,,,,,,
Mod O,6,3,5,Medium,Module,0,5,270,11/20/2023,,,,,,,,,,,,,
Mod O,6,4,1,Small,Module,0,5,270,11/20/2023,,,,,,,,,,,,,
Mod O,6,4,2,Large,Module,0,5,270,11/20/2023,,,,,,,,,,,,,
Mod O,6,4,3,Large,Module,0,5,270,11/20/2023,,,,,,,,,,,,,
Mod O,6,4,4,Medium,Module,0,5,270,11/20/2023,,,,,,,,,,,,,
Mod O,6,4,5,Large,Module,0,5,270,11/20/2023,,,,,,,,,,,,,
Mod O,6,5,1,Medium,Module,1,5,270,11/20/2023,,,,,,,,,,,,,
Mod O,6,5,2,Large,Module,0,5,270,11/20/2023,,,,,,,,,,,,,
Mod O,6,5,3,Medium,Module,0,5,270,11/20/2023,,,,,,,,,,,,,
Mod O,6,5,5,Large,Module,0,5,270,11/20/2023,,,,,,,,,,,,,
Mod R,1,1,1,Small,Module,0,0,0,2/14/2023,,,,,,,,,,,,,
Mod R,1,1,2,Small,Module,0,0,0,2/14/2023,,,,,,,,,,,,,
Mod R,1,1,3,Medium,Module,0,0,0,2/14/2023,,,,,,,,,,,,,
Mod R,1,1,5,Medium,Module,0,0,0,2/14/2023,,,,,,,,,,,,,
Mod R,1,2,1,Large,Module,0,0,0,2/14/2023,,,,,,,,,,,,,
Mod R,1,2,2,Medium,Module,0,0,0,2/14/2023,,,,,,,,,,,,,
Mod R,1,2,3,Medium,Module,0,0,0,2/14/2023,,,,,,,,,,,,,
Mod R,1,2,4,Medium,Module,0,0,0,2/14/2023,,,,,,,,,,,,,
Mod R,1,2,5,Medium,Module,0,0,0,2/14/2023,,,,,,,,,,,,,
Mod R,1,3,1,Medium,Module,0,0,0,2/14/2023,,,,,,,,,,,,,
Mod R,1,3,2,Large,Module,0,0,0,2/14/2023,,,,,,,,,,,,,
Mod R,1,3,3,Medium,Module,0,0,0,2/14/2023,,,,,,,,,,,,,
Mod R,1,3,4,Medium,Module,0,0,0,2/14/2023,,,,,,,,,,,,,
Mod R,1,3,5,Medium,Module,0,0,0,2/14/2023,,,,,,,,,,,,,
Mod R,1,4,1,Medium,Module,0,0,0,2/14/2023,,,,,,,,,,,,,
Mod R,1,4,2,Medium,Module,0,0,0,2/14/2023,,,,,,,,,,,,,
Mod R,1,4,3,Medium,Module,0,0,0,2/14/2023,,,,,,,,,,,,,
Mod R,1,4,4,Large,Module,0,0,0,2/14/2023,,,,,,,,,,,,,
Mod R,1,4,5,Small,Module,0,0,0,2/14/2023,,,,,,,,,,,,,
Mod R,1,5,1,Small,Module,0,0,0,2/14/2023,,,,,,,,,,,,,
Mod R,1,5,2,Large,Module,0,0,0,2/14/2023,,,,,,,,,,,,,
Mod R,1,5,3,Small,Module,0,0,0,2/14/2023,,,,,,,,,,,,,
Mod R,1,5,4,Small,Module,0,0,0,2/14/2023,,,,,,,,,,,,,
Mod R,1,5,5,Small,Module,0,0,0,2/14/2023,,,,,,,,,,,,,
Mod R,2,1,1,Large,Module,0,0,0,2/14/2023,,,,,,,,,,,,,
Mod R,2,1,2,Large,Module,0,0,0,2/14/2023,,,,,,,,,,,,,
Mod R,2,1,3,Large,Module,0,0,0,2/14/2023,,,,,,,,,,,,,
Mod R,2,1,4,Medium,Module,0,0,0,2/14/2023,,,,,,,,,,,,,
Mod R,2,1,5,Large,Module,0,0,0,2/14/2023,,,,,,,,,,,,,
Mod R,2,2,1,Medium,Module,0,0,0,2/14/2023,,,,,,,,,,,,,
Mod R,2,2,2,Medium,Module,0,0,0,2/14/2023,,,,,,,,,,,,,
Mod R,2,2,3,Medium,Module,0,0,0,2/14/2023,,,,,,,,,,,,,
Mod R,2,2,4,Medium,Module,0,0,0,2/14/2023,,,,,,,,,,,,,
Mod R,2,2,5,Large,Module,0,0,0,2/14/2023,,,,,,,,,,,,,
Mod R,2,3,1,Medium,Module,0,0,0,2/14/2023,,,,,,,,,,,,,
Mod R,2,3,2,Medium,Module,0,0,0,2/14/2023,,,,,,,,,,,,,
Mod R,2,3,3,Large,Module,0,0,0,2/14/2023,,,,,,,,,,,,,
Mod R,2,3,4,Medium,Module,0,0,0,2/14/2023,,,,,,,,,,,,,
Mod R,2,3,5,Medium,Module,0,0,0,2/14/2023,,,,,,,,,,,,,
Mod R,2,4,1,Medium,Module,0,0,0,2/14/2023,,,,,,,,,,,,,
Mod R,2,4,2,Large,Module,0,0,0,2/14/2023,,,,,,,,,,,,,
Mod R,2,4,3,Large,Module,0,0,0,2/14/2023,,,,,,,,,,,,,
Mod R,2,4,4,Small,Module,0,0,0,2/14/2023,,,,,,,,,,,,,
Mod R,2,4,5,Medium,Module,0,0,0,2/14/2023,,,,,,,,,,,,,
Mod R,2,5,1,Large,Module,0,0,0,2/14/2023,,,,,,,,,,,,,
Mod R,2,5,2,Large,Module,0,0,0,2/14/2023,,,,,,,,,,,,,
Mod R,2,5,3,Large,Module,0,0,0,2/14/2023,,,,,,,,,,,,,
Mod R,2,5,4,Medium,Module,0,0,0,2/14/2023,,,,,,,,,,,,,
Mod R,2,5,5,Small,Module,0,0,0,2/14/2023,,,,,,,,,,,,,
Mod R,3,1,1,Large,Module,0,0,0,2/14/2023,,,,,,,,,,,,,
Mod R,3,1,2,Large,Module,0,0,0,2/14/2023,,,,,,,,,,,,,
Mod R,3,1,3,Large,Module,0,0,0,2/14/2023,,,,,,,,,,,,,
Mod R,3,1,4,Large,Module,0,0,0,2/14/2023,,,,,,,,,,,,,
Mod R,3,1,5,Large,Module,0,0,0,2/14/2023,,,,,,,,,,,,,
Mod R,3,2,1,Medium,Module,0,0,0,2/14/2023,,,,,,,,,,,,,
Mod R,3,2,2,Large,Module,0,0,0,2/14/2023,,,,,,,,,,,,,
Mod R,3,2,3,Large,Module,0,0,0,2/14/2023,,,,,,,,,,,,,
Mod R,3,2,4,Small,Module,0,0,0,2/14/2023,,,,,,,,,,,,,
Mod R,3,2,5,Large,Module,0,0,0,2/14/2023,,,,,,,,,,,,,
Mod R,3,3,1,Large,Module,0,0,0,2/14/2023,,,,,,,,,,,,,
Mod R,3,3,2,Medium,Module,0,0,0,2/14/2023,,,,,,,,,,,,,
Mod R,3,3,3,Large,Module,0,0,0,2/14/2023,,,,,,,,,,,,,
Mod R,3,3,4,Large,Module,0,0,0,2/14/2023,,,,,,,,,,,,,
Mod R,3,3,5,Medium,Module,0,0,0,2/14/2023,,,,,,,,,,,,,
Mod R,3,4,1,Large,Module,0,0,0,2/14/2023,,,,,,,,,,,,,
Mod R,3,4,2,Medium,Module,0,0,0,2/14/2023,,,,,,,,,,,,,
Mod R,3,4,3,Large,Module,0,0,0,2/14/2023,,,,,,,,,,,,,
Mod R,3,4,4,Large,Module,0,0,0,2/14/2023,,,,,,,,,,,,,
Mod R,3,4,5,Medium,Module,0,0,0,2/14/2023,,,,,,,,,,,,,
Mod R,3,5,1,Large,Module,0,0,0,2/14/2023,,,,,,,,,,,,,
Mod R,3,5,2,Large,Module,0,0,0,2/14/2023,,,,,,,,,,,,,
Mod R,3,5,3,Large,Module,0,0,0,2/14/2023,,,,,,,,,,,,,
Mod R,3,5,4,Large,Module,0,0,0,2/14/2023,,,,,,,,,,,,,
Mod R,3,5,5,Medium,Module,0,0,0,2/14/2023,,,,,,,,,,,,,
Mod R,4,1,1,Medium,Module,0,0,0,2/14/2023,,,,,,,,,,,,,
Mod R,4,1,2,Medium,Module,0,0,0,2/14/2023,,,,,,,,,,,,,
Mod R,4,1,3,Small,Module,0,0,0,2/14/2023,,,,,,,,,,,,,
Mod R,4,1,4,Large,Module,0,0,0,2/14/2023,,,,,,,,,,,,,
Mod R,4,1,5,Small,Module,0,0,0,2/14/2023,,,,,,,,,,,,,
Mod R,4,2,1,Small,Module,0,0,0,2/14/2023,,,,,,,,,,,,,
Mod R,4,2,2,Small,Module,0,0,0,2/14/2023,,,,,,,,,,,,,
Mod R,4,2,3,Medium,Module,0,0,0,2/14/2023,,,,,,,,,,,,,
Mod R,4,2,4,Medium,Module,0,0,0,2/14/2023,,,,,,,,,,,,,
Mod R,4,2,5,Medium,Module,0,0,0,2/14/2023,,,,,,,,,,,,,
Mod R,4,3,1,Small,Module,0,0,0,2/14/2023,,,,,,,,,,,,,
Mod R,4,3,2,Small,Module,0,0,0,2/14/2023,,,,,,,,,,,,,
Mod R,4,3,3,Small,Module,0,0,0,2/14/2023,,,,,,,,,,,,,
Mod R,4,3,4,Medium,Module,0,0,0,2/14/2023,,,,,,,,,,,,,
Mod R,4,3,5,Large,Module,0,0,0,2/14/2023,,,,,,,,,,,,,
Mod R,4,4,1,Medium,Module,0,0,0,2/14/2023,,,,,,,,,,,,,
Mod R,4,4,2,Medium,Module,0,0,0,2/14/2023,,,,,,,,,,,,,
Mod R,4,4,3,Small,Module,0,0,0,2/14/2023,,,,,,,,,,,,,
Mod R,4,4,4,Large,Module,0,0,0,2/14/2023,,,,,,,,,,,,,
Mod R,4,4,5,Medium,Module,0,0,0,2/14/2023,,,,,,,,,,,,,
Mod R,4,5,1,Small,Module,0,0,0,2/14/2023,,,,,,,,,,,,,
Mod R,4,5,2,Medium,Module,0,0,0,2/14/2023,,,,,,,,,,,,,
Mod R,4,5,3,Small,Module,0,0,0,2/14/2023,,,,,,,,,,,,,
Mod R,4,5,4,Small,Module,0,0,0,2/14/2023,,,,,,,,,,,,,
Mod R,4,5,5,Medium,Module,0,0,0,2/14/2023,,,,,,,,,,,,,
Mod R,5,1,1,Large,Module,0,0,0,2/14/2023,,,,,,,,,,,,,
Mod R,5,1,2,Large,Module,0,0,0,2/14/2023,,,,,,,,,,,,,
Mod R,5,1,3,Medium,Module,0,0,0,2/14/2023,,,,,,,,,,,,,
Mod R,5,1,4,Medium,Module,0,0,0,2/14/2023,,,,,,,,,,,,,
Mod R,5,1,5,Medium,Module,0,0,0,2/14/2023,,,,,,,,,,,,,
Mod R,5,2,1,Large,Module,0,0,0,2/14/2023,,,,,,,,,,,,,
Mod R,5,2,2,Large,Module,0,0,0,2/14/2023,,,,,,,,,,,,,
Mod R,5,2,3,Large,Module,0,0,0,2/14/2023,,,,,,,,,,,,,
Mod R,5,2,4,Medium,Module,0,0,0,2/14/2023,,,,,,,,,,,,,
Mod R,5,2,5,Medium,Module,0,0,0,2/14/2023,,,,,,,,,,,,,
Mod R,5,3,1,Medium,Module,0,0,0,2/14/2023,,,,,,,,,,,,,
Mod R,5,3,2,Large,Module,0,0,0,2/14/2023,,,,,,,,,,,,,
Mod R,5,3,3,Medium,Module,0,0,0,2/14/2023,,,,,,,,,,,,,
Mod R,5,3,4,Large,Module,0,0,0,2/14/2023,,,,,,,,,,,,,
Mod R,5,3,5,Medium,Module,0,0,0,2/14/2023,,,,,,,,,,,,,
Mod R,5,4,1,Large,Module,0,0,0,2/14/2023,,,,,,,,,,,,,
Mod R,5,4,2,Large,Module,0,0,0,2/14/2023,,,,,,,,,,,,,
Mod R,5,4,3,Medium,Module,0,0,0,2/14/2023,,,,,,,,,,,,,
Mod R,5,4,4,Large,Module,0,0,0,2/14/2023,,,,,,,,,,,,,
Mod R,5,4,5,Large,Module,0,0,0,2/14/2023,,,,,,,,,,,,,
Mod R,5,5,1,Large,Module,0,0,0,2/14/2023,,,,,,,,,,,,,
Mod R,5,5,2,Medium,Module,0,0,0,2/14/2023,,,,,,,,,,,,,
Mod R,5,5,3,Large,Module,0,0,0,2/14/2023,,,,,,,,,,,,,
Mod R,5,5,4,Large,Module,0,0,0,2/14/2023,,,,,,,,,,,,,
Mod R,5,5,5,Large,Module,0,0,0,2/14/2023,,,,,,,,,,,,,
Mod R,6,1,1,Large,Module,0,0,0,2/14/2023,,,,,,,,,,,,,
Mod R,6,1,2,Small,Module,0,0,0,2/14/2023,,,,,,,,,,,,,
Mod R,6,1,3,Small,Module,0,0,0,2/14/2023,,,,,,,,,,,,,
Mod R,6,1,4,Small,Module,0,0,0,2/14/2023,,,,,,,,,,,,,
Mod R,6,1,5,Medium,Module,0,0,0,2/14/2023,,,,,,,,,,,,,
Mod R,6,2,1,Small,Module,0,0,0,2/14/2023,,,,,,,,,,,,,
Mod R,6,2,2,Medium,Module,0,0,0,2/14/2023,,,,,,,,,,,,,
Mod R,6,2,3,Large,Module,0,0,0,2/14/2023,,,,,,,,,,,,,
Mod R,6,2,4,Large,Module,0,0,0,2/14/2023,,,,,,,,,,,,,
Mod R,6,2,5,Large,Module,0,0,0,2/14/2023,,,,,,,,,,,,,
Mod R,6,3,1,Large,Module,0,0,0,2/14/2023,,,,,,,,,,,,,
Mod R,6,3,2,Medium,Module,0,0,0,2/14/2023,,,,,,,,,,,,,
Mod R,6,3,3,Medium,Module,0,0,0,2/14/2023,,,,,,,,,,,,,
Mod R,6,3,4,Large,Module,0,0,0,2/14/2023,,,,,,,,,,,,,
Mod R,6,3,5,Large,Module,0,0,0,2/14/2023,,,,,,,,,,,,,
Mod R,6,4,1,Medium,Module,0,0,0,2/14/2023,,,,,,,,,,,,,
Mod R,6,4,2,Large,Module,0,0,0,2/14/2023,,,,,,,,,,,,,
Mod R,6,4,3,Small,Module,0,0,0,2/14/2023,,,,,,,,,,,,,
Mod R,6,4,4,Small,Module,0,0,0,2/14/2023,,,,,,,,,,,,,
Mod R,6,4,5,Medium,Module,0,0,0,2/14/2023,,,,,,,,,,,,,
Mod R,6,5,1,Small,Module,0,0,0,2/14/2023,,,,,,,,,,,,,
Mod R,6,5,2,Large,Module,0,0,0,2/14/2023,,,,,,,,,,,,,
Mod R,6,5,3,Small,Module,0,0,0,2/14/2023,,,,,,,,,,,,,
Mod R,6,5,4,Medium,Module,0,0,0,2/14/2023,,,,,,,,,,,,,
Mod R,6,5,5,Small,Module,0,0,0,2/14/2023,,,,,,,,,,,,,
Mod R,1,1,1,Small,Module,0,1,7,2/23/2023,,,,,,,,,,,,,
Mod R,1,1,2,Small,Module,0,1,7,2/23/2023,,,,,,,,,,,,,
Mod R,1,1,3,Medium,Module,0,1,7,2/23/2023,,,,,,,,,,,,,
Mod R,1,1,5,Medium,Module,0,1,7,2/23/2023,,,,,,,,,,,,,
Mod R,1,2,1,Large,Module,0,1,7,2/23/2023,,,,,,,,,,,,,
Mod R,1,2,2,Medium,Module,0,1,7,2/23/2023,,,,,,,,,,,,,
Mod R,1,2,3,Medium,Module,0,1,7,2/23/2023,,,,,,,,,,,,,
Mod R,1,2,4,Medium,Module,0,1,7,2/23/2023,,,,,,,,,,,,,
Mod R,1,2,5,Medium,Module,0,1,7,2/23/2023,,,,,,,,,,,,,
Mod R,1,3,1,Medium,Module,0,1,7,2/23/2023,,,,,,,,,,,,,
Mod R,1,3,2,Large,Module,0,1,7,2/23/2023,,,,,,,,,,,,,
Mod R,1,3,3,Medium,Module,0,1,7,2/23/2023,,,,,,,,,,,,,
Mod R,1,3,4,Medium,Module,0,1,7,2/23/2023,,,,,,,,,,,,,
Mod R,1,3,5,Medium,Module,0,1,7,2/23/2023,,,,,,,,,,,,,
Mod R,1,4,1,Medium,Module,0,1,7,2/23/2023,,,,,,,,,,,,,
Mod R,1,4,2,Medium,Module,0,1,7,2/23/2023,,,,,,,,,,,,,
Mod R,1,4,3,Medium,Module,0,1,7,2/23/2023,,,,,,,,,,,,,
Mod R,1,4,4,Large,Module,0,1,7,2/23/2023,,,,,,,,,,,,,
Mod R,1,4,5,Small,Module,1,1,7,2/23/2023,,,,,,,,,,,,,
Mod R,1,5,1,Small,Module,0,1,7,2/23/2023,,,,,,,,,,,,,
Mod R,1,5,2,Large,Module,0,1,7,2/23/2023,,,,,,,,,,,,,
Mod R,1,5,3,Small,Module,0,1,7,2/23/2023,,,,,,,,,,,,,
Mod R,1,5,4,Small,Module,0,1,7,2/23/2023,,,,,,,,,,,,,
Mod R,1,5,5,Small,Module,0,1,7,2/23/2023,,,,,,,,,,,,,
Mod R,2,1,1,Large,Module,0,1,7,2/23/2023,,,,,,,,,,,,,
Mod R,2,1,2,Large,Module,0,1,7,2/23/2023,,,,,,,,,,,,,
Mod R,2,1,3,Large,Module,0,1,7,2/23/2023,,,,,,,,,,,,,
Mod R,2,1,4,Medium,Module,0,1,7,2/23/2023,,,,,,,,,,,,,
Mod R,2,1,5,Large,Module,0,1,7,2/23/2023,,,,,,,,,,,,,
Mod R,2,2,1,Medium,Module,0,1,7,2/23/2023,,,,,,,,,,,,,
Mod R,2,2,2,Medium,Module,0,1,7,2/23/2023,,,,,,,,,,,,,
Mod R,2,2,3,Medium,Module,0,1,7,2/23/2023,,,,,,,,,,,,,
Mod R,2,2,4,Medium,Module,0,1,7,2/23/2023,,,,,,,,,,,,,
Mod R,2,2,5,Large,Module,0,1,7,2/23/2023,,,,,,,,,,,,,
Mod R,2,3,1,Medium,Module,0,1,7,2/23/2023,,,,,,,,,,,,,
Mod R,2,3,2,Medium,Module,0,1,7,2/23/2023,,,,,,,,,,,,,
Mod R,2,3,3,Large,Module,0,1,7,2/23/2023,,,,,,,,,,,,,
Mod R,2,3,4,Medium,Module,0,1,7,2/23/2023,,,,,,,,,,,,,
Mod R,2,3,5,Medium,Module,1,1,7,2/23/2023,,,,,,,,,,,,,
Mod R,2,4,1,Medium,Module,0,1,7,2/23/2023,,,,,,,,,,,,,
Mod R,2,4,2,Large,Module,0,1,7,2/23/2023,,,,,,,,,,,,,
Mod R,2,4,3,Large,Module,0,1,7,2/23/2023,,,,,,,,,,,,,
Mod R,2,4,4,Small,Module,0,1,7,2/23/2023,,,,,,,,,,,,,
Mod R,2,4,5,Medium,Module,0,1,7,2/23/2023,,,,,,,,,,,,,
Mod R,2,5,1,Large,Module,0,1,7,2/23/2023,,,,,,,,,,,,,
Mod R,2,5,2,Large,Module,0,1,7,2/23/2023,,,,,,,,,,,,,
Mod R,2,5,3,Large,Module,0,1,7,2/23/2023,,,,,,,,,,,,,
Mod R,2,5,4,Medium,Module,0,1,7,2/23/2023,,,,,,,,,,,,,
Mod R,2,5,5,Small,Module,0,1,7,2/23/2023,,,,,,,,,,,,,
Mod R,3,1,1,Large,Module,1,1,7,2/23/2023,,,,,,,,,,,,,
Mod R,3,1,2,Large,Module,0,1,7,2/23/2023,,,,,,,,,,,,,
Mod R,3,1,3,Large,Module,0,1,7,2/23/2023,,,,,,,,,,,,,
Mod R,3,1,4,Large,Module,0,1,7,2/23/2023,,,,,,,,,,,,,
Mod R,3,1,5,Large,Module,0,1,7,2/23/2023,,,,,,,,,,,,,
Mod R,3,2,1,Medium,Module,0,1,7,2/23/2023,,,,,,,,,,,,,
Mod R,3,2,2,Large,Module,0,1,7,2/23/2023,,,,,,,,,,,,,
Mod R,3,2,3,Large,Module,0,1,7,2/23/2023,,,,,,,,,,,,,
Mod R,3,2,4,Small,Module,0,1,7,2/23/2023,,,,,,,,,,,,,
Mod R,3,2,5,Large,Module,0,1,7,2/23/2023,,,,,,,,,,,,,
Mod R,3,3,1,Large,Module,0,1,7,2/23/2023,,,,,,,,,,,,,
Mod R,3,3,2,Medium,Module,0,1,7,2/23/2023,,,,,,,,,,,,,
Mod R,3,3,3,Large,Module,0,1,7,2/23/2023,,,,,,,,,,,,,
Mod R,3,3,4,Large,Module,0,1,7,2/23/2023,,,,,,,,,,,,,
Mod R,3,3,5,Medium,Module,0,1,7,2/23/2023,,,,,,,,,,,,,
Mod R,3,4,1,Large,Module,0,1,7,2/23/2023,,,,,,,,,,,,,
Mod R,3,4,2,Medium,Module,0,1,7,2/23/2023,,,,,,,,,,,,,
Mod R,3,4,3,Large,Module,0,1,7,2/23/2023,,,,,,,,,,,,,
Mod R,3,4,4,Large,Module,0,1,7,2/23/2023,,,,,,,,,,,,,
Mod R,3,4,5,Medium,Module,0,1,7,2/23/2023,,,,,,,,,,,,,
Mod R,3,5,1,Large,Module,0,1,7,2/23/2023,,,,,,,,,,,,,
Mod R,3,5,2,Large,Module,0,1,7,2/23/2023,,,,,,,,,,,,,
Mod R,3,5,3,Large,Module,0,1,7,2/23/2023,,,,,,,,,,,,,
Mod R,3,5,4,Large,Module,0,1,7,2/23/2023,,,,,,,,,,,,,
Mod R,3,5,5,Medium,Module,0,1,7,2/23/2023,,,,,,,,,,,,,
Mod R,4,1,1,Medium,Module,0,1,7,2/23/2023,,,,,,,,,,,,,
Mod R,4,1,2,Medium,Module,0,1,7,2/23/2023,,,,,,,,,,,,,
Mod R,4,1,3,Small,Module,0,1,7,2/23/2023,,,,,,,,,,,,,
Mod R,4,1,4,Large,Module,0,1,7,2/23/2023,,,,,,,,,,,,,
Mod R,4,1,5,Small,Module,0,1,7,2/23/2023,,,,,,,,,,,,,
Mod R,4,2,1,Small,Module,0,1,7,2/23/2023,,,,,,,,,,,,,
Mod R,4,2,2,Small,Module,0,1,7,2/23/2023,,,,,,,,,,,,,
Mod R,4,2,3,Medium,Module,0,1,7,2/23/2023,,,,,,,,,,,,,
Mod R,4,2,4,Medium,Module,0,1,7,2/23/2023,,,,,,,,,,,,,
Mod R,4,2,5,Medium,Module,0,1,7,2/23/2023,,,,,,,,,,,,,
Mod R,4,3,1,Small,Module,0,1,7,2/23/2023,,,,,,,,,,,,,
Mod R,4,3,2,Small,Module,0,1,7,2/23/2023,,,,,,,,,,,,,
Mod R,4,3,3,Small,Module,0,1,7,2/23/2023,,,,,,,,,,,,,
Mod R,4,3,4,Medium,Module,0,1,7,2/23/2023,,,,,,,,,,,,,
Mod R,4,3,5,Large,Module,0,1,7,2/23/2023,,,,,,,,,,,,,
Mod R,4,4,1,Medium,Module,0,1,7,2/23/2023,,,,,,,,,,,,,
Mod R,4,4,2,Medium,Module,0,1,7,2/23/2023,,,,,,,,,,,,,
Mod R,4,4,3,Small,Module,0,1,7,2/23/2023,,,,,,,,,,,,,
Mod R,4,4,4,Large,Module,0,1,7,2/23/2023,,,,,,,,,,,,,
Mod R,4,4,5,Medium,Module,0,1,7,2/23/2023,,,,,,,,,,,,,
Mod R,4,5,1,Small,Module,0,1,7,2/23/2023,,,,,,,,,,,,,
Mod R,4,5,2,Medium,Module,0,1,7,2/23/2023,,,,,,,,,,,,,
Mod R,4,5,3,Small,Module,0,1,7,2/23/2023,,,,,,,,,,,,,
Mod R,4,5,4,Small,Module,0,1,7,2/23/2023,,,,,,,,,,,,,
Mod R,4,5,5,Medium,Module,0,1,7,2/23/2023,,,,,,,,,,,,,
Mod R,5,1,1,Large,Module,0,1,7,2/23/2023,,,,,,,,,,,,,
Mod R,5,1,2,Large,Module,0,1,7,2/23/2023,,,,,,,,,,,,,
Mod R,5,1,3,Medium,Module,0,1,7,2/23/2023,,,,,,,,,,,,,
Mod R,5,1,4,Medium,Module,0,1,7,2/23/2023,,,,,,,,,,,,,
Mod R,5,1,5,Medium,Module,0,1,7,2/23/2023,,,,,,,,,,,,,
Mod R,5,2,1,Large,Module,0,1,7,2/23/2023,,,,,,,,,,,,,
Mod R,5,2,2,Large,Module,0,1,7,2/23/2023,,,,,,,,,,,,,
Mod R,5,2,3,Large,Module,0,1,7,2/23/2023,,,,,,,,,,,,,
Mod R,5,2,4,Medium,Module,0,1,7,2/23/2023,,,,,,,,,,,,,
Mod R,5,2,5,Medium,Module,0,1,7,2/23/2023,,,,,,,,,,,,,
Mod R,5,3,1,Medium,Module,1,1,7,2/23/2023,,,,,,,,,,,,,
Mod R,5,3,2,Large,Module,0,1,7,2/23/2023,,,,,,,,,,,,,
Mod R,5,3,3,Medium,Module,0,1,7,2/23/2023,,,,,,,,,,,,,
Mod R,5,3,4,Large,Module,0,1,7,2/23/2023,,,,,,,,,,,,,
Mod R,5,3,5,Medium,Module,0,1,7,2/23/2023,,,,,,,,,,,,,
Mod R,5,4,1,Large,Module,0,1,7,2/23/2023,,,,,,,,,,,,,
Mod R,5,4,2,Large,Module,0,1,7,2/23/2023,,,,,,,,,,,,,
Mod R,5,4,3,Medium,Module,0,1,7,2/23/2023,,,,,,,,,,,,,
Mod R,5,4,4,Large,Module,0,1,7,2/23/2023,,,,,,,,,,,,,
Mod R,5,4,5,Large,Module,0,1,7,2/23/2023,,,,,,,,,,,,,
Mod R,5,5,1,Large,Module,0,1,7,2/23/2023,,,,,,,,,,,,,
Mod R,5,5,2,Medium,Module,0,1,7,2/23/2023,,,,,,,,,,,,,
Mod R,5,5,3,Large,Module,0,1,7,2/23/2023,,,,,,,,,,,,,
Mod R,5,5,4,Large,Module,0,1,7,2/23/2023,,,,,,,,,,,,,
Mod R,5,5,5,Large,Module,0,1,7,2/23/2023,,,,,,,,,,,,,
Mod R,6,1,1,Large,Module,0,1,7,2/23/2023,,,,,,,,,,,,,
Mod R,6,1,2,Small,Module,0,1,7,2/23/2023,,,,,,,,,,,,,
Mod R,6,1,3,Small,Module,0,1,7,2/23/2023,,,,,,,,,,,,,
Mod R,6,1,4,Small,Module,0,1,7,2/23/2023,,,,,,,,,,,,,
Mod R,6,1,5,Medium,Module,0,1,7,2/23/2023,,,,,,,,,,,,,
Mod R,6,2,1,Small,Module,1,1,7,2/23/2023,,,,,,,,,,,,,
Mod R,6,2,2,Medium,Module,0,1,7,2/23/2023,,,,,,,,,,,,,
Mod R,6,2,3,Large,Module,0,1,7,2/23/2023,,,,,,,,,,,,,
Mod R,6,2,4,Large,Module,0,1,7,2/23/2023,,,,,,,,,,,,,
Mod R,6,2,5,Large,Module,0,1,7,2/23/2023,,,,,,,,,,,,,
Mod R,6,3,1,Large,Module,0,1,7,2/23/2023,,,,,,,,,,,,,
Mod R,6,3,2,Medium,Module,0,1,7,2/23/2023,,,,,,,,,,,,,
Mod R,6,3,3,Medium,Module,0,1,7,2/23/2023,,,,,,,,,,,,,
Mod R,6,3,4,Large,Module,0,1,7,2/23/2023,,,,,,,,,,,,,
Mod R,6,3,5,Large,Module,0,1,7,2/23/2023,,,,,,,,,,,,,
Mod R,6,4,1,Medium,Module,0,1,7,2/23/2023,,,,,,,,,,,,,
Mod R,6,4,2,Large,Module,0,1,7,2/23/2023,,,,,,,,,,,,,
Mod R,6,4,3,Small,Module,0,1,7,2/23/2023,,,,,,,,,,,,,
Mod R,6,4,4,Small,Module,0,1,7,2/23/2023,,,,,,,,,,,,,
Mod R,6,4,5,Medium,Module,0,1,7,2/23/2023,,,,,,,,,,,,,
Mod R,6,5,1,Small,Module,0,1,7,2/23/2023,,,,,,,,,,,,,
Mod R,6,5,2,Large,Module,0,1,7,2/23/2023,,,,,,,,,,,,,
Mod R,6,5,3,Small,Module,0,1,7,2/23/2023,,,,,,,,,,,,,
Mod R,6,5,4,Medium,Module,0,1,7,2/23/2023,,,,,,,,,,,,,
Mod R,6,5,5,Small,Module,0,1,7,2/23/2023,,,,,,,,,,,,,
Mod R,1,1,1,Small,Module,0,2,30,3/14/2023,,,,,,,,,,,,,
Mod R,1,1,2,Small,Module,0,2,30,3/14/2023,,,,,,,,,,,,,
Mod R,1,1,3,Medium,Module,0,2,30,3/14/2023,,,,,,,,,,,,,
Mod R,1,1,5,Medium,Module,0,2,30,3/14/2023,,,,,,,,,,,,,
Mod R,1,2,1,Large,Module,0,2,30,3/14/2023,,,,,,,,,,,,,
Mod R,1,2,2,Medium,Module,0,2,30,3/14/2023,,,,,,,,,,,,,
Mod R,1,2,3,Medium,Module,0,2,30,3/14/2023,,,,,,,,,,,,,
Mod R,1,2,4,Medium,Module,0,2,30,3/14/2023,,,,,,,,,,,,,
Mod R,1,2,5,Medium,Module,0,2,30,3/14/2023,,,,,,,,,,,,,
Mod R,1,3,1,Medium,Module,0,2,30,3/14/2023,,,,,,,,,,,,,
Mod R,1,3,2,Large,Module,0,2,30,3/14/2023,,,,,,,,,,,,,
Mod R,1,3,3,Medium,Module,0,2,30,3/14/2023,,,,,,,,,,,,,
Mod R,1,3,4,Medium,Module,0,2,30,3/14/2023,,,,,,,,,,,,,
Mod R,1,3,5,Medium,Module,0,2,30,3/14/2023,,,,,,,,,,,,,
Mod R,1,4,1,Medium,Module,0,2,30,3/14/2023,,,,,,,,,,,,,
Mod R,1,4,2,Medium,Module,0,2,30,3/14/2023,,,,,,,,,,,,,
Mod R,1,4,3,Medium,Module,0,2,30,3/14/2023,,,,,,,,,,,,,
Mod R,1,4,4,Large,Module,0,2,30,3/14/2023,,,,,,,,,,,,,
Mod R,1,5,1,Small,Module,0,2,30,3/14/2023,,,,,,,,,,,,,
Mod R,1,5,2,Large,Module,0,2,30,3/14/2023,,,,,,,,,,,,,
Mod R,1,5,3,Small,Module,0,2,30,3/14/2023,,,,,,,,,,,,,
Mod R,1,5,4,Small,Module,0,2,30,3/14/2023,,,,,,,,,,,,,
Mod R,1,5,5,Small,Module,0,2,30,3/14/2023,,,,,,,,,,,,,
Mod R,2,1,1,Large,Module,0,2,30,3/14/2023,,,,,,,,,,,,,
Mod R,2,1,2,Large,Module,0,2,30,3/14/2023,,,,,,,,,,,,,
Mod R,2,1,3,Large,Module,0,2,30,3/14/2023,,,,,,,,,,,,,
Mod R,2,1,4,Medium,Module,0,2,30,3/14/2023,,,,,,,,,,,,,
Mod R,2,1,5,Large,Module,1,2,30,3/14/2023,,,,,,,,,,,,,
Mod R,2,2,1,Medium,Module,0,2,30,3/14/2023,,,,,,,,,,,,,
Mod R,2,2,2,Medium,Module,0,2,30,3/14/2023,,,,,,,,,,,,,
Mod R,2,2,3,Medium,Module,0,2,30,3/14/2023,,,,,,,,,,,,,
Mod R,2,2,4,Medium,Module,0,2,30,3/14/2023,,,,,,,,,,,,,
Mod R,2,2,5,Large,Module,0,2,30,3/14/2023,,,,,,,,,,,,,
Mod R,2,3,1,Medium,Module,0,2,30,3/14/2023,,,,,,,,,,,,,
Mod R,2,3,2,Medium,Module,0,2,30,3/14/2023,,,,,,,,,,,,,
Mod R,2,3,3,Large,Module,0,2,30,3/14/2023,,,,,,,,,,,,,
Mod R,2,3,4,Medium,Module,0,2,30,3/14/2023,,,,,,,,,,,,,
Mod R,2,4,1,Medium,Module,0,2,30,3/14/2023,,,,,,,,,,,,,
Mod R,2,4,2,Large,Module,0,2,30,3/14/2023,,,,,,,,,,,,,
Mod R,2,4,3,Large,Module,0,2,30,3/14/2023,,,,,,,,,,,,,
Mod R,2,4,4,Small,Module,0,2,30,3/14/2023,,,,,,,,,,,,,
Mod R,2,4,5,Medium,Module,0,2,30,3/14/2023,,,,,,,,,,,,,
Mod R,2,5,1,Large,Module,0,2,30,3/14/2023,,,,,,,,,,,,,
Mod R,2,5,2,Large,Module,0,2,30,3/14/2023,,,,,,,,,,,,,
Mod R,2,5,3,Large,Module,0,2,30,3/14/2023,,,,,,,,,,,,,
Mod R,2,5,4,Medium,Module,0,2,30,3/14/2023,,,,,,,,,,,,,
Mod R,2,5,5,Small,Module,0,2,30,3/14/2023,,,,,,,,,,,,,
Mod R,3,1,2,Large,Module,0,2,30,3/14/2023,,,,,,,,,,,,,
Mod R,3,1,3,Medium,Module,0,2,30,3/14/2023,,,,,,,,,,,,,
Mod R,3,1,4,Large,Module,0,2,30,3/14/2023,,,,,,,,,,,,,
Mod R,3,1,5,Medium,Module,0,2,30,3/14/2023,,,,,,,,,,,,,
Mod R,3,2,1,Large,Module,0,2,30,3/14/2023,,,,,,,,,,,,,
Mod R,3,2,2,Large,Module,0,2,30,3/14/2023,,,,,,,,,,,,,
Mod R,3,2,3,Medium,Module,0,2,30,3/14/2023,,,,,,,,,,,,,
Mod R,3,2,4,Large,Module,0,2,30,3/14/2023,,,,,,,,,,,,,
Mod R,3,2,5,Large,Module,0,2,30,3/14/2023,,,,,,,,,,,,,
Mod R,3,3,1,Large,Module,0,2,30,3/14/2023,,,,,,,,,,,,,
Mod R,3,3,2,Medium,Module,0,2,30,3/14/2023,,,,,,,,,,,,,
Mod R,3,3,3,Large,Module,0,2,30,3/14/2023,,,,,,,,,,,,,
Mod R,3,3,4,Large,Module,0,2,30,3/14/2023,,,,,,,,,,,,,
Mod R,3,3,5,Large,Module,0,2,30,3/14/2023,,,,,,,,,,,,,
Mod R,3,4,1,Large,Module,0,2,30,3/14/2023,,,,,,,,,,,,,
Mod R,3,4,2,Small,Module,0,2,30,3/14/2023,,,,,,,,,,,,,
Mod R,3,4,3,Small,Module,0,2,30,3/14/2023,,,,,,,,,,,,,
Mod R,3,4,4,Small,Module,0,2,30,3/14/2023,,,,,,,,,,,,,
Mod R,3,4,5,Medium,Module,0,2,30,3/14/2023,,,,,,,,,,,,,
Mod R,3,5,1,Large,Module,0,2,30,3/14/2023,,,,,,,,,,,,,
Mod R,3,5,2,Large,Module,0,2,30,3/14/2023,,,,,,,,,,,,,
Mod R,3,5,3,Large,Module,0,2,30,3/14/2023,,,,,,,,,,,,,
Mod R,3,5,4,Large,Module,0,2,30,3/14/2023,,,,,,,,,,,,,
Mod R,3,5,5,Medium,Module,0,2,30,3/14/2023,,,,,,,,,,,,,
Mod R,4,1,1,Medium,Module,0,2,30,3/14/2023,,,,,,,,,,,,,
Mod R,4,1,2,Medium,Module,0,2,30,3/14/2023,,,,,,,,,,,,,
Mod R,4,1,3,Small,Module,0,2,30,3/14/2023,,,,,,,,,,,,,
Mod R,4,1,4,Large,Module,0,2,30,3/14/2023,,,,,,,,,,,,,
Mod R,4,1,5,Small,Module,0,2,30,3/14/2023,,,,,,,,,,,,,
Mod R,4,2,1,Small,Module,0,2,30,3/14/2023,,,,,,,,,,,,,
Mod R,4,2,2,Small,Module,0,2,30,3/14/2023,,,,,,,,,,,,,
Mod R,4,2,3,Medium,Module,0,2,30,3/14/2023,,,,,,,,,,,,,
Mod R,4,2,4,Medium,Module,0,2,30,3/14/2023,,,,,,,,,,,,,
Mod R,4,2,5,Medium,Module,0,2,30,3/14/2023,,,,,,,,,,,,,
Mod R,4,3,1,Small,Module,0,2,30,3/14/2023,,,,,,,,,,,,,
Mod R,4,3,2,Small,Module,0,2,30,3/14/2023,,,,,,,,,,,,,
Mod R,4,3,3,Small,Module,0,2,30,3/14/2023,,,,,,,,,,,,,
Mod R,4,3,4,Medium,Module,0,2,30,3/14/2023,,,,,,,,,,,,,
Mod R,4,3,5,Large,Module,0,2,30,3/14/2023,,,,,,,,,,,,,
Mod R,4,4,1,Medium,Module,0,2,30,3/14/2023,,,,,,,,,,,,,
Mod R,4,4,2,Medium,Module,0,2,30,3/14/2023,,,,,,,,,,,,,
Mod R,4,4,3,Small,Module,0,2,30,3/14/2023,,,,,,,,,,,,,
Mod R,4,4,4,Large,Module,0,2,30,3/14/2023,,,,,,,,,,,,,
Mod R,4,4,5,Medium,Module,0,2,30,3/14/2023,,,,,,,,,,,,,
Mod R,4,5,1,Small,Module,0,2,30,3/14/2023,,,,,,,,,,,,,
Mod R,4,5,2,Medium,Module,0,2,30,3/14/2023,,,,,,,,,,,,,
Mod R,4,5,3,Small,Module,0,2,30,3/14/2023,,,,,,,,,,,,,
Mod R,4,5,4,Small,Module,0,2,30,3/14/2023,,,,,,,,,,,,,
Mod R,4,5,5,Medium,Module,0,2,30,3/14/2023,,,,,,,,,,,,,
Mod R,5,1,1,Large,Module,0,2,30,3/14/2023,,,,,,,,,,,,,
Mod R,5,1,2,Large,Module,0,2,30,3/14/2023,,,,,,,,,,,,,
Mod R,5,1,3,Medium,Module,0,2,30,3/14/2023,,,,,,,,,,,,,
Mod R,5,1,4,Medium,Module,0,2,30,3/14/2023,,,,,,,,,,,,,
Mod R,5,1,5,Medium,Module,0,2,30,3/14/2023,,,,,,,,,,,,,
Mod R,5,2,1,Large,Module,0,2,30,3/14/2023,,,,,,,,,,,,,
Mod R,5,2,2,Large,Module,0,2,30,3/14/2023,,,,,,,,,,,,,
Mod R,5,2,3,Large,Module,0,2,30,3/14/2023,,,,,,,,,,,,,
Mod R,5,2,4,Medium,Module,0,2,30,3/14/2023,,,,,,,,,,,,,
Mod R,5,2,5,Medium,Module,0,2,30,3/14/2023,,,,,,,,,,,,,
Mod R,5,3,2,Large,Module,0,2,30,3/14/2023,,,,,,,,,,,,,
Mod R,5,3,3,Medium,Module,0,2,30,3/14/2023,,,,,,,,,,,,,
Mod R,5,3,4,Large,Module,0,2,30,3/14/2023,,,,,,,,,,,,,
Mod R,5,3,5,Medium,Module,0,2,30,3/14/2023,,,,,,,,,,,,,
Mod R,5,4,1,Large,Module,0,2,30,3/14/2023,,,,,,,,,,,,,
Mod R,5,4,2,Large,Module,0,2,30,3/14/2023,,,,,,,,,,,,,
Mod R,5,4,3,Medium,Module,0,2,30,3/14/2023,,,,,,,,,,,,,
Mod R,5,4,4,Large,Module,0,2,30,3/14/2023,,,,,,,,,,,,,
Mod R,5,4,5,Large,Module,0,2,30,3/14/2023,,,,,,,,,,,,,
Mod R,5,5,1,Large,Module,0,2,30,3/14/2023,,,,,,,,,,,,,
Mod R,5,5,2,Medium,Module,0,2,30,3/14/2023,,,,,,,,,,,,,
Mod R,5,5,3,Large,Module,0,2,30,3/14/2023,,,,,,,,,,,,,
Mod R,5,5,4,Large,Module,0,2,30,3/14/2023,,,,,,,,,,,,,
Mod R,5,5,5,Large,Module,0,2,30,3/14/2023,,,,,,,,,,,,,
Mod R,6,1,1,Large,Module,0,2,30,3/14/2023,,,,,,,,,,,,,
Mod R,6,1,2,Small,Module,0,2,30,3/14/2023,,,,,,,,,,,,,
Mod R,6,1,3,Small,Module,0,2,30,3/14/2023,,,,,,,,,,,,,
Mod R,6,1,4,Small,Module,0,2,30,3/14/2023,,,,,,,,,,,,,
Mod R,6,1,5,Medium,Module,0,2,30,3/14/2023,,,,,,,,,,,,,
Mod R,6,2,2,Medium,Module,0,2,30,3/14/2023,,,,,,,,,,,,,
Mod R,6,2,3,Large,Module,0,2,30,3/14/2023,,,,,,,,,,,,,
Mod R,6,2,4,Large,Module,0,2,30,3/14/2023,,,,,,,,,,,,,
Mod R,6,2,5,Large,Module,0,2,30,3/14/2023,,,,,,,,,,,,,
Mod R,6,3,1,Large,Module,0,2,30,3/14/2023,,,,,,,,,,,,,
Mod R,6,3,2,Medium,Module,0,2,30,3/14/2023,,,,,,,,,,,,,
Mod R,6,3,3,Medium,Module,0,2,30,3/14/2023,,,,,,,,,,,,,
Mod R,6,3,4,Large,Module,0,2,30,3/14/2023,,,,,,,,,,,,,
Mod R,6,3,5,Large,Module,0,2,30,3/14/2023,,,,,,,,,,,,,
Mod R,6,4,1,Medium,Module,0,2,30,3/14/2023,,,,,,,,,,,,,
Mod R,6,4,2,Large,Module,0,2,30,3/14/2023,,,,,,,,,,,,,
Mod R,6,4,3,Small,Module,0,2,30,3/14/2023,,,,,,,,,,,,,
Mod R,6,4,4,Small,Module,0,2,30,3/14/2023,,,,,,,,,,,,,
Mod R,6,4,5,Medium,Module,0,2,30,3/14/2023,,,,,,,,,,,,,
Mod R,6,5,1,Small,Module,0,2,30,3/14/2023,,,,,,,,,,,,,
Mod R,6,5,2,Large,Module,0,2,30,3/14/2023,,,,,,,,,,,,,
Mod R,6,5,3,Small,Module,0,2,30,3/14/2023,,,,,,,,,,,,,
Mod R,6,5,4,Medium,Module,0,2,30,3/14/2023,,,,,,,,,,,,,
Mod R,6,5,5,Small,Module,0,2,30,3/14/2023,,,,,,,,,,,,,
Mod R,1,1,1,Small,Module,0,3,90,5/17/2023,,,,,,,,,,,,,
Mod R,1,1,2,Small,Module,0,3,90,5/17/2023,,,,,,,,,,,,,
Mod R,1,1,3,Medium,Module,0,3,90,5/17/2023,,,,,,,,,,,,,
Mod R,1,1,5,Medium,Module,0,3,90,5/17/2023,,,,,,,,,,,,,
Mod R,1,2,1,Large,Module,0,3,90,5/17/2023,,,,,,,,,,,,,
Mod R,1,2,2,Medium,Module,0,3,90,5/17/2023,,,,,,,,,,,,,
Mod R,1,2,3,Medium,Module,0,3,90,5/17/2023,,,,,,,,,,,,,
Mod R,1,2,4,Medium,Module,0,3,90,5/17/2023,,,,,,,,,,,,,
Mod R,1,2,5,Medium,Module,0,3,90,5/17/2023,,,,,,,,,,,,,
Mod R,1,3,1,Medium,Module,0,3,90,5/17/2023,,,,,,,,,,,,,
Mod R,1,3,2,Large,Module,0,3,90,5/17/2023,,,,,,,,,,,,,
Mod R,1,3,3,Medium,Module,0,3,90,5/17/2023,,,,,,,,,,,,,
Mod R,1,3,4,Medium,Module,0,3,90,5/17/2023,,,,,,,,,,,,,
Mod R,1,3,5,Medium,Module,0,3,90,5/17/2023,,,,,,,,,,,,,
Mod R,1,4,1,Medium,Module,0,3,90,5/17/2023,,,,,,,,,,,,,
Mod R,1,4,2,Medium,Module,0,3,90,5/17/2023,,,,,,,,,,,,,
Mod R,1,4,3,Medium,Module,0,3,90,5/17/2023,,,,,,,,,,,,,
Mod R,1,4,4,Large,Module,0,3,90,5/17/2023,,,,,,,,,,,,,
Mod R,1,5,1,Small,Module,0,3,90,5/17/2023,,,,,,,,,,,,,
Mod R,1,5,2,Large,Module,0,3,90,5/17/2023,,,,,,,,,,,,,
Mod R,1,5,3,Small,Module,0,3,90,5/17/2023,,,,,,,,,,,,,
Mod R,1,5,4,Small,Module,1,3,90,5/17/2023,,,,,,,,,,,,,
Mod R,1,5,5,Small,Module,1,3,90,5/17/2023,,,,,,,,,,,,,
Mod R,2,1,1,Large,Module,0,3,90,5/17/2023,,,,,,,,,,,,,
Mod R,2,1,2,Large,Module,0,3,90,5/17/2023,,,,,,,,,,,,,
Mod R,2,1,3,Large,Module,0,3,90,5/17/2023,,,,,,,,,,,,,
Mod R,2,1,4,Medium,Module,0,3,90,5/17/2023,,,,,,,,,,,,,
Mod R,2,2,1,Medium,Module,0,3,90,5/17/2023,,,,,,,,,,,,,
Mod R,2,2,2,Medium,Module,0,3,90,5/17/2023,,,,,,,,,,,,,
Mod R,2,2,3,Medium,Module,0,3,90,5/17/2023,,,,,,,,,,,,,
Mod R,2,2,4,Medium,Module,0,3,90,5/17/2023,,,,,,,,,,,,,
Mod R,2,2,5,Large,Module,0,3,90,5/17/2023,,,,,,,,,,,,,
Mod R,2,3,1,Medium,Module,0,3,90,5/17/2023,,,,,,,,,,,,,
Mod R,2,3,2,Medium,Module,0,3,90,5/17/2023,,,,,,,,,,,,,
Mod R,2,3,3,Large,Module,1,3,90,5/17/2023,,,,,,,,,,,,,
Mod R,2,3,4,Medium,Module,0,3,90,5/17/2023,,,,,,,,,,,,,
Mod R,2,4,1,Medium,Module,0,3,90,5/17/2023,,,,,,,,,,,,,
Mod R,2,4,2,Large,Module,0,3,90,5/17/2023,,,,,,,,,,,,,
Mod R,2,4,3,Large,Module,0,3,90,5/17/2023,,,,,,,,,,,,,
Mod R,2,4,4,Small,Module,0,3,90,5/17/2023,,,,,,,,,,,,,
Mod R,2,4,5,Medium,Module,0,3,90,5/17/2023,,,,,,,,,,,,,
Mod R,2,5,1,Large,Module,0,3,90,5/17/2023,,,,,,,,,,,,,
Mod R,2,5,2,Large,Module,0,3,90,5/17/2023,,,,,,,,,,,,,
Mod R,2,5,3,Large,Module,0,3,90,5/17/2023,,,,,,,,,,,,,
Mod R,2,5,4,Medium,Module,0,3,90,5/17/2023,,,,,,,,,,,,,
Mod R,2,5,5,Small,Module,0,3,90,5/17/2023,,,,,,,,,,,,,
Mod R,3,1,2,Large,Module,0,3,90,5/17/2023,,,,,,,,,,,,,
Mod R,3,1,3,Medium,Module,0,3,90,5/17/2023,,,,,,,,,,,,,
Mod R,3,1,4,Large,Module,0,3,90,5/17/2023,,,,,,,,,,,,,
Mod R,3,1,5,Medium,Module,0,3,90,5/17/2023,,,,,,,,,,,,,
Mod R,3,2,1,Large,Module,0,3,90,5/17/2023,,,,,,,,,,,,,
Mod R,3,2,2,Large,Module,0,3,90,5/17/2023,,,,,,,,,,,,,
Mod R,3,2,3,Medium,Module,0,3,90,5/17/2023,,,,,,,,,,,,,
Mod R,3,2,4,Large,Module,0,3,90,5/17/2023,,,,,,,,,,,,,
Mod R,3,2,5,Large,Module,0,3,90,5/17/2023,,,,,,,,,,,,,
Mod R,3,3,1,Large,Module,0,3,90,5/17/2023,,,,,,,,,,,,,
Mod R,3,3,2,Medium,Module,0,3,90,5/17/2023,,,,,,,,,,,,,
Mod R,3,3,3,Large,Module,0,3,90,5/17/2023,,,,,,,,,,,,,
Mod R,3,3,4,Large,Module,0,3,90,5/17/2023,,,,,,,,,,,,,
Mod R,3,3,5,Large,Module,0,3,90,5/17/2023,,,,,,,,,,,,,
Mod R,3,4,1,Large,Module,0,3,90,5/17/2023,,,,,,,,,,,,,
Mod R,3,4,2,Small,Module,0,3,90,5/17/2023,,,,,,,,,,,,,
Mod R,3,4,3,Small,Module,0,3,90,5/17/2023,,,,,,,,,,,,,
Mod R,3,4,4,Small,Module,0,3,90,5/17/2023,,,,,,,,,,,,,
Mod R,3,4,5,Medium,Module,0,3,90,5/17/2023,,,,,,,,,,,,,
Mod R,3,5,1,Large,Module,0,3,90,5/17/2023,,,,,,,,,,,,,
Mod R,3,5,2,Large,Module,0,3,90,5/17/2023,,,,,,,,,,,,,
Mod R,3,5,3,Large,Module,0,3,90,5/17/2023,,,,,,,,,,,,,
Mod R,3,5,4,Large,Module,0,3,90,5/17/2023,,,,,,,,,,,,,
Mod R,3,5,5,Medium,Module,0,3,90,5/17/2023,,,,,,,,,,,,,
Mod R,4,1,1,Medium,Module,0,3,90,5/17/2023,,,,,,,,,,,,,
Mod R,4,1,2,Medium,Module,0,3,90,5/17/2023,,,,,,,,,,,,,
Mod R,4,1,3,Small,Module,0,3,90,5/17/2023,,,,,,,,,,,,,
Mod R,4,1,4,Large,Module,0,3,90,5/17/2023,,,,,,,,,,,,,
Mod R,4,1,5,Small,Module,0,3,90,5/17/2023,,,,,,,,,,,,,
Mod R,4,2,1,Small,Module,0,3,90,5/17/2023,,,,,,,,,,,,,
Mod R,4,2,2,Small,Module,0,3,90,5/17/2023,,,,,,,,,,,,,
Mod R,4,2,3,Medium,Module,0,3,90,5/17/2023,,,,,,,,,,,,,
Mod R,4,2,4,Medium,Module,0,3,90,5/17/2023,,,,,,,,,,,,,
Mod R,4,2,5,Medium,Module,0,3,90,5/17/2023,,,,,,,,,,,,,
Mod R,4,3,1,Small,Module,0,3,90,5/17/2023,,,,,,,,,,,,,
Mod R,4,3,2,Small,Module,0,3,90,5/17/2023,,,,,,,,,,,,,
Mod R,4,3,3,Small,Module,0,3,90,5/17/2023,,,,,,,,,,,,,
Mod R,4,3,4,Medium,Module,0,3,90,5/17/2023,,,,,,,,,,,,,
Mod R,4,3,5,Large,Module,0,3,90,5/17/2023,,,,,,,,,,,,,
Mod R,4,4,1,Medium,Module,0,3,90,5/17/2023,,,,,,,,,,,,,
Mod R,4,4,2,Medium,Module,0,3,90,5/17/2023,,,,,,,,,,,,,
Mod R,4,4,3,Small,Module,0,3,90,5/17/2023,,,,,,,,,,,,,
Mod R,4,4,4,Large,Module,0,3,90,5/17/2023,,,,,,,,,,,,,
Mod R,4,4,5,Medium,Module,0,3,90,5/17/2023,,,,,,,,,,,,,
Mod R,4,5,1,Small,Module,0,3,90,5/17/2023,,,,,,,,,,,,,
Mod R,4,5,2,Medium,Module,0,3,90,5/17/2023,,,,,,,,,,,,,
Mod R,4,5,3,Small,Module,0,3,90,5/17/2023,,,,,,,,,,,,,
Mod R,4,5,4,Small,Module,0,3,90,5/17/2023,,,,,,,,,,,,,
Mod R,4,5,5,Medium,Module,0,3,90,5/17/2023,,,,,,,,,,,,,
Mod R,5,1,1,Large,Module,0,3,90,5/17/2023,,,,,,,,,,,,,
Mod R,5,1,2,Large,Module,0,3,90,5/17/2023,,,,,,,,,,,,,
Mod R,5,1,3,Medium,Module,0,3,90,5/17/2023,,,,,,,,,,,,,
Mod R,5,1,4,Medium,Module,0,3,90,5/17/2023,,,,,,,,,,,,,
Mod R,5,1,5,Medium,Module,0,3,90,5/17/2023,,,,,,,,,,,,,
Mod R,5,2,1,Large,Module,0,3,90,5/17/2023,,,,,,,,,,,,,
Mod R,5,2,2,Large,Module,0,3,90,5/17/2023,,,,,,,,,,,,,
Mod R,5,2,3,Large,Module,0,3,90,5/17/2023,,,,,,,,,,,,,
Mod R,5,2,4,Medium,Module,0,3,90,5/17/2023,,,,,,,,,,,,,
Mod R,5,2,5,Medium,Module,0,3,90,5/17/2023,,,,,,,,,,,,,
Mod R,5,3,2,Large,Module,0,3,90,5/17/2023,,,,,,,,,,,,,
Mod R,5,3,3,Medium,Module,0,3,90,5/17/2023,,,,,,,,,,,,,
Mod R,5,3,4,Large,Module,0,3,90,5/17/2023,,,,,,,,,,,,,
Mod R,5,3,5,Medium,Module,0,3,90,5/17/2023,,,,,,,,,,,,,
Mod R,5,4,1,Large,Module,0,3,90,5/17/2023,,,,,,,,,,,,,
Mod R,5,4,2,Large,Module,0,3,90,5/17/2023,,,,,,,,,,,,,
Mod R,5,4,3,Medium,Module,0,3,90,5/17/2023,,,,,,,,,,,,,
Mod R,5,4,4,Large,Module,0,3,90,5/17/2023,,,,,,,,,,,,,
Mod R,5,4,5,Large,Module,0,3,90,5/17/2023,,,,,,,,,,,,,
Mod R,5,5,1,Large,Module,0,3,90,5/17/2023,,,,,,,,,,,,,
Mod R,5,5,2,Medium,Module,0,3,90,5/17/2023,,,,,,,,,,,,,
Mod R,5,5,3,Large,Module,0,3,90,5/17/2023,,,,,,,,,,,,,
Mod R,5,5,4,Large,Module,0,3,90,5/17/2023,,,,,,,,,,,,,
Mod R,5,5,5,Large,Module,0,3,90,5/17/2023,,,,,,,,,,,,,
Mod R,6,1,1,Large,Module,0,3,90,5/17/2023,,,,,,,,,,,,,
Mod R,6,1,2,Small,Module,0,3,90,5/17/2023,,,,,,,,,,,,,
Mod R,6,1,3,Small,Module,0,3,90,5/17/2023,,,,,,,,,,,,,
Mod R,6,1,4,Small,Module,0,3,90,5/17/2023,,,,,,,,,,,,,
Mod R,6,1,5,Medium,Module,0,3,90,5/17/2023,,,,,,,,,,,,,
Mod R,6,2,2,Medium,Module,0,3,90,5/17/2023,,,,,,,,,,,,,
Mod R,6,2,3,Large,Module,0,3,90,5/17/2023,,,,,,,,,,,,,
Mod R,6,2,4,Large,Module,0,3,90,5/17/2023,,,,,,,,,,,,,
Mod R,6,2,5,Large,Module,0,3,90,5/17/2023,,,,,,,,,,,,,
Mod R,6,3,1,Large,Module,0,3,90,5/17/2023,,,,,,,,,,,,,
Mod R,6,3,2,Medium,Module,0,3,90,5/17/2023,,,,,,,,,,,,,
Mod R,6,3,3,Medium,Module,0,3,90,5/17/2023,,,,,,,,,,,,,
Mod R,6,3,4,Large,Module,0,3,90,5/17/2023,,,,,,,,,,,,,
Mod R,6,3,5,Large,Module,0,3,90,5/17/2023,,,,,,,,,,,,,
Mod R,6,4,1,Medium,Module,1,3,90,5/17/2023,,,,,,,,,,,,,
Mod R,6,4,2,Large,Module,0,3,90,5/17/2023,,,,,,,,,,,,,
Mod R,6,4,3,Small,Module,0,3,90,5/17/2023,,,,,,,,,,,,,
Mod R,6,4,4,Small,Module,0,3,90,5/17/2023,,,,,,,,,,,,,
Mod R,6,4,5,Medium,Module,0,3,90,5/17/2023,,,,,,,,,,,,,
Mod R,6,5,1,Small,Module,0,3,90,5/17/2023,,,,,,,,,,,,,
Mod R,6,5,2,Large,Module,1,3,90,5/17/2023,,,,,,,,,,,,,
Mod R,6,5,3,Small,Module,0,3,90,5/17/2023,,,,,,,,,,,,,
Mod R,6,5,4,Medium,Module,0,3,90,5/17/2023,,,,,,,,,,,,,
Mod R,6,5,5,Small,Module,0,3,90,5/17/2023,,,,,,,,,,,,,
Mod R,1,1,1,Small,Module,0,4,180,8/9/2023,,,,,,,,,,,,,
Mod R,1,1,2,Small,Module,1,4,180,8/9/2023,,,,,,,,,,,,,
Mod R,1,1,3,Medium,Module,0,4,180,8/9/2023,,,,,,,,,,,,,
Mod R,1,1,5,Medium,Module,0,4,180,8/9/2023,,,,,,,,,,,,,
Mod R,1,2,1,Large,Module,1,4,180,8/9/2023,,,,,,,,,,,,,
Mod R,1,2,2,Medium,Module,0,4,180,8/9/2023,,,,,,,,,,,,,
Mod R,1,2,3,Medium,Module,0,4,180,8/9/2023,,,,,,,,,,,,,
Mod R,1,2,4,Medium,Module,0,4,180,8/9/2023,,,,,,,,,,,,,
Mod R,1,2,5,Medium,Module,1,4,180,8/9/2023,,,,,,,,,,,,,
Mod R,1,3,1,Medium,Module,0,4,180,8/9/2023,,,,,,,,,,,,,
Mod R,1,3,2,Large,Module,0,4,180,8/9/2023,,,,,,,,,,,,,
Mod R,1,3,3,Medium,Module,0,4,180,8/9/2023,,,,,,,,,,,,,
Mod R,1,3,4,Medium,Module,0,4,180,8/9/2023,,,,,,,,,,,,,
Mod R,1,3,5,Medium,Module,0,4,180,8/9/2023,,,,,,,,,,,,,
Mod R,1,4,1,Medium,Module,0,4,180,8/9/2023,,,,,,,,,,,,,
Mod R,1,4,2,Medium,Module,0,4,180,8/9/2023,,,,,,,,,,,,,
Mod R,1,4,3,Medium,Module,0,4,180,8/9/2023,,,,,,,,,,,,,
Mod R,1,4,4,Large,Module,0,4,180,8/9/2023,,,,,,,,,,,,,
Mod R,1,5,1,Small,Module,0,4,180,8/9/2023,,,,,,,,,,,,,
Mod R,1,5,2,Large,Module,0,4,180,8/9/2023,,,,,,,,,,,,,
Mod R,1,5,3,Small,Module,1,4,180,8/9/2023,,,,,,,,,,,,,
Mod R,2,1,1,Large,Module,1,4,180,8/9/2023,,,,,,,,,,,,,
Mod R,2,1,2,Large,Module,0,4,180,8/9/2023,,,,,,,,,,,,,
Mod R,2,1,3,Large,Module,0,4,180,8/9/2023,,,,,,,,,,,,,
Mod R,2,1,4,Medium,Module,0,4,180,8/9/2023,,,,,,,,,,,,,
Mod R,2,2,1,Medium,Module,0,4,180,8/9/2023,,,,,,,,,,,,,
Mod R,2,2,2,Medium,Module,0,4,180,8/9/2023,,,,,,,,,,,,,
Mod R,2,2,3,Medium,Module,0,4,180,8/9/2023,,,,,,,,,,,,,
Mod R,2,2,4,Medium,Module,0,4,180,8/9/2023,,,,,,,,,,,,,
Mod R,2,2,5,Large,Module,0,4,180,8/9/2023,,,,,,,,,,,,,
Mod R,2,3,1,Medium,Module,0,4,180,8/9/2023,,,,,,,,,,,,,
Mod R,2,3,2,Medium,Module,1,4,180,8/9/2023,,,,,,,,,,,,,
Mod R,2,3,4,Medium,Module,0,4,180,8/9/2023,,,,,,,,,,,,,
Mod R,2,4,1,Medium,Module,1,4,180,8/9/2023,,,,,,,,,,,,,
Mod R,2,4,2,Large,Module,1,4,180,8/9/2023,,,,,,,,,,,,,
Mod R,2,4,3,Large,Module,1,4,180,8/9/2023,,,,,,,,,,,,,
Mod R,2,4,4,Small,Module,0,4,180,8/9/2023,,,,,,,,,,,,,
Mod R,2,4,5,Medium,Module,0,4,180,8/9/2023,,,,,,,,,,,,,
Mod R,2,5,1,Large,Module,1,4,180,8/9/2023,,,,,,,,,,,,,
Mod R,2,5,2,Large,Module,1,4,180,8/9/2023,,,,,,,,,,,,,
Mod R,2,5,3,Large,Module,1,4,180,8/9/2023,,,,,,,,,,,,,
Mod R,2,5,4,Medium,Module,1,4,180,8/9/2023,,,,,,,,,,,,,
Mod R,2,5,5,Small,Module,0,4,180,8/9/2023,,,,,,,,,,,,,
Mod R,3,1,2,Large,Module,0,4,180,8/9/2023,,,,,,,,,,,,,
Mod R,3,1,3,Medium,Module,0,4,180,8/9/2023,,,,,,,,,,,,,
Mod R,3,1,4,Large,Module,0,4,180,8/9/2023,,,,,,,,,,,,,
Mod R,3,1,5,Medium,Module,0,4,180,8/9/2023,,,,,,,,,,,,,
Mod R,3,2,1,Large,Module,0,4,180,8/9/2023,,,,,,,,,,,,,
Mod R,3,2,2,Large,Module,0,4,180,8/9/2023,,,,,,,,,,,,,
Mod R,3,2,3,Medium,Module,0,4,180,8/9/2023,,,,,,,,,,,,,
Mod R,3,2,4,Large,Module,0,4,180,8/9/2023,,,,,,,,,,,,,
Mod R,3,2,5,Large,Module,0,4,180,8/9/2023,,,,,,,,,,,,,
Mod R,3,3,1,Large,Module,0,4,180,8/9/2023,,,,,,,,,,,,,
Mod R,3,3,2,Medium,Module,0,4,180,8/9/2023,,,,,,,,,,,,,
Mod R,3,3,3,Large,Module,0,4,180,8/9/2023,,,,,,,,,,,,,
Mod R,3,3,4,Large,Module,0,4,180,8/9/2023,,,,,,,,,,,,,
Mod R,3,3,5,Large,Module,1,4,180,8/9/2023,,,,,,,,,,,,,
Mod R,3,4,1,Large,Module,1,4,180,8/9/2023,,,,,,,,,,,,,
Mod R,3,4,2,Small,Module,0,4,180,8/9/2023,,,,,,,,,,,,,
Mod R,3,4,3,Small,Module,0,4,180,8/9/2023,,,,,,,,,,,,,
Mod R,3,4,4,Small,Module,0,4,180,8/9/2023,,,,,,,,,,,,,
Mod R,3,4,5,Medium,Module,0,4,180,8/9/2023,,,,,,,,,,,,,
Mod R,3,5,1,Large,Module,0,4,180,8/9/2023,,,,,,,,,,,,,
Mod R,3,5,2,Large,Module,0,4,180,8/9/2023,,,,,,,,,,,,,
Mod R,3,5,3,Large,Module,0,4,180,8/9/2023,,,,,,,,,,,,,
Mod R,3,5,4,Large,Module,0,4,180,8/9/2023,,,,,,,,,,,,,
Mod R,3,5,5,Medium,Module,0,4,180,8/9/2023,,,,,,,,,,,,,
Mod R,4,1,1,Medium,Module,1,4,180,8/9/2023,,,,,,,,,,,,,
Mod R,4,1,2,Medium,Module,0,4,180,8/9/2023,,,,,,,,,,,,,
Mod R,4,1,3,Small,Module,0,4,180,8/9/2023,,,,,,,,,,,,,
Mod R,4,1,4,Large,Module,0,4,180,8/9/2023,,,,,,,,,,,,,
Mod R,4,1,5,Small,Module,0,4,180,8/9/2023,,,,,,,,,,,,,
Mod R,4,2,1,Small,Module,0,4,180,8/9/2023,,,,,,,,,,,,,
Mod R,4,2,2,Small,Module,0,4,180,8/9/2023,,,,,,,,,,,,,
Mod R,4,2,3,Medium,Module,1,4,180,8/9/2023,,,,,,,,,,,,,
Mod R,4,2,4,Medium,Module,0,4,180,8/9/2023,,,,,,,,,,,,,
Mod R,4,2,5,Medium,Module,0,4,180,8/9/2023,,,,,,,,,,,,,
Mod R,4,3,1,Small,Module,0,4,180,8/9/2023,,,,,,,,,,,,,
Mod R,4,3,2,Small,Module,0,4,180,8/9/2023,,,,,,,,,,,,,
Mod R,4,3,3,Small,Module,0,4,180,8/9/2023,,,,,,,,,,,,,
Mod R,4,3,4,Medium,Module,0,4,180,8/9/2023,,,,,,,,,,,,,
Mod R,4,3,5,Large,Module,0,4,180,8/9/2023,,,,,,,,,,,,,
Mod R,4,4,1,Medium,Module,0,4,180,8/9/2023,,,,,,,,,,,,,
Mod R,4,4,2,Medium,Module,0,4,180,8/9/2023,,,,,,,,,,,,,
Mod R,4,4,3,Small,Module,1,4,180,8/9/2023,,,,,,,,,,,,,
Mod R,4,4,4,Large,Module,0,4,180,8/9/2023,,,,,,,,,,,,,
Mod R,4,4,5,Medium,Module,0,4,180,8/9/2023,,,,,,,,,,,,,
Mod R,4,5,1,Small,Module,0,4,180,8/9/2023,,,,,,,,,,,,,
Mod R,4,5,2,Medium,Module,1,4,180,8/9/2023,,,,,,,,,,,,,
Mod R,4,5,3,Small,Module,0,4,180,8/9/2023,,,,,,,,,,,,,
Mod R,4,5,4,Small,Module,0,4,180,8/9/2023,,,,,,,,,,,,,
Mod R,4,5,5,Medium,Module,0,4,180,8/9/2023,,,,,,,,,,,,,
Mod R,5,1,1,Large,Module,0,4,180,8/9/2023,,,,,,,,,,,,,
Mod R,5,1,2,Large,Module,0,4,180,8/9/2023,,,,,,,,,,,,,
Mod R,5,1,3,Medium,Module,0,4,180,8/9/2023,,,,,,,,,,,,,
Mod R,5,1,4,Medium,Module,0,4,180,8/9/2023,,,,,,,,,,,,,
Mod R,5,1,5,Medium,Module,1,4,180,8/9/2023,,,,,,,,,,,,,
Mod R,5,2,1,Large,Module,0,4,180,8/9/2023,,,,,,,,,,,,,
Mod R,5,2,2,Large,Module,0,4,180,8/9/2023,,,,,,,,,,,,,
Mod R,5,2,3,Large,Module,0,4,180,8/9/2023,,,,,,,,,,,,,
Mod R,5,2,4,Medium,Module,1,4,180,8/9/2023,,,,,,,,,,,,,
Mod R,5,2,5,Medium,Module,0,4,180,8/9/2023,,,,,,,,,,,,,
Mod R,5,3,2,Large,Module,0,4,180,8/9/2023,,,,,,,,,,,,,
Mod R,5,3,3,Medium,Module,0,4,180,8/9/2023,,,,,,,,,,,,,
Mod R,5,3,4,Large,Module,1,4,180,8/9/2023,,,,,,,,,,,,,
Mod R,5,3,5,Medium,Module,1,4,180,8/9/2023,,,,,,,,,,,,,
Mod R,5,4,1,Large,Module,0,4,180,8/9/2023,,,,,,,,,,,,,
Mod R,5,4,2,Large,Module,0,4,180,8/9/2023,,,,,,,,,,,,,
Mod R,5,4,3,Medium,Module,0,4,180,8/9/2023,,,,,,,,,,,,,
Mod R,5,4,4,Large,Module,0,4,180,8/9/2023,,,,,,,,,,,,,
Mod R,5,4,5,Large,Module,0,4,180,8/9/2023,,,,,,,,,,,,,
Mod R,5,5,1,Large,Module,0,4,180,8/9/2023,,,,,,,,,,,,,
Mod R,5,5,2,Medium,Module,0,4,180,8/9/2023,,,,,,,,,,,,,
Mod R,5,5,3,Large,Module,0,4,180,8/9/2023,,,,,,,,,,,,,
Mod R,5,5,4,Large,Module,0,4,180,8/9/2023,,,,,,,,,,,,,
Mod R,5,5,5,Large,Module,0,4,180,8/9/2023,,,,,,,,,,,,,
Mod R,6,1,1,Large,Module,0,4,180,8/9/2023,,,,,,,,,,,,,
Mod R,6,1,2,Small,Module,0,4,180,8/9/2023,,,,,,,,,,,,,
Mod R,6,1,3,Small,Module,0,4,180,8/9/2023,,,,,,,,,,,,,
Mod R,6,1,4,Small,Module,0,4,180,8/9/2023,,,,,,,,,,,,,
Mod R,6,1,5,Medium,Module,0,4,180,8/9/2023,,,,,,,,,,,,,
Mod R,6,2,2,Medium,Module,0,4,180,8/9/2023,,,,,,,,,,,,,
Mod R,6,2,3,Large,Module,0,4,180,8/9/2023,,,,,,,,,,,,,
Mod R,6,2,4,Large,Module,0,4,180,8/9/2023,,,,,,,,,,,,,
Mod R,6,2,5,Large,Module,0,4,180,8/9/2023,,,,,,,,,,,,,
Mod R,6,3,1,Large,Module,0,4,180,8/9/2023,,,,,,,,,,,,,
Mod R,6,3,2,Medium,Module,0,4,180,8/9/2023,,,,,,,,,,,,,
Mod R,6,3,3,Medium,Module,1,4,180,8/9/2023,,,,,,,,,,,,,
Mod R,6,3,4,Large,Module,1,4,180,8/9/2023,,,,,,,,,,,,,
Mod R,6,3,5,Large,Module,0,4,180,8/9/2023,,,,,,,,,,,,,
Mod R,6,4,2,Large,Module,0,4,180,8/9/2023,,,,,,,,,,,,,
Mod R,6,4,3,Small,Module,0,4,180,8/9/2023,,,,,,,,,,,,,
Mod R,6,4,4,Small,Module,0,4,180,8/9/2023,,,,,,,,,,,,,
Mod R,6,4,5,Medium,Module,0,4,180,8/9/2023,,,,,,,,,,,,,
Mod R,6,5,1,Small,Module,0,4,180,8/9/2023,,,,,,,,,,,,,
Mod R,6,5,3,Small,Module,0,4,180,8/9/2023,,,,,,,,,,,,,
Mod R,6,5,4,Medium,Module,0,4,180,8/9/2023,,,,,,,,,,,,,
Mod R,6,5,5,Small,Module,0,4,180,8/9/2023,,,,,,,,,,,,,
Mod R,1,1,1,Small,Module,0,5,270,11/20/2023,,,,,,,,,,,,,
Mod R,1,1,3,Medium,Module,0,5,270,11/20/2023,,,,,,,,,,,,,
Mod R,1,1,5,Medium,Module,0,5,270,11/20/2023,,,,,,,,,,,,,
Mod R,1,2,2,Medium,Module,0,5,270,11/20/2023,,,,,,,,,,,,,
Mod R,1,2,3,Medium,Module,0,5,270,11/20/2023,,,,,,,,,,,,,
Mod R,1,2,4,Medium,Module,0,5,270,11/20/2023,,,,,,,,,,,,,
Mod R,1,3,1,Medium,Module,0,5,270,11/20/2023,,,,,,,,,,,,,
Mod R,1,3,2,Large,Module,0,5,270,11/20/2023,,,,,,,,,,,,,
Mod R,1,3,3,Medium,Module,0,5,270,11/20/2023,,,,,,,,,,,,,
Mod R,1,3,4,Medium,Module,0,5,270,11/20/2023,,,,,,,,,,,,,
Mod R,1,3,5,Medium,Module,1,5,270,11/20/2023,,,,,,,,,,,,,
Mod R,1,4,1,Medium,Module,0,5,270,11/20/2023,,,,,,,,,,,,,
Mod R,1,4,2,Medium,Module,0,5,270,11/20/2023,,,,,,,,,,,,,
Mod R,1,4,3,Medium,Module,0,5,270,11/20/2023,,,,,,,,,,,,,
Mod R,1,4,4,Large,Module,0,5,270,11/20/2023,,,,,,,,,,,,,
Mod R,1,5,1,Small,Module,0,5,270,11/20/2023,,,,,,,,,,,,,
Mod R,1,5,2,Large,Module,0,5,270,11/20/2023,,,,,,,,,,,,,
Mod R,2,1,2,Large,Module,0,5,270,11/20/2023,,,,,,,,,,,,,
Mod R,2,1,3,Large,Module,1,5,270,11/20/2023,,,,,,,,,,,,,
Mod R,2,1,4,Medium,Module,0,5,270,11/20/2023,,,,,,,,,,,,,
Mod R,2,2,1,Medium,Module,0,5,270,11/20/2023,,,,,,,,,,,,,
Mod R,2,2,2,Medium,Module,0,5,270,11/20/2023,,,,,,,,,,,,,
Mod R,2,2,3,Medium,Module,0,5,270,11/20/2023,,,,,,,,,,,,,
Mod R,2,2,4,Medium,Module,0,5,270,11/20/2023,,,,,,,,,,,,,
Mod R,2,2,5,Large,Module,0,5,270,11/20/2023,,,,,,,,,,,,,
Mod R,2,3,1,Medium,Module,0,5,270,11/20/2023,,,,,,,,,,,,,
Mod R,2,3,4,Medium,Module,0,5,270,11/20/2023,,,,,,,,,,,,,
Mod R,2,4,4,Small,Module,0,5,270,11/20/2023,,,,,,,,,,,,,
Mod R,2,4,5,Medium,Module,1,5,270,11/20/2023,,,,,,,,,,,,,
Mod R,2,5,5,Small,Module,0,5,270,11/20/2023,,,,,,,,,,,,,
Mod R,3,1,2,Large,Module,0,5,270,11/20/2023,,,,,,,,,,,,,
Mod R,3,1,3,Medium,Module,0,5,270,11/20/2023,,,,,,,,,,,,,
Mod R,3,1,4,Large,Module,0,5,270,11/20/2023,,,,,,,,,,,,,
Mod R,3,1,5,Medium,Module,0,5,270,11/20/2023,,,,,,,,,,,,,
Mod R,3,2,1,Large,Module,0,5,270,11/20/2023,,,,,,,,,,,,,
Mod R,3,2,2,Large,Module,1,5,270,11/20/2023,,,,,,,,,,,,,
Mod R,3,2,3,Medium,Module,0,5,270,11/20/2023,,,,,,,,,,,,,
Mod R,3,2,4,Large,Module,0,5,270,11/20/2023,,,,,,,,,,,,,
Mod R,3,2,5,Large,Module,0,5,270,11/20/2023,,,,,,,,,,,,,
Mod R,3,3,1,Large,Module,0,5,270,11/20/2023,,,,,,,,,,,,,
Mod R,3,3,2,Medium,Module,0,5,270,11/20/2023,,,,,,,,,,,,,
Mod R,3,3,3,Large,Module,0,5,270,11/20/2023,,,,,,,,,,,,,
Mod R,3,3,4,Large,Module,0,5,270,11/20/2023,,,,,,,,,,,,,
Mod R,3,4,2,Small,Module,0,5,270,11/20/2023,,,,,,,,,,,,,
Mod R,3,4,3,Small,Module,1,5,270,11/20/2023,,,,,,,,,,,,,
Mod R,3,4,4,Small,Module,0,5,270,11/20/2023,,,,,,,,,,,,,
Mod R,3,4,5,Medium,Module,1,5,270,11/20/2023,,,,,,,,,,,,,
Mod R,3,5,1,Large,Module,1,5,270,11/20/2023,,,,,,,,,,,,,
Mod R,3,5,2,Large,Module,0,5,270,11/20/2023,,,,,,,,,,,,,
Mod R,3,5,3,Large,Module,0,5,270,11/20/2023,,,,,,,,,,,,,
Mod R,3,5,4,Large,Module,0,5,270,11/20/2023,,,,,,,,,,,,,
Mod R,3,5,5,Medium,Module,0,5,270,11/20/2023,,,,,,,,,,,,,
Mod R,4,1,2,Medium,Module,0,5,270,11/20/2023,,,,,,,,,,,,,
Mod R,4,1,3,Small,Module,0,5,270,11/20/2023,,,,,,,,,,,,,
Mod R,4,1,4,Large,Module,1,5,270,11/20/2023,,,,,,,,,,,,,
Mod R,4,1,5,Small,Module,0,5,270,11/20/2023,,,,,,,,,,,,,
Mod R,4,2,1,Small,Module,0,5,270,11/20/2023,,,,,,,,,,,,,
Mod R,4,2,2,Small,Module,0,5,270,11/20/2023,,,,,,,,,,,,,
Mod R,4,2,4,Medium,Module,0,5,270,11/20/2023,,,,,,,,,,,,,
Mod R,4,2,5,Medium,Module,1,5,270,11/20/2023,,,,,,,,,,,,,
Mod R,4,3,1,Small,Module,0,5,270,11/20/2023,,,,,,,,,,,,,
Mod R,4,3,2,Small,Module,1,5,270,11/20/2023,,,,,,,,,,,,,
Mod R,4,3,3,Small,Module,0,5,270,11/20/2023,,,,,,,,,,,,,
Mod R,4,3,4,Medium,Module,1,5,270,11/20/2023,,,,,,,,,,,,,
Mod R,4,3,5,Large,Module,1,5,270,11/20/2023,,,,,,,,,,,,,
Mod R,4,4,1,Medium,Module,0,5,270,11/20/2023,,,,,,,,,,,,,
Mod R,4,4,2,Medium,Module,1,5,270,11/20/2023,,,,,,,,,,,,,
Mod R,4,4,4,Large,Module,1,5,270,11/20/2023,,,,,,,,,,,,,
Mod R,4,4,5,Medium,Module,0,5,270,11/20/2023,,,,,,,,,,,,,
Mod R,4,5,1,Small,Module,0,5,270,11/20/2023,,,,,,,,,,,,,
Mod R,4,5,3,Small,Module,0,5,270,11/20/2023,,,,,,,,,,,,,
Mod R,4,5,4,Small,Module,1,5,270,11/20/2023,,,,,,,,,,,,,
Mod R,4,5,5,Medium,Module,0,5,270,11/20/2023,,,,,,,,,,,,,
Mod R,5,1,1,Large,Module,0,5,270,11/20/2023,,,,,,,,,,,,,
Mod R,5,1,2,Large,Module,0,5,270,11/20/2023,,,,,,,,,,,,,
Mod R,5,1,3,Medium,Module,0,5,270,11/20/2023,,,,,,,,,,,,,
Mod R,5,1,4,Medium,Module,1,5,270,11/20/2023,,,,,,,,,,,,,
Mod R,5,2,1,Large,Module,0,5,270,11/20/2023,,,,,,,,,,,,,
Mod R,5,2,2,Large,Module,0,5,270,11/20/2023,,,,,,,,,,,,,
Mod R,5,2,3,Large,Module,1,5,270,11/20/2023,,,,,,,,,,,,,
Mod R,5,2,5,Medium,Module,0,5,270,11/20/2023,,,,,,,,,,,,,
Mod R,5,3,2,Large,Module,0,5,270,11/20/2023,,,,,,,,,,,,,
Mod R,5,3,3,Medium,Module,0,5,270,11/20/2023,,,,,,,,,,,,,
Mod R,5,4,1,Large,Module,0,5,270,11/20/2023,,,,,,,,,,,,,
Mod R,5,4,2,Large,Module,0,5,270,11/20/2023,,,,,,,,,,,,,
Mod R,5,4,3,Medium,Module,0,5,270,11/20/2023,,,,,,,,,,,,,
Mod R,5,4,4,Large,Module,0,5,270,11/20/2023,,,,,,,,,,,,,
Mod R,5,4,5,Large,Module,0,5,270,11/20/2023,,,,,,,,,,,,,
Mod R,5,5,1,Large,Module,0,5,270,11/20/2023,,,,,,,,,,,,,
Mod R,5,5,2,Medium,Module,0,5,270,11/20/2023,,,,,,,,,,,,,
Mod R,5,5,3,Large,Module,1,5,270,11/20/2023,,,,,,,,,,,,,
Mod R,5,5,4,Large,Module,0,5,270,11/20/2023,,,,,,,,,,,,,
Mod R,5,5,5,Large,Module,1,5,270,11/20/2023,,,,,,,,,,,,,
Mod R,6,1,1,Large,Module,0,5,270,11/20/2023,,,,,,,,,,,,,
Mod R,6,1,2,Small,Module,0,5,270,11/20/2023,,,,,,,,,,,,,
Mod R,6,1,3,Small,Module,0,5,270,11/20/2023,,,,,,,,,,,,,
Mod R,6,1,4,Small,Module,1,5,270,11/20/2023,,,,,,,,,,,,,
Mod R,6,1,5,Medium,Module,0,5,270,11/20/2023,,,,,,,,,,,,,
Mod R,6,2,2,Medium,Module,1,5,270,11/20/2023,,,,,,,,,,,,,
Mod R,6,2,3,Large,Module,0,5,270,11/20/2023,,,,,,,,,,,,,
Mod R,6,2,4,Large,Module,1,5,270,11/20/2023,,,,,,,,,,,,,
Mod R,6,2,5,Large,Module,0,5,270,11/20/2023,,,,,,,,,,,,,
Mod R,6,3,1,Large,Module,0,5,270,11/20/2023,,,,,,,,,,,,,
Mod R,6,3,2,Medium,Module,1,5,270,11/20/2023,,,,,,,,,,,,,
Mod R,6,3,5,Large,Module,0,5,270,11/20/2023,,,,,,,,,,,,,
Mod R,6,4,2,Large,Module,1,5,270,11/20/2023,,,,,,,,,,,,,
Mod R,6,4,3,Small,Module,1,5,270,11/20/2023,,,,,,,,,,,,,
Mod R,6,4,4,Small,Module,1,5,270,11/20/2023,,,,,,,,,,,,,
Mod R,6,4,5,Medium,Module,0,5,270,11/20/2023,,,,,,,,,,,,,
Mod R,6,5,1,Small,Module,0,5,270,11/20/2023,,,,,,,,,,,,,
Mod R,6,5,3,Small,Module,0,5,270,11/20/2023,,,,,,,,,,,,,
Mod R,6,5,4,Medium,Module,1,5,270,11/20/2023,,,,,,,,,,,,,
Mod R,6,5,5,Small,Module,1,5,270,11/20/2023,,,,,,,,,,,,,
M Tree,A,1,1,Medium,Tree,0,0,0,2/14/2023,,,,,,,,,,,,,
M Tree,A,1,2,Medium,Tree,0,0,0,2/14/2023,,,,,,,,,,,,,
M Tree,A,1,3,Small,Tree,0,0,0,2/14/2023,,,,,,,,,,,,,
M Tree,A,1,4,Medium,Tree,0,0,0,2/14/2023,,,,,,,,,,,,,
M Tree,A,1,5,Small,Tree,0,0,0,2/14/2023,,,,,,,,,,,,,
M Tree,A,1,6,Medium,Tree,0,0,0,2/14/2023,,,,,,,,,,,,,
M Tree,A,1,7,Medium,Tree,0,0,0,2/14/2023,,,,,,,,,,,,,
M Tree,A,1,8,Small,Tree,0,0,0,2/14/2023,,,,,,,,,,,,,
M Tree,A,1,9,Medium,Tree,0,0,0,2/14/2023,,,,,,,,,,,,,
M Tree,B,1,14,Small,Tree,0,0,0,2/14/2023,,,,,,,,,,,,,
M Tree,B,1,15,Medium,Tree,0,0,0,2/14/2023,,,,,,,,,,,,,
M Tree,B,1,16,Small,Tree,0,0,0,2/14/2023,,,,,,,,,,,,,
M Tree,B,1,17,Small,Tree,0,0,0,2/14/2023,,,,,,,,,,,,,
M Tree,B,1,18,Small,Tree,0,0,0,2/14/2023,,,,,,,,,,,,,
M Tree,B,1,19,Small,Tree,0,0,0,2/14/2023,,,,,,,,,,,,,
M Tree,B,1,20,Small,Tree,0,0,0,2/14/2023,,,,,,,,,,,,,
M Tree,B,1,21,Small,Tree,0,0,0,2/14/2023,,,,,,,,,,,,,
M Tree,B,1,22,Medium,Tree,0,0,0,2/14/2023,,,,,,,,,,,,,
M Tree,B,1,23,Small,Tree,0,0,0,2/14/2023,,,,,,,,,,,,,
M Tree,B,1,24,Small,Tree,0,0,0,2/14/2023,,,,,,,,,,,,,
M Tree,A,2,1,Small,Tree,0,0,0,2/14/2023,,,,,,,,,,,,,
M Tree,A,2,2,Medium,Tree,0,0,0,2/14/2023,,,,,,,,,,,,,
M Tree,A,2,3,Small,Tree,0,0,0,2/14/2023,,,,,,,,,,,,,
M Tree,A,2,5,Large,Tree,0,0,0,2/14/2023,,,,,,,,,,,,,
M Tree,A,2,8,Medium,Tree,0,0,0,2/14/2023,,,,,,,,,,,,,
M Tree,A,2,9,Small,Tree,0,0,0,2/14/2023,,,,,,,,,,,,,
M Tree,B,2,15,Medium,Tree,0,0,0,2/14/2023,,,,,,,,,,,,,
M Tree,B,2,20,Small,Tree,0,0,0,2/14/2023,,,,,,,,,,,,,
M Tree,B,2,22,Small,Tree,0,0,0,2/14/2023,,,,,,,,,,,,,
M Tree,B,2,24,Medium,Tree,0,0,0,2/14/2023,,,,,,,,,,,,,
M Tree,A,3,2,Large,Tree,0,0,0,2/14/2023,,,,,,,,,,,,,
M Tree,A,3,5,Small,Tree,0,0,0,2/14/2023,,,,,,,,,,,,,
M Tree,A,3,6,Large,Tree,0,0,0,2/14/2023,,,,,,,,,,,,,
M Tree,A,3,7,Medium,Tree,0,0,0,2/14/2023,,,,,,,,,,,,,
M Tree,A,3,8,Small,Tree,0,0,0,2/14/2023,,,,,,,,,,,,,
M Tree,A,3,9,Medium,Tree,0,0,0,2/14/2023,,,,,,,,,,,,,
M Tree,A,3,11,Medium,Tree,0,0,0,2/14/2023,,,,,,,,,,,,,
M Tree,B,3,16,Small,Tree,0,0,0,2/14/2023,,,,,,,,,,,,,
M Tree,B,3,18,Small,Tree,0,0,0,2/14/2023,,,,,,,,,,,,,
M Tree,B,3,20,Medium,Tree,0,0,0,2/14/2023,,,,,,,,,,,,,
M Tree,B,3,22,Small,Tree,0,0,0,2/14/2023,,,,,,,,,,,,,
M Tree,B,3,23,Small,Tree,0,0,0,2/14/2023,,,,,,,,,,,,,
M Tree,B,3,24,Medium,Tree,0,0,0,2/14/2023,,,,,,,,,,,,,
M Tree,A,4,2,Small,Tree,0,0,0,2/14/2023,,,,,,,,,,,,,
M Tree,A,4,3,Small,Tree,0,0,0,2/14/2023,,,,,,,,,,,,,
M Tree,A,4,8,Small,Tree,0,0,0,2/14/2023,,,,,,,,,,,,,
M Tree,A,4,9,Small,Tree,0,0,0,2/14/2023,,,,,,,,,,,,,
M Tree,B,4,14,Medium,Tree,0,0,0,2/14/2023,,,,,,,,,,,,,
M Tree,B,4,15,Small,Tree,0,0,0,2/14/2023,,,,,,,,,,,,,
M Tree,B,4,20,Small,Tree,0,0,0,2/14/2023,,,,,,,,,,,,,
M Tree,B,4,22,Small,Tree,0,0,0,2/14/2023,,,,,,,,,,,,,
M Tree,B,4,23,Small,Tree,0,0,0,2/14/2023,,,,,,,,,,,,,
M Tree,A,5,5,Medium,Tree,0,0,0,2/14/2023,,,,,,,,,,,,,
M Tree,A,5,8,Medium,Tree,0,0,0,2/14/2023,,,,,,,,,,,,,
M Tree,A,5,9,Medium,Tree,0,0,0,2/14/2023,,,,,,,,,,,,,
M Tree,B,5,16,Small,Tree,0,0,0,2/14/2023,,,,,,,,,,,,,
M Tree,B,5,17,Medium,Tree,0,0,0,2/14/2023,,,,,,,,,,,,,
M Tree,B,5,19,Small,Tree,0,0,0,2/14/2023,,,,,,,,,,,,,
M Tree,B,5,22,Small,Tree,0,0,0,2/14/2023,,,,,,,,,,,,,
M Tree,A,7,1,Medium,Tree,0,0,0,2/14/2023,,,,,,,,,,,,,
M Tree,A,7,2,Medium,Tree,0,0,0,2/14/2023,,,,,,,,,,,,,
M Tree,A,7,3,Large,Tree,0,0,0,2/14/2023,,,,,,,,,,,,,
M Tree,A,7,4,Medium,Tree,0,0,0,2/14/2023,,,,,,,,,,,,,
M Tree,A,7,6,Medium,Tree,0,0,0,2/14/2023,,,,,,,,,,,,,
M Tree,A,7,7,Large,Tree,0,0,0,2/14/2023,,,,,,,,,,,,,
M Tree,A,7,8,Large,Tree,0,0,0,2/14/2023,,,,,,,,,,,,,
M Tree,A,7,9,Large,Tree,0,0,0,2/14/2023,,,,,,,,,,,,,
M Tree,B,7,15,Small,Tree,0,0,0,2/14/2023,,,,,,,,,,,,,
M Tree,A,8,1,Large,Tree,0,0,0,2/14/2023,,,,,,,,,,,,,
M Tree,A,8,2,Small,Tree,0,0,0,2/14/2023,,,,,,,,,,,,,
M Tree,A,8,3,Medium,Tree,0,0,0,2/14/2023,,,,,,,,,,,,,
M Tree,A,8,7,Medium,Tree,0,0,0,2/14/2023,,,,,,,,,,,,,
M Tree,B,8,14,Medium,Tree,0,0,0,2/14/2023,,,,,,,,,,,,,
M Tree,B,8,16,Large,Tree,0,0,0,2/14/2023,,,,,,,,,,,,,
M Tree,B,8,17,Medium,Tree,0,0,0,2/14/2023,,,,,,,,,,,,,
M Tree,B,8,18,Large,Tree,0,0,0,2/14/2023,,,,,,,,,,,,,
M Tree,B,8,21,Medium,Tree,0,0,0,2/14/2023,,,,,,,,,,,,,
M Tree,B,8,22,Small,Tree,0,0,0,2/14/2023,,,,,,,,,,,,,
M Tree,B,8,23,Large,Tree,0,0,0,2/14/2023,,,,,,,,,,,,,
M Tree,B,8,24,Large,Tree,0,0,0,2/14/2023,,,,,,,,,,,,,
M Tree,A,9,4,Medium,Tree,0,0,0,2/14/2023,,,,,,,,,,,,,
M Tree,A,9,9,Small,Tree,0,0,0,2/14/2023,,,,,,,,,,,,,
M Tree,B,9,15,Small,Tree,0,0,0,2/14/2023,,,,,,,,,,,,,
M Tree,B,9,16,Large,Tree,0,0,0,2/14/2023,,,,,,,,,,,,,
M Tree,B,9,17,Small,Tree,0,0,0,2/14/2023,,,,,,,,,,,,,
M Tree,B,9,18,Large,Tree,0,0,0,2/14/2023,,,,,,,,,,,,,
M Tree,B,9,20,Medium,Tree,0,0,0,2/14/2023,,,,,,,,,,,,,
M Tree,B,9,21,Medium,Tree,0,0,0,2/14/2023,,,,,,,,,,,,,
M Tree,B,9,22,Small,Tree,0,0,0,2/14/2023,,,,,,,,,,,,,
M Tree,B,9,23,Medium,Tree,0,0,0,2/14/2023,,,,,,,,,,,,,
M Tree,A,10,4,Small,Tree,0,0,0,2/14/2023,,,,,,,,,,,,,
M Tree,A,10,8,Small,Tree,0,0,0,2/14/2023,,,,,,,,,,,,,
M Tree,A,10,9,Medium,Tree,0,0,0,2/14/2023,,,,,,,,,,,,,
M Tree,B,10,18,Large,Tree,0,0,0,2/14/2023,,,,,,,,,,,,,
M Tree,A,1,1,Medium,Tree,0,1,7,2/23/2023,,,,,,,,,,,,,
M Tree,A,1,2,Medium,Tree,0,1,7,2/23/2023,,,,,,,,,,,,,
M Tree,A,1,3,Small,Tree,0,1,7,2/23/2023,,,,,,,,,,,,,
M Tree,A,1,4,Medium,Tree,0,1,7,2/23/2023,,,,,,,,,,,,,
M Tree,A,1,5,Small,Tree,0,1,7,2/23/2023,,,,,,,,,,,,,
M Tree,A,1,6,Medium,Tree,0,1,7,2/23/2023,,,,,,,,,,,,,
M Tree,A,1,7,Medium,Tree,0,1,7,2/23/2023,,,,,,,,,,,,,
M Tree,A,1,8,Small,Tree,0,1,7,2/23/2023,,,,,,,,,,,,,
M Tree,A,1,9,Medium,Tree,0,1,7,2/23/2023,,,,,,,,,,,,,
M Tree,B,1,14,Small,Tree,0,1,7,2/23/2023,,,,,,,,,,,,,
M Tree,B,1,15,Medium,Tree,0,1,7,2/23/2023,,,,,,,,,,,,,
M Tree,B,1,16,Small,Tree,0,1,7,2/23/2023,,,,,,,,,,,,,
M Tree,B,1,17,Small,Tree,0,1,7,2/23/2023,,,,,,,,,,,,,
M Tree,B,1,18,Small,Tree,0,1,7,2/23/2023,,,,,,,,,,,,,
M Tree,B,1,19,Small,Tree,0,1,7,2/23/2023,,,,,,,,,,,,,
M Tree,B,1,20,Small,Tree,0,1,7,2/23/2023,,,,,,,,,,,,,
M Tree,B,1,21,Small,Tree,0,1,7,2/23/2023,,,,,,,,,,,,,
M Tree,B,1,22,Medium,Tree,0,1,7,2/23/2023,,,,,,,,,,,,,
M Tree,B,1,23,Small,Tree,0,1,7,2/23/2023,,,,,,,,,,,,,
M Tree,B,1,24,Small,Tree,0,1,7,2/23/2023,,,,,,,,,,,,,
M Tree,A,2,1,Small,Tree,0,1,7,2/23/2023,,,,,,,,,,,,,
M Tree,A,2,2,Medium,Tree,0,1,7,2/23/2023,,,,,,,,,,,,,
M Tree,A,2,3,Small,Tree,0,1,7,2/23/2023,,,,,,,,,,,,,
M Tree,A,2,5,Large,Tree,0,1,7,2/23/2023,,,,,,,,,,,,,
M Tree,A,2,8,Medium,Tree,0,1,7,2/23/2023,,,,,,,,,,,,,
M Tree,A,2,9,Small,Tree,0,1,7,2/23/2023,,,,,,,,,,,,,
M Tree,B,2,15,Medium,Tree,0,1,7,2/23/2023,,,,,,,,,,,,,
M Tree,B,2,20,Small,Tree,0,1,7,2/23/2023,,,,,,,,,,,,,
M Tree,B,2,22,Small,Tree,0,1,7,2/23/2023,,,,,,,,,,,,,
M Tree,B,2,24,Medium,Tree,0,1,7,2/23/2023,,,,,,,,,,,,,
M Tree,A,3,2,Large,Tree,0,1,7,2/23/2023,,,,,,,,,,,,,
M Tree,A,3,5,Small,Tree,0,1,7,2/23/2023,,,,,,,,,,,,,
M Tree,A,3,6,Large,Tree,0,1,7,2/23/2023,,,,,,,,,,,,,
M Tree,A,3,7,Medium,Tree,0,1,7,2/23/2023,,,,,,,,,,,,,
M Tree,A,3,8,Small,Tree,0,1,7,2/23/2023,,,,,,,,,,,,,
M Tree,A,3,9,Medium,Tree,0,1,7,2/23/2023,,,,,,,,,,,,,
M Tree,A,3,11,Medium,Tree,0,1,7,2/23/2023,,,,,,,,,,,,,
M Tree,B,3,16,Small,Tree,0,1,7,2/23/2023,,,,,,,,,,,,,
M Tree,B,3,18,Small,Tree,0,1,7,2/23/2023,,,,,,,,,,,,,
M Tree,B,3,20,Medium,Tree,0,1,7,2/23/2023,,,,,,,,,,,,,
M Tree,B,3,22,Small,Tree,0,1,7,2/23/2023,,,,,,,,,,,,,
M Tree,B,3,23,Small,Tree,0,1,7,2/23/2023,,,,,,,,,,,,,
M Tree,B,3,24,Medium,Tree,0,1,7,2/23/2023,,,,,,,,,,,,,
M Tree,A,4,2,Small,Tree,0,1,7,2/23/2023,,,,,,,,,,,,,
M Tree,A,4,3,Small,Tree,0,1,7,2/23/2023,,,,,,,,,,,,,
M Tree,A,4,8,Small,Tree,0,1,7,2/23/2023,,,,,,,,,,,,,
M Tree,A,4,9,Small,Tree,0,1,7,2/23/2023,,,,,,,,,,,,,
M Tree,B,4,14,Medium,Tree,0,1,7,2/23/2023,,,,,,,,,,,,,
M Tree,B,4,15,Small,Tree,0,1,7,2/23/2023,,,,,,,,,,,,,
M Tree,B,4,20,Small,Tree,0,1,7,2/23/2023,,,,,,,,,,,,,
M Tree,B,4,22,Small,Tree,0,1,7,2/23/2023,,,,,,,,,,,,,
M Tree,B,4,23,Small,Tree,0,1,7,2/23/2023,,,,,,,,,,,,,
M Tree,A,5,5,Medium,Tree,0,1,7,2/23/2023,,,,,,,,,,,,,
M Tree,A,5,8,Medium,Tree,0,1,7,2/23/2023,,,,,,,,,,,,,
M Tree,A,5,9,Medium,Tree,0,1,7,2/23/2023,,,,,,,,,,,,,
M Tree,B,5,16,Small,Tree,0,1,7,2/23/2023,,,,,,,,,,,,,
M Tree,B,5,17,Medium,Tree,0,1,7,2/23/2023,,,,,,,,,,,,,
M Tree,B,5,19,Small,Tree,0,1,7,2/23/2023,,,,,,,,,,,,,
M Tree,B,5,22,Small,Tree,0,1,7,2/23/2023,,,,,,,,,,,,,
M Tree,A,7,1,Medium,Tree,0,1,7,2/23/2023,,,,,,,,,,,,,
M Tree,A,7,2,Medium,Tree,0,1,7,2/23/2023,,,,,,,,,,,,,
M Tree,A,7,3,Large,Tree,0,1,7,2/23/2023,,,,,,,,,,,,,
M Tree,A,7,4,Medium,Tree,0,1,7,2/23/2023,,,,,,,,,,,,,
M Tree,A,7,6,Medium,Tree,0,1,7,2/23/2023,,,,,,,,,,,,,
M Tree,A,7,7,Large,Tree,0,1,7,2/23/2023,,,,,,,,,,,,,
M Tree,A,7,8,Large,Tree,0,1,7,2/23/2023,,,,,,,,,,,,,
M Tree,A,7,9,Large,Tree,0,1,7,2/23/2023,,,,,,,,,,,,,
M Tree,B,7,15,Small,Tree,0,1,7,2/23/2023,,,,,,,,,,,,,
M Tree,A,8,1,Large,Tree,0,1,7,2/23/2023,,,,,,,,,,,,,
M Tree,A,8,2,Small,Tree,0,1,7,2/23/2023,,,,,,,,,,,,,
M Tree,A,8,3,Medium,Tree,0,1,7,2/23/2023,,,,,,,,,,,,,
M Tree,A,8,7,Medium,Tree,0,1,7,2/23/2023,,,,,,,,,,,,,
M Tree,B,8,14,Medium,Tree,0,1,7,2/23/2023,,,,,,,,,,,,,
M Tree,B,8,16,Large,Tree,0,1,7,2/23/2023,,,,,,,,,,,,,
M Tree,B,8,17,Medium,Tree,0,1,7,2/23/2023,,,,,,,,,,,,,
M Tree,B,8,18,Large,Tree,0,1,7,2/23/2023,,,,,,,,,,,,,
M Tree,B,8,21,Medium,Tree,0,1,7,2/23/2023,,,,,,,,,,,,,
M Tree,B,8,22,Small,Tree,0,1,7,2/23/2023,,,,,,,,,,,,,
M Tree,B,8,23,Large,Tree,0,1,7,2/23/2023,,,,,,,,,,,,,
M Tree,B,8,24,Large,Tree,0,1,7,2/23/2023,,,,,,,,,,,,,
M Tree,A,9,4,Medium,Tree,0,1,7,2/23/2023,,,,,,,,,,,,,
M Tree,A,9,9,Small,Tree,0,1,7,2/23/2023,,,,,,,,,,,,,
M Tree,B,9,15,Small,Tree,0,1,7,2/23/2023,,,,,,,,,,,,,
M Tree,B,9,16,Large,Tree,0,1,7,2/23/2023,,,,,,,,,,,,,
M Tree,B,9,17,Small,Tree,0,1,7,2/23/2023,,,,,,,,,,,,,
M Tree,B,9,18,Large,Tree,0,1,7,2/23/2023,,,,,,,,,,,,,
M Tree,B,9,20,Medium,Tree,0,1,7,2/23/2023,,,,,,,,,,,,,
M Tree,B,9,21,Medium,Tree,0,1,7,2/23/2023,,,,,,,,,,,,,
M Tree,B,9,22,Small,Tree,0,1,7,2/23/2023,,,,,,,,,,,,,
M Tree,B,9,23,Medium,Tree,0,1,7,2/23/2023,,,,,,,,,,,,,
M Tree,A,10,4,Small,Tree,0,1,7,2/23/2023,,,,,,,,,,,,,
M Tree,A,10,8,Small,Tree,0,1,7,2/23/2023,,,,,,,,,,,,,
M Tree,A,10,9,Medium,Tree,0,1,7,2/23/2023,,,,,,,,,,,,,
M Tree,B,10,18,Large,Tree,0,1,7,2/23/2023,,,,,,,,,,,,,
M Tree,A,1,1,Medium,Tree,0,2,30,3/14/2023,,,,,,,,,,,,,
M Tree,A,1,2,Medium,Tree,1,2,30,3/14/2023,,,,,,,,,,,,,
M Tree,A,1,3,Small,Tree,0,2,30,3/14/2023,,,,,,,,,,,,,
M Tree,A,1,4,Medium,Tree,0,2,30,3/14/2023,,,,,,,,,,,,,
M Tree,A,1,5,Small,Tree,1,2,30,3/14/2023,,,,,,,,,,,,,
M Tree,A,1,6,Medium,Tree,0,2,30,3/14/2023,,,,,,,,,,,,,
M Tree,A,1,7,Medium,Tree,0,2,30,3/14/2023,,,,,,,,,,,,,
M Tree,A,1,8,Small,Tree,0,2,30,3/14/2023,,,,,,,,,,,,,
M Tree,A,1,9,Medium,Tree,1,2,30,3/14/2023,,,,,,,,,,,,,
M Tree,B,1,14,Small,Tree,0,2,30,3/14/2023,,,,,,,,,,,,,
M Tree,B,1,15,Medium,Tree,0,2,30,3/14/2023,,,,,,,,,,,,,
M Tree,B,1,16,Small,Tree,1,2,30,3/14/2023,,,,,,,,,,,,,
M Tree,B,1,17,Small,Tree,0,2,30,3/14/2023,,,,,,,,,,,,,
M Tree,B,1,18,Small,Tree,1,2,30,3/14/2023,,,,,,,,,,,,,
M Tree,B,1,19,Small,Tree,0,2,30,3/14/2023,,,,,,,,,,,,,
M Tree,B,1,20,Small,Tree,0,2,30,3/14/2023,,,,,,,,,,,,,
M Tree,B,1,21,Small,Tree,0,2,30,3/14/2023,,,,,,,,,,,,,
M Tree,B,1,22,Medium,Tree,0,2,30,3/14/2023,,,,,,,,,,,,,
M Tree,B,1,23,Small,Tree,0,2,30,3/14/2023,,,,,,,,,,,,,
M Tree,B,1,24,Small,Tree,0,2,30,3/14/2023,,,,,,,,,,,,,
M Tree,A,2,1,Small,Tree,1,2,30,3/14/2023,,,,,,,,,,,,,
M Tree,A,2,2,Medium,Tree,1,2,30,3/14/2023,,,,,,,,,,,,,
M Tree,A,2,3,Small,Tree,0,2,30,3/14/2023,,,,,,,,,,,,,
M Tree,A,2,5,Large,Tree,0,2,30,3/14/2023,,,,,,,,,,,,,
M Tree,A,2,8,Medium,Tree,0,2,30,3/14/2023,,,,,,,,,,,,,
M Tree,A,2,9,Small,Tree,0,2,30,3/14/2023,,,,,,,,,,,,,
M Tree,B,2,15,Medium,Tree,0,2,30,3/14/2023,,,,,,,,,,,,,
M Tree,B,2,20,Small,Tree,0,2,30,3/14/2023,,,,,,,,,,,,,
M Tree,B,2,22,Small,Tree,0,2,30,3/14/2023,,,,,,,,,,,,,
M Tree,B,2,24,Medium,Tree,0,2,30,3/14/2023,,,,,,,,,,,,,
M Tree,A,3,2,Large,Tree,0,2,30,3/14/2023,,,,,,,,,,,,,
M Tree,A,3,5,Small,Tree,0,2,30,3/14/2023,,,,,,,,,,,,,
M Tree,A,3,6,Large,Tree,0,2,30,3/14/2023,,,,,,,,,,,,,
M Tree,A,3,7,Medium,Tree,0,2,30,3/14/2023,,,,,,,,,,,,,
M Tree,A,3,8,Small,Tree,1,2,30,3/14/2023,,,,,,,,,,,,,
M Tree,A,3,9,Medium,Tree,0,2,30,3/14/2023,,,,,,,,,,,,,
M Tree,A,3,11,Medium,Tree,0,2,30,3/14/2023,,,,,,,,,,,,,
M Tree,B,3,16,Small,Tree,1,2,30,3/14/2023,,,,,,,,,,,,,
M Tree,B,3,18,Small,Tree,0,2,30,3/14/2023,,,,,,,,,,,,,
M Tree,B,3,20,Medium,Tree,0,2,30,3/14/2023,,,,,,,,,,,,,
M Tree,B,3,22,Small,Tree,1,2,30,3/14/2023,,,,,,,,,,,,,
M Tree,B,3,23,Small,Tree,1,2,30,3/14/2023,,,,,,,,,,,,,
M Tree,B,3,24,Medium,Tree,1,2,30,3/14/2023,,,,,,,,,,,,,
M Tree,A,4,2,Small,Tree,1,2,30,3/14/2023,,,,,,,,,,,,,
M Tree,A,4,3,Small,Tree,0,2,30,3/14/2023,,,,,,,,,,,,,
M Tree,A,4,8,Small,Tree,0,2,30,3/14/2023,,,,,,,,,,,,,
M Tree,A,4,9,Small,Tree,0,2,30,3/14/2023,,,,,,,,,,,,,
M Tree,B,4,14,Medium,Tree,0,2,30,3/14/2023,,,,,,,,,,,,,
M Tree,B,4,15,Small,Tree,0,2,30,3/14/2023,,,,,,,,,,,,,
M Tree,B,4,20,Small,Tree,0,2,30,3/14/2023,,,,,,,,,,,,,
M Tree,B,4,22,Small,Tree,0,2,30,3/14/2023,,,,,,,,,,,,,
M Tree,B,4,23,Small,Tree,0,2,30,3/14/2023,,,,,,,,,,,,,
M Tree,A,5,5,Medium,Tree,0,2,30,3/14/2023,,,,,,,,,,,,,
M Tree,A,5,8,Medium,Tree,0,2,30,3/14/2023,,,,,,,,,,,,,
M Tree,A,5,9,Medium,Tree,0,2,30,3/14/2023,,,,,,,,,,,,,
M Tree,B,5,16,Small,Tree,0,2,30,3/14/2023,,,,,,,,,,,,,
M Tree,B,5,17,Medium,Tree,0,2,30,3/14/2023,,,,,,,,,,,,,
M Tree,B,5,19,Small,Tree,0,2,30,3/14/2023,,,,,,,,,,,,,
M Tree,B,5,22,Small,Tree,1,2,30,3/14/2023,,,,,,,,,,,,,
M Tree,A,7,1,Medium,Tree,0,2,30,3/14/2023,,,,,,,,,,,,,
M Tree,A,7,2,Medium,Tree,0,2,30,3/14/2023,,,,,,,,,,,,,
M Tree,A,7,3,Large,Tree,0,2,30,3/14/2023,,,,,,,,,,,,,
M Tree,A,7,4,Medium,Tree,1,2,30,3/14/2023,,,,,,,,,,,,,
M Tree,A,7,6,Medium,Tree,0,2,30,3/14/2023,,,,,,,,,,,,,
M Tree,A,7,7,Large,Tree,0,2,30,3/14/2023,,,,,,,,,,,,,
M Tree,A,7,8,Large,Tree,0,2,30,3/14/2023,,,,,,,,,,,,,
M Tree,A,7,9,Large,Tree,0,2,30,3/14/2023,,,,,,,,,,,,,
M Tree,B,7,15,Small,Tree,0,2,30,3/14/2023,,,,,,,,,,,,,
M Tree,A,8,1,Large,Tree,0,2,30,3/14/2023,,,,,,,,,,,,,
M Tree,A,8,2,Small,Tree,0,2,30,3/14/2023,,,,,,,,,,,,,
M Tree,A,8,3,Medium,Tree,0,2,30,3/14/2023,,,,,,,,,,,,,
M Tree,A,8,7,Medium,Tree,0,2,30,3/14/2023,,,,,,,,,,,,,
M Tree,B,8,14,Medium,Tree,0,2,30,3/14/2023,,,,,,,,,,,,,
M Tree,B,8,16,Large,Tree,0,2,30,3/14/2023,,,,,,,,,,,,,
M Tree,B,8,17,Medium,Tree,0,2,30,3/14/2023,,,,,,,,,,,,,
M Tree,B,8,18,Large,Tree,0,2,30,3/14/2023,,,,,,,,,,,,,
M Tree,B,8,21,Medium,Tree,0,2,30,3/14/2023,,,,,,,,,,,,,
M Tree,B,8,22,Small,Tree,0,2,30,3/14/2023,,,,,,,,,,,,,
M Tree,B,8,23,Large,Tree,0,2,30,3/14/2023,,,,,,,,,,,,,
M Tree,B,8,24,Large,Tree,1,2,30,3/14/2023,,,,,,,,,,,,,
M Tree,A,9,4,Medium,Tree,0,2,30,3/14/2023,,,,,,,,,,,,,
M Tree,A,9,9,Small,Tree,0,2,30,3/14/2023,,,,,,,,,,,,,
M Tree,B,9,15,Small,Tree,0,2,30,3/14/2023,,,,,,,,,,,,,
M Tree,B,9,16,Large,Tree,0,2,30,3/14/2023,,,,,,,,,,,,,
M Tree,B,9,17,Small,Tree,0,2,30,3/14/2023,,,,,,,,,,,,,
M Tree,B,9,18,Large,Tree,0,2,30,3/14/2023,,,,,,,,,,,,,
M Tree,B,9,20,Medium,Tree,0,2,30,3/14/2023,,,,,,,,,,,,,
M Tree,B,9,21,Medium,Tree,0,2,30,3/14/2023,,,,,,,,,,,,,
M Tree,B,9,22,Small,Tree,0,2,30,3/14/2023,,,,,,,,,,,,,
M Tree,B,9,23,Medium,Tree,0,2,30,3/14/2023,,,,,,,,,,,,,
M Tree,A,10,4,Small,Tree,0,2,30,3/14/2023,,,,,,,,,,,,,
M Tree,A,10,8,Small,Tree,0,2,30,3/14/2023,,,,,,,,,,,,,
M Tree,A,10,9,Medium,Tree,0,2,30,3/14/2023,,,,,,,,,,,,,
M Tree,B,10,18,Large,Tree,0,2,30,3/14/2023,,,,,,,,,,,,,
M Tree,A,1,1,Medium,Tree,0,3,90,5/17/2023,,,,,,,,,,,,,
M Tree,A,1,3,Small,Tree,0,3,90,5/17/2023,,,,,,,,,,,,,
M Tree,A,1,4,Medium,Tree,0,3,90,5/17/2023,,,,,,,,,,,,,
M Tree,A,1,6,Medium,Tree,0,3,90,5/17/2023,,,,,,,,,,,,,
M Tree,A,1,7,Medium,Tree,0,3,90,5/17/2023,,,,,,,,,,,,,
M Tree,A,1,8,Small,Tree,0,3,90,5/17/2023,,,,,,,,,,,,,
M Tree,B,1,14,Small,Tree,0,3,90,5/17/2023,,,,,,,,,,,,,
M Tree,B,1,15,Medium,Tree,0,3,90,5/17/2023,,,,,,,,,,,,,
M Tree,B,1,17,Small,Tree,1,3,90,5/17/2023,,,,,,,,,,,,,
M Tree,B,1,19,Small,Tree,0,3,90,5/17/2023,,,,,,,,,,,,,
M Tree,B,1,20,Small,Tree,0,3,90,5/17/2023,,,,,,,,,,,,,
M Tree,B,1,21,Small,Tree,0,3,90,5/17/2023,,,,,,,,,,,,,
M Tree,B,1,22,Medium,Tree,1,3,90,5/17/2023,,,,,,,,,,,,,
M Tree,B,1,23,Small,Tree,1,3,90,5/17/2023,,,,,,,,,,,,,
M Tree,B,1,24,Small,Tree,1,3,90,5/17/2023,,,,,,,,,,,,,
M Tree,A,2,3,Small,Tree,0,3,90,5/17/2023,,,,,,,,,,,,,
M Tree,A,2,5,Large,Tree,0,3,90,5/17/2023,,,,,,,,,,,,,
M Tree,A,2,8,Medium,Tree,0,3,90,5/17/2023,,,,,,,,,,,,,
M Tree,A,2,9,Small,Tree,0,3,90,5/17/2023,,,,,,,,,,,,,
M Tree,B,2,15,Medium,Tree,0,3,90,5/17/2023,,,,,,,,,,,,,
M Tree,B,2,20,Small,Tree,0,3,90,5/17/2023,,,,,,,,,,,,,
M Tree,B,2,22,Small,Tree,0,3,90,5/17/2023,,,,,,,,,,,,,
M Tree,B,2,24,Medium,Tree,0,3,90,5/17/2023,,,,,,,,,,,,,
M Tree,A,3,2,Large,Tree,1,3,90,5/17/2023,,,,,,,,,,,,,
M Tree,A,3,5,Small,Tree,0,3,90,5/17/2023,,,,,,,,,,,,,
M Tree,A,3,6,Large,Tree,0,3,90,5/17/2023,,,,,,,,,,,,,
M Tree,A,3,7,Medium,Tree,0,3,90,5/17/2023,,,,,,,,,,,,,
M Tree,A,3,9,Medium,Tree,0,3,90,5/17/2023,,,,,,,,,,,,,
M Tree,A,3,11,Medium,Tree,0,3,90,5/17/2023,,,,,,,,,,,,,
M Tree,B,3,18,Small,Tree,0,3,90,5/17/2023,,,,,,,,,,,,,
M Tree,B,3,20,Medium,Tree,0,3,90,5/17/2023,,,,,,,,,,,,,
M Tree,A,4,3,Small,Tree,0,3,90,5/17/2023,,,,,,,,,,,,,
M Tree,A,4,8,Small,Tree,0,3,90,5/17/2023,,,,,,,,,,,,,
M Tree,A,4,9,Small,Tree,1,3,90,5/17/2023,,,,,,,,,,,,,
M Tree,B,4,14,Medium,Tree,0,3,90,5/17/2023,,,,,,,,,,,,,
M Tree,B,4,15,Small,Tree,0,3,90,5/17/2023,,,,,,,,,,,,,
M Tree,B,4,20,Small,Tree,0,3,90,5/17/2023,,,,,,,,,,,,,
M Tree,B,4,22,Small,Tree,0,3,90,5/17/2023,,,,,,,,,,,,,
M Tree,B,4,23,Small,Tree,0,3,90,5/17/2023,,,,,,,,,,,,,
M Tree,A,5,5,Medium,Tree,0,3,90,5/17/2023,,,,,,,,,,,,,
M Tree,A,5,8,Medium,Tree,1,3,90,5/17/2023,,,,,,,,,,,,,
M Tree,A,5,9,Medium,Tree,1,3,90,5/17/2023,,,,,,,,,,,,,
M Tree,B,5,16,Small,Tree,0,3,90,5/17/2023,,,,,,,,,,,,,
M Tree,B,5,17,Medium,Tree,0,3,90,5/17/2023,,,,,,,,,,,,,
M Tree,B,5,19,Small,Tree,1,3,90,5/17/2023,,,,,,,,,,,,,
M Tree,A,7,1,Medium,Tree,0,3,90,5/17/2023,,,,,,,,,,,,,
M Tree,A,7,2,Medium,Tree,0,3,90,5/17/2023,,,,,,,,,,,,,
M Tree,A,7,3,Large,Tree,0,3,90,5/17/2023,,,,,,,,,,,,,
M Tree,A,7,6,Medium,Tree,0,3,90,5/17/2023,,,,,,,,,,,,,
M Tree,A,7,7,Large,Tree,0,3,90,5/17/2023,,,,,,,,,,,,,
M Tree,A,7,8,Large,Tree,1,3,90,5/17/2023,,,,,,,,,,,,,
M Tree,A,7,9,Large,Tree,1,3,90,5/17/2023,,,,,,,,,,,,,
M Tree,B,7,15,Small,Tree,0,3,90,5/17/2023,,,,,,,,,,,,,
M Tree,A,8,1,Large,Tree,0,3,90,5/17/2023,,,,,,,,,,,,,
M Tree,A,8,2,Small,Tree,0,3,90,5/17/2023,,,,,,,,,,,,,
M Tree,A,8,3,Medium,Tree,0,3,90,5/17/2023,,,,,,,,,,,,,
M Tree,A,8,7,Medium,Tree,0,3,90,5/17/2023,,,,,,,,,,,,,
M Tree,B,8,14,Medium,Tree,1,3,90,5/17/2023,,,,,,,,,,,,,
M Tree,B,8,16,Large,Tree,1,3,90,5/17/2023,,,,,,,,,,,,,
M Tree,B,8,17,Medium,Tree,1,3,90,5/17/2023,,,,,,,,,,,,,
M Tree,B,8,18,Large,Tree,1,3,90,5/17/2023,,,,,,,,,,,,,
M Tree,B,8,21,Medium,Tree,1,3,90,5/17/2023,,,,,,,,,,,,,
M Tree,B,8,22,Small,Tree,0,3,90,5/17/2023,,,,,,,,,,,,,
M Tree,B,8,23,Large,Tree,0,3,90,5/17/2023,,,,,,,,,,,,,
M Tree,A,9,4,Medium,Tree,0,3,90,5/17/2023,,,,,,,,,,,,,
M Tree,A,9,9,Small,Tree,0,3,90,5/17/2023,,,,,,,,,,,,,
M Tree,B,9,15,Small,Tree,0,3,90,5/17/2023,,,,,,,,,,,,,
M Tree,B,9,16,Large,Tree,0,3,90,5/17/2023,,,,,,,,,,,,,
M Tree,B,9,17,Small,Tree,1,3,90,5/17/2023,,,,,,,,,,,,,
M Tree,B,9,18,Large,Tree,0,3,90,5/17/2023,,,,,,,,,,,,,
M Tree,B,9,20,Medium,Tree,0,3,90,5/17/2023,,,,,,,,,,,,,
M Tree,B,9,21,Medium,Tree,0,3,90,5/17/2023,,,,,,,,,,,,,
M Tree,B,9,22,Small,Tree,0,3,90,5/17/2023,,,,,,,,,,,,,
M Tree,B,9,23,Medium,Tree,0,3,90,5/17/2023,,,,,,,,,,,,,
M Tree,A,10,4,Small,Tree,0,3,90,5/17/2023,,,,,,,,,,,,,
M Tree,A,10,8,Small,Tree,0,3,90,5/17/2023,,,,,,,,,,,,,
M Tree,A,10,9,Medium,Tree,0,3,90,5/17/2023,,,,,,,,,,,,,
M Tree,B,10,18,Large,Tree,0,3,90,5/17/2023,,,,,,,,,,,,,
M Tree,A,1,1,Medium,Tree,1,4,180,8/9/2023,,,,,,,,,,,,,
M Tree,A,1,3,Small,Tree,0,4,180,8/9/2023,,,,,,,,,,,,,
M Tree,A,1,4,Medium,Tree,0,4,180,8/9/2023,,,,,,,,,,,,,
M Tree,A,1,6,Medium,Tree,1,4,180,8/9/2023,,,,,,,,,,,,,
M Tree,A,1,7,Medium,Tree,1,4,180,8/9/2023,,,,,,,,,,,,,
M Tree,A,1,8,Small,Tree,0,4,180,8/9/2023,,,,,,,,,,,,,
M Tree,B,1,14,Small,Tree,1,4,180,8/9/2023,,,,,,,,,,,,,
M Tree,B,1,15,Medium,Tree,0,4,180,8/9/2023,,,,,,,,,,,,,
M Tree,B,1,19,Small,Tree,1,4,180,8/9/2023,,,,,,,,,,,,,
M Tree,B,1,20,Small,Tree,1,4,180,8/9/2023,,,,,,,,,,,,,
M Tree,B,1,21,Small,Tree,1,4,180,8/9/2023,,,,,,,,,,,,,
M Tree,A,2,3,Small,Tree,1,4,180,8/9/2023,,,,,,,,,,,,,
M Tree,A,2,5,Large,Tree,0,4,180,8/9/2023,,,,,,,,,,,,,
M Tree,A,2,8,Medium,Tree,0,4,180,8/9/2023,,,,,,,,,,,,,
M Tree,A,2,9,Small,Tree,0,4,180,8/9/2023,,,,,,,,,,,,,
M Tree,B,2,15,Medium,Tree,1,4,180,8/9/2023,,,,,,,,,,,,,
M Tree,B,2,20,Small,Tree,1,4,180,8/9/2023,,,,,,,,,,,,,
M Tree,B,2,22,Small,Tree,0,4,180,8/9/2023,,,,,,,,,,,,,
M Tree,B,2,24,Medium,Tree,1,4,180,8/9/2023,,,,,,,,,,,,,
M Tree,A,3,5,Small,Tree,1,4,180,8/9/2023,,,,,,,,,,,,,
M Tree,A,3,6,Large,Tree,0,4,180,8/9/2023,,,,,,,,,,,,,
M Tree,A,3,7,Medium,Tree,0,4,180,8/9/2023,,,,,,,,,,,,,
M Tree,A,3,9,Medium,Tree,1,4,180,8/9/2023,,,,,,,,,,,,,
M Tree,A,3,11,Medium,Tree,0,4,180,8/9/2023,,,,,,,,,,,,,
M Tree,B,3,18,Small,Tree,0,4,180,8/9/2023,,,,,,,,,,,,,
M Tree,B,3,20,Medium,Tree,0,4,180,8/9/2023,,,,,,,,,,,,,
M Tree,A,4,3,Small,Tree,0,4,180,8/9/2023,,,,,,,,,,,,,
M Tree,A,4,8,Small,Tree,1,4,180,8/9/2023,,,,,,,,,,,,,
M Tree,B,4,14,Medium,Tree,0,4,180,8/9/2023,,,,,,,,,,,,,
M Tree,B,4,15,Small,Tree,0,4,180,8/9/2023,,,,,,,,,,,,,
M Tree,B,4,20,Small,Tree,0,4,180,8/9/2023,,,,,,,,,,,,,
M Tree,B,4,22,Small,Tree,0,4,180,8/9/2023,,,,,,,,,,,,,
M Tree,B,4,23,Small,Tree,1,4,180,8/9/2023,,,,,,,,,,,,,
M Tree,A,5,5,Medium,Tree,0,4,180,8/9/2023,,,,,,,,,,,,,
M Tree,B,5,16,Small,Tree,1,4,180,8/9/2023,,,,,,,,,,,,,
M Tree,B,5,17,Medium,Tree,0,4,180,8/9/2023,,,,,,,,,,,,,
M Tree,A,7,1,Medium,Tree,0,4,180,8/9/2023,,,,,,,,,,,,,
M Tree,A,7,2,Medium,Tree,0,4,180,8/9/2023,,,,,,,,,,,,,
M Tree,A,7,3,Large,Tree,0,4,180,8/9/2023,,,,,,,,,,,,,
M Tree,A,7,6,Medium,Tree,0,4,180,8/9/2023,,,,,,,,,,,,,
M Tree,A,7,7,Large,Tree,0,4,180,8/9/2023,,,,,,,,,,,,,
M Tree,B,7,15,Small,Tree,1,4,180,8/9/2023,,,,,,,,,,,,,
M Tree,A,8,1,Large,Tree,0,4,180,8/9/2023,,,,,,,,,,,,,
M Tree,A,8,2,Small,Tree,0,4,180,8/9/2023,,,,,,,,,,,,,
M Tree,A,8,3,Medium,Tree,0,4,180,8/9/2023,,,,,,,,,,,,,
M Tree,A,8,7,Medium,Tree,1,4,180,8/9/2023,,,,,,,,,,,,,
M Tree,B,8,22,Small,Tree,0,4,180,8/9/2023,,,,,,,,,,,,,
M Tree,B,8,23,Large,Tree,0,4,180,8/9/2023,,,,,,,,,,,,,
M Tree,A,9,4,Medium,Tree,0,4,180,8/9/2023,,,,,,,,,,,,,
M Tree,A,9,9,Small,Tree,1,4,180,8/9/2023,,,,,,,,,,,,,
M Tree,B,9,15,Small,Tree,1,4,180,8/9/2023,,,,,,,,,,,,,
M Tree,B,9,16,Large,Tree,1,4,180,8/9/2023,,,,,,,,,,,,,
M Tree,B,9,18,Large,Tree,0,4,180,8/9/2023,,,,,,,,,,,,,
M Tree,B,9,20,Medium,Tree,1,4,180,8/9/2023,,,,,,,,,,,,,
M Tree,B,9,21,Medium,Tree,1,4,180,8/9/2023,,,,,,,,,,,,,
M Tree,B,9,22,Small,Tree,1,4,180,8/9/2023,,,,,,,,,,,,,
M Tree,B,9,23,Medium,Tree,1,4,180,8/9/2023,,,,,,,,,,,,,
M Tree,A,10,4,Small,Tree,0,4,180,8/9/2023,,,,,,,,,,,,,
M Tree,A,10,8,Small,Tree,0,4,180,8/9/2023,,,,,,,,,,,,,
M Tree,A,10,9,Medium,Tree,0,4,180,8/9/2023,,,,,,,,,,,,,
M Tree,B,10,18,Large,Tree,0,4,180,8/9/2023,,,,,,,,,,,,,
M Tree,A,1,3,Small,Tree,1,5,270,11/20/2023,,,,,,,,,,,,,
M Tree,A,1,4,Medium,Tree,0,5,270,11/20/2023,,,,,,,,,,,,,
M Tree,A,1,8,Small,Tree,1,5,270,11/20/2023,,,,,,,,,,,,,
M Tree,B,1,15,Medium,Tree,0,5,270,11/20/2023,,,,,,,,,,,,,
M Tree,A,2,5,Large,Tree,0,5,270,11/20/2023,,,,,,,,,,,,,
M Tree,A,2,8,Medium,Tree,0,5,270,11/20/2023,,,,,,,,,,,,,
M Tree,A,2,9,Small,Tree,0,5,270,11/20/2023,,,,,,,,,,,,,
M Tree,B,2,22,Small,Tree,1,5,270,11/20/2023,,,,,,,,,,,,,
M Tree,A,3,6,Large,Tree,0,5,270,11/20/2023,,,,,,,,,,,,,
M Tree,A,3,7,Medium,Tree,1,5,270,11/20/2023,,,,,,,,,,,,,
M Tree,A,3,11,Medium,Tree,0,5,270,11/20/2023,,,,,,,,,,,,,
M Tree,B,3,18,Small,Tree,1,5,270,11/20/2023,,,,,,,,,,,,,
M Tree,B,3,20,Medium,Tree,0,5,270,11/20/2023,,,,,,,,,,,,,
M Tree,A,4,3,Small,Tree,1,5,270,11/20/2023,,,,,,,,,,,,,
M Tree,B,4,14,Large,Tree,1,5,270,11/20/2023,,,,,,,,,,,,,
M Tree,B,4,15,Small,Tree,1,5,270,11/20/2023,,,,,,,,,,,,,
M Tree,B,4,20,Small,Tree,1,5,270,11/20/2023,,,,,,,,,,,,,
M Tree,B,4,22,Small,Tree,0,5,270,11/20/2023,,,,,,,,,,,,,
M Tree,A,5,5,Medium,Tree,0,5,270,11/20/2023,,,,,,,,,,,,,
M Tree,B,5,17,Medium,Tree,0,5,270,11/20/2023,,,,,,,,,,,,,
M Tree,A,7,1,Medium,Tree,1,5,270,11/20/2023,,,,,,,,,,,,,
M Tree,A,7,2,Medium,Tree,1,5,270,11/20/2023,,,,,,,,,,,,,
M Tree,A,7,3,Large,Tree,0,5,270,11/20/2023,,,,,,,,,,,,,
M Tree,A,7,6,Medium,Tree,0,5,270,11/20/2023,,,,,,,,,,,,,
M Tree,A,7,7,Large,Tree,1,5,270,11/20/2023,,,,,,,,,,,,,
M Tree,A,8,1,Large,Tree,0,5,270,11/20/2023,,,,,,,,,,,,,
M Tree,A,8,2,Small,Tree,1,5,270,11/20/2023,,,,,,,,,,,,,
M Tree,A,8,3,Medium,Tree,1,5,270,11/20/2023,,,,,,,,,,,,,
M Tree,B,8,22,Small,Tree,0,5,270,11/20/2023,,,,,,,,,,,,,
M Tree,B,8,23,Large,Tree,1,5,270,11/20/2023,,,,,,,,,,,,,
M Tree,A,9,4,Medium,Tree,0,5,270,11/20/2023,,,,,,,,,,,,,
M Tree,B,9,18,Large,Tree,1,5,270,11/20/2023,,,,,,,,,,,,,
M Tree,A,10,4,Small,Tree,0,5,270,11/20/2023,,,,,,,,,,,,,
M Tree,A,10,8,Small,Tree,1,5,270,11/20/2023,,,,,,,,,,,,,
M Tree,A,10,9,Medium,Tree,1,5,270,11/20/2023,,,,,,,,,,,,,
M Tree,B,10,18,Large,Tree,0,5,270,11/20/2023,,,,,,,,,,,,,
Tree R,A,1,2,Small,Tree,0,0,0,2/14/2023,,,,,,,,,,,,,
Tree R,A,1,4,Small,Tree,0,0,0,2/14/2023,,,,,,,,,,,,,
Tree R,A,1,5,Small,Tree,0,0,0,2/14/2023,,,,,,,,,,,,,
Tree R,A,1,7,Medium,Tree,0,0,0,2/14/2023,,,,,,,,,,,,,
Tree R,A,1,8,Small,Tree,0,0,0,2/14/2023,,,,,,,,,,,,,
Tree R,A,1,10,Small,Tree,0,0,0,2/14/2023,,,,,,,,,,,,,
Tree R,A,1,11,Small,Tree,0,0,0,2/14/2023,,,,,,,,,,,,,
Tree R,B,1,15,Small,Tree,0,0,0,2/14/2023,,,,,,,,,,,,,
Tree R,B,1,16,Small,Tree,0,0,0,2/14/2023,,,,,,,,,,,,,
Tree R,B,1,17,Small,Tree,0,0,0,2/14/2023,,,,,,,,,,,,,
Tree R,B,1,18,Small,Tree,0,0,0,2/14/2023,,,,,,,,,,,,,
Tree R,B,1,19,Small,Tree,0,0,0,2/14/2023,,,,,,,,,,,,,
Tree R,B,1,21,Small,Tree,0,0,0,2/14/2023,,,,,,,,,,,,,
Tree R,B,1,22,Small,Tree,0,0,0,2/14/2023,,,,,,,,,,,,,
Tree R,B,1,24,Small,Tree,0,0,0,2/14/2023,,,,,,,,,,,,,
Tree R,A,2,1,Small,Tree,0,0,0,2/14/2023,,,,,,,,,,,,,
Tree R,A,2,2,Small,Tree,0,0,0,2/14/2023,,,,,,,,,,,,,
Tree R,A,2,3,Small,Tree,0,0,0,2/14/2023,,,,,,,,,,,,,
Tree R,A,2,4,Medium,Tree,0,0,0,2/14/2023,,,,,,,,,,,,,
Tree R,A,2,5,Medium,Tree,0,0,0,2/14/2023,,,,,,,,,,,,,
Tree R,A,2,6,Small,Tree,0,0,0,2/14/2023,,,,,,,,,,,,,
Tree R,A,2,8,Small,Tree,0,0,0,2/14/2023,,,,,,,,,,,,,
Tree R,A,2,9,Small,Tree,0,0,0,2/14/2023,,,,,,,,,,,,,
Tree R,A,2,11,Medium,Tree,0,0,0,2/14/2023,,,,,,,,,,,,,
Tree R,A,2,16,Small,Tree,0,0,0,2/14/2023,,,,,,,,,,,,,
Tree R,B,2,17,Small,Tree,0,0,0,2/14/2023,,,,,,,,,,,,,
Tree R,B,2,18,Medium,Tree,0,0,0,2/14/2023,,,,,,,,,,,,,
Tree R,B,2,19,Small,Tree,0,0,0,2/14/2023,,,,,,,,,,,,,
Tree R,B,2,22,Medium,Tree,0,0,0,2/14/2023,,,,,,,,,,,,,
Tree R,B,2,24,Medium,Tree,0,0,0,2/14/2023,,,,,,,,,,,,,
Tree R,A,3,2,Small,Tree,0,0,0,2/14/2023,,,,,,,,,,,,,
Tree R,A,3,3,Medium,Tree,0,0,0,2/14/2023,,,,,,,,,,,,,
Tree R,A,3,4,Medium,Tree,0,0,0,2/14/2023,,,,,,,,,,,,,
Tree R,A,3,5,Medium,Tree,0,0,0,2/14/2023,,,,,,,,,,,,,
Tree R,A,3,6,Small,Tree,0,0,0,2/14/2023,,,,,,,,,,,,,
Tree R,A,3,7,Small,Tree,0,0,0,2/14/2023,,,,,,,,,,,,,
Tree R,A,3,9,Small,Tree,0,0,0,2/14/2023,,,,,,,,,,,,,
Tree R,A,3,10,Medium,Tree,0,0,0,2/14/2023,,,,,,,,,,,,,
Tree R,A,3,12,Small,Tree,0,0,0,2/14/2023,,,,,,,,,,,,,
Tree R,B,3,15,Medium,Tree,0,0,0,2/14/2023,,,,,,,,,,,,,
Tree R,B,3,16,Small,Tree,0,0,0,2/14/2023,,,,,,,,,,,,,
Tree R,B,3,17,Small,Tree,0,0,0,2/14/2023,,,,,,,,,,,,,
Tree R,B,3,18,Small,Tree,0,0,0,2/14/2023,,,,,,,,,,,,,
Tree R,B,3,19,Large,Tree,0,0,0,2/14/2023,,,,,,,,,,,,,
Tree R,B,3,21,Small,Tree,0,0,0,2/14/2023,,,,,,,,,,,,,
Tree R,B,3,23,Small,Tree,0,0,0,2/14/2023,,,,,,,,,,,,,
Tree R,B,3,24,Medium,Tree,0,0,0,2/14/2023,,,,,,,,,,,,,
Tree R,A,4,1,Small,Tree,0,0,0,2/14/2023,,,,,,,,,,,,,
Tree R,A,4,2,Small,Tree,0,0,0,2/14/2023,,,,,,,,,,,,,
Tree R,A,4,3,Small,Tree,0,0,0,2/14/2023,,,,,,,,,,,,,
Tree R,A,4,4,Small,Tree,0,0,0,2/14/2023,,,,,,,,,,,,,
Tree R,A,4,6,Medium,Tree,0,0,0,2/14/2023,,,,,,,,,,,,,
Tree R,A,4,7,Small,Tree,0,0,0,2/14/2023,,,,,,,,,,,,,
Tree R,B,4,9,Small,Tree,0,0,0,2/14/2023,,,,,,,,,,,,,
Tree R,B,4,11,Small,Tree,0,0,0,2/14/2023,,,,,,,,,,,,,
Tree R,B,4,17,Small,Tree,0,0,0,2/14/2023,,,,,,,,,,,,,
Tree R,B,4,18,Medium,Tree,0,0,0,2/14/2023,,,,,,,,,,,,,
Tree R,B,4,19,Small,Tree,0,0,0,2/14/2023,,,,,,,,,,,,,
Tree R,B,4,20,Small,Tree,0,0,0,2/14/2023,,,,,,,,,,,,,
Tree R,B,4,23,Small,Tree,0,0,0,2/14/2023,,,,,,,,,,,,,
Tree R,B,4,24,Small,Tree,0,0,0,2/14/2023,,,,,,,,,,,,,
Tree R,A,5,1,Medium,Tree,0,0,0,2/14/2023,,,,,,,,,,,,,
Tree R,A,5,2,Small,Tree,0,0,0,2/14/2023,,,,,,,,,,,,,
Tree R,A,5,4,Large,Tree,0,0,0,2/14/2023,,,,,,,,,,,,,
Tree R,A,5,7,Small,Tree,0,0,0,2/14/2023,,,,,,,,,,,,,
Tree R,A,5,8,Small,Tree,0,0,0,2/14/2023,,,,,,,,,,,,,
Tree R,A,5,10,Small,Tree,0,0,0,2/14/2023,,,,,,,,,,,,,
Tree R,A,5,15,Small,Tree,0,0,0,2/14/2023,,,,,,,,,,,,,
Tree R,B,5,18,Small,Tree,0,0,0,2/14/2023,,,,,,,,,,,,,
Tree R,B,5,19,Small,Tree,0,0,0,2/14/2023,,,,,,,,,,,,,
Tree R,B,5,20,Medium,Tree,0,0,0,2/14/2023,,,,,,,,,,,,,
Tree R,B,5,21,Medium,Tree,0,0,0,2/14/2023,,,,,,,,,,,,,
Tree R,B,5,22,Medium,Tree,0,0,0,2/14/2023,,,,,,,,,,,,,
Tree R,B,5,24,Small,Tree,0,0,0,2/14/2023,,,,,,,,,,,,,
Tree R,A,6,1,Medium,Tree,0,0,0,2/14/2023,,,,,,,,,,,,,
Tree R,A,6,2,Medium,Tree,0,0,0,2/14/2023,,,,,,,,,,,,,
Tree R,A,6,3,Medium,Tree,0,0,0,2/14/2023,,,,,,,,,,,,,
Tree R,A,6,4,Medium,Tree,0,0,0,2/14/2023,,,,,,,,,,,,,
Tree R,A,6,6,Medium,Tree,0,0,0,2/14/2023,,,,,,,,,,,,,
Tree R,A,6,7,Large,Tree,0,0,0,2/14/2023,,,,,,,,,,,,,
Tree R,A,6,8,Medium,Tree,0,0,0,2/14/2023,,,,,,,,,,,,,
Tree R,A,6,9,Small,Tree,0,0,0,2/14/2023,,,,,,,,,,,,,
Tree R,B,6,16,Large,Tree,0,0,0,2/14/2023,,,,,,,,,,,,,
Tree R,B,6,19,Large,Tree,0,0,0,2/14/2023,,,,,,,,,,,,,
Tree R,B,6,21,Large,Tree,0,0,0,2/14/2023,,,,,,,,,,,,,
Tree R,B,6,22,Small,Tree,0,0,0,2/14/2023,,,,,,,,,,,,,
Tree R,B,6,23,Small,Tree,0,0,0,2/14/2023,,,,,,,,,,,,,
Tree R,B,6,24,Small,Tree,0,0,0,2/14/2023,,,,,,,,,,,,,
Tree R,A,7,1,Large,Tree,0,0,0,2/14/2023,,,,,,,,,,,,,
Tree R,A,7,2,Small,Tree,0,0,0,2/14/2023,,,,,,,,,,,,,
Tree R,A,7,3,Medium,Tree,0,0,0,2/14/2023,,,,,,,,,,,,,
Tree R,A,7,4,Large,Tree,0,0,0,2/14/2023,,,,,,,,,,,,,
Tree R,A,7,6,Large,Tree,0,0,0,2/14/2023,,,,,,,,,,,,,
Tree R,A,7,7,Large,Tree,0,0,0,2/14/2023,,,,,,,,,,,,,
Tree R,A,7,8,Large,Tree,0,0,0,2/14/2023,,,,,,,,,,,,,
Tree R,A,7,9,Large,Tree,0,0,0,2/14/2023,,,,,,,,,,,,,
Tree R,B,7,16,Large,Tree,0,0,0,2/14/2023,,,,,,,,,,,,,
Tree R,B,7,17,Medium,Tree,0,0,0,2/14/2023,,,,,,,,,,,,,
Tree R,B,7,18,Medium,Tree,0,0,0,2/14/2023,,,,,,,,,,,,,
Tree R,B,7,19,Large,Tree,0,0,0,2/14/2023,,,,,,,,,,,,,
Tree R,B,7,21,Large,Tree,0,0,0,2/14/2023,,,,,,,,,,,,,
Tree R,B,7,22,Medium,Tree,0,0,0,2/14/2023,,,,,,,,,,,,,
Tree R,B,7,23,Small,Tree,0,0,0,2/14/2023,,,,,,,,,,,,,
Tree R,B,7,24,Medium,Tree,0,0,0,2/14/2023,,,,,,,,,,,,,
Tree R,A,8,1,Large,Tree,0,0,0,2/14/2023,,,,,,,,,,,,,
Tree R,A,8,2,Small,Tree,0,0,0,2/14/2023,,,,,,,,,,,,,
Tree R,A,8,3,Large,Tree,0,0,0,2/14/2023,,,,,,,,,,,,,
Tree R,A,8,4,Medium,Tree,0,0,0,2/14/2023,,,,,,,,,,,,,
Tree R,A,8,6,Large,Tree,0,0,0,2/14/2023,,,,,,,,,,,,,
Tree R,A,8,7,Large,Tree,0,0,0,2/14/2023,,,,,,,,,,,,,
Tree R,A,8,8,Small,Tree,0,0,0,2/14/2023,,,,,,,,,,,,,
Tree R,A,8,9,Medium,Tree,0,0,0,2/14/2023,,,,,,,,,,,,,
Tree R,B,8,16,Large,Tree,0,0,0,2/14/2023,,,,,,,,,,,,,
Tree R,B,8,17,Small,Tree,0,0,0,2/14/2023,,,,,,,,,,,,,
Tree R,B,8,18,Large,Tree,0,0,0,2/14/2023,,,,,,,,,,,,,
Tree R,B,8,19,Small,Tree,0,0,0,2/14/2023,,,,,,,,,,,,,
Tree R,B,8,21,Medium,Tree,0,0,0,2/14/2023,,,,,,,,,,,,,
Tree R,B,8,23,Large,Tree,0,0,0,2/14/2023,,,,,,,,,,,,,
Tree R,B,8,24,Medium,Tree,0,0,0,2/14/2023,,,,,,,,,,,,,
Tree R,A,9,1,Medium,Tree,0,0,0,2/14/2023,,,,,,,,,,,,,
Tree R,A,9,2,Medium,Tree,0,0,0,2/14/2023,,,,,,,,,,,,,
Tree R,A,9,3,Large,Tree,0,0,0,2/14/2023,,,,,,,,,,,,,
Tree R,A,9,4,Large,Tree,0,0,0,2/14/2023,,,,,,,,,,,,,
Tree R,A,9,6,Large,Tree,0,0,0,2/14/2023,,,,,,,,,,,,,
Tree R,A,9,7,Medium,Tree,0,0,0,2/14/2023,,,,,,,,,,,,,
Tree R,A,9,8,Medium,Tree,0,0,0,2/14/2023,,,,,,,,,,,,,
Tree R,A,9,9,Medium,Tree,0,0,0,2/14/2023,,,,,,,,,,,,,
Tree R,B,9,16,Medium,Tree,0,0,0,2/14/2023,,,,,,,,,,,,,
Tree R,B,9,17,Large,Tree,0,0,0,2/14/2023,,,,,,,,,,,,,
Tree R,B,9,18,Medium,Tree,0,0,0,2/14/2023,,,,,,,,,,,,,
Tree R,B,9,19,Medium,Tree,0,0,0,2/14/2023,,,,,,,,,,,,,
Tree R,B,9,21,Small,Tree,0,0,0,2/14/2023,,,,,,,,,,,,,
Tree R,B,9,21,Medium,Tree,0,0,0,2/14/2023,,,,,,,,,,,,,
Tree R,B,9,22,Medium,Tree,0,0,0,2/14/2023,,,,,,,,,,,,,
Tree R,B,9,23,Medium,Tree,0,0,0,2/14/2023,,,,,,,,,,,,,
Tree R,B,9,24,Medium,Tree,0,0,0,2/14/2023,,,,,,,,,,,,,
Tree R,A,10,1,Medium,Tree,0,0,0,2/14/2023,,,,,,,,,,,,,
Tree R,A,10,2,Medium,Tree,0,0,0,2/14/2023,,,,,,,,,,,,,
Tree R,A,10,3,Large,Tree,0,0,0,2/14/2023,,,,,,,,,,,,,
Tree R,A,10,5,Medium,Tree,0,0,0,2/14/2023,,,,,,,,,,,,,
Tree R,A,10,6,Medium,Tree,0,0,0,2/14/2023,,,,,,,,,,,,,
Tree R,A,10,8,Large,Tree,0,0,0,2/14/2023,,,,,,,,,,,,,
Tree R,B,10,16,Medium,Tree,0,0,0,2/14/2023,,,,,,,,,,,,,
Tree R,B,10,17,Medium,Tree,0,0,0,2/14/2023,,,,,,,,,,,,,
Tree R,B,10,18,Small,Tree,0,0,0,2/14/2023,,,,,,,,,,,,,
Tree R,B,10,19,Medium,Tree,0,0,0,2/14/2023,,,,,,,,,,,,,
Tree R,B,10,21,Large,Tree,0,0,0,2/14/2023,,,,,,,,,,,,,
Tree R,B,10,22,Large,Tree,0,0,0,2/14/2023,,,,,,,,,,,,,
Tree R,B,10,23,Medium,Tree,0,0,0,2/14/2023,,,,,,,,,,,,,
Tree R,B,10,24,Medium,Tree,0,0,0,2/14/2023,,,,,,,,,,,,,
Tree R,A,1,2,Small,Tree,0,1,7,2/23/2023,,,,,,,,,,,,,
Tree R,A,1,4,Small,Tree,0,1,7,2/23/2023,,,,,,,,,,,,,
Tree R,A,1,5,Small,Tree,0,1,7,2/23/2023,,,,,,,,,,,,,
Tree R,A,1,7,Medium,Tree,0,1,7,2/23/2023,,,,,,,,,,,,,
Tree R,A,1,8,Small,Tree,0,1,7,2/23/2023,,,,,,,,,,,,,
Tree R,A,1,10,Small,Tree,0,1,7,2/23/2023,,,,,,,,,,,,,
Tree R,A,1,11,Small,Tree,0,1,7,2/23/2023,,,,,,,,,,,,,
Tree R,B,1,15,Small,Tree,0,1,7,2/23/2023,,,,,,,,,,,,,
Tree R,B,1,16,Small,Tree,0,1,7,2/23/2023,,,,,,,,,,,,,
Tree R,B,1,17,Small,Tree,0,1,7,2/23/2023,,,,,,,,,,,,,
Tree R,B,1,18,Small,Tree,1,1,7,2/23/2023,,,,,,,,,,,,,
Tree R,B,1,19,Small,Tree,0,1,7,2/23/2023,,,,,,,,,,,,,
Tree R,B,1,21,Small,Tree,0,1,7,2/23/2023,,,,,,,,,,,,,
Tree R,B,1,22,Small,Tree,1,1,7,2/23/2023,,,,,,,,,,,,,
Tree R,B,1,24,Small,Tree,0,1,7,2/23/2023,,,,,,,,,,,,,
Tree R,A,2,1,Small,Tree,0,1,7,2/23/2023,,,,,,,,,,,,,
Tree R,A,2,2,Small,Tree,0,1,7,2/23/2023,,,,,,,,,,,,,
Tree R,A,2,3,Small,Tree,0,1,7,2/23/2023,,,,,,,,,,,,,
Tree R,A,2,4,Medium,Tree,0,1,7,2/23/2023,,,,,,,,,,,,,
Tree R,A,2,5,Medium,Tree,0,1,7,2/23/2023,,,,,,,,,,,,,
Tree R,A,2,6,Small,Tree,0,1,7,2/23/2023,,,,,,,,,,,,,
Tree R,A,2,8,Small,Tree,0,1,7,2/23/2023,,,,,,,,,,,,,
Tree R,A,2,9,Small,Tree,1,1,7,2/23/2023,,,,,,,,,,,,,
Tree R,A,2,11,Medium,Tree,0,1,7,2/23/2023,,,,,,,,,,,,,
Tree R,A,2,16,Small,Tree,1,1,7,2/23/2023,,,,,,,,,,,,,
Tree R,B,2,17,Small,Tree,0,1,7,2/23/2023,,,,,,,,,,,,,
Tree R,B,2,18,Medium,Tree,0,1,7,2/23/2023,,,,,,,,,,,,,
Tree R,B,2,19,Small,Tree,0,1,7,2/23/2023,,,,,,,,,,,,,
Tree R,B,2,22,Medium,Tree,0,1,7,2/23/2023,,,,,,,,,,,,,
Tree R,B,2,24,Medium,Tree,0,1,7,2/23/2023,,,,,,,,,,,,,
Tree R,A,3,2,Small,Tree,0,1,7,2/23/2023,,,,,,,,,,,,,
Tree R,A,3,3,Medium,Tree,0,1,7,2/23/2023,,,,,,,,,,,,,
Tree R,A,3,4,Medium,Tree,0,1,7,2/23/2023,,,,,,,,,,,,,
Tree R,A,3,5,Medium,Tree,0,1,7,2/23/2023,,,,,,,,,,,,,
Tree R,A,3,6,Small,Tree,0,1,7,2/23/2023,,,,,,,,,,,,,
Tree R,A,3,7,Small,Tree,0,1,7,2/23/2023,,,,,,,,,,,,,
Tree R,A,3,9,Small,Tree,0,1,7,2/23/2023,,,,,,,,,,,,,
Tree R,A,3,10,Medium,Tree,0,1,7,2/23/2023,,,,,,,,,,,,,
Tree R,A,3,12,Small,Tree,0,1,7,2/23/2023,,,,,,,,,,,,,
Tree R,B,3,15,Medium,Tree,0,1,7,2/23/2023,,,,,,,,,,,,,
Tree R,B,3,16,Small,Tree,0,1,7,2/23/2023,,,,,,,,,,,,,
Tree R,B,3,17,Small,Tree,0,1,7,2/23/2023,,,,,,,,,,,,,
Tree R,B,3,18,Small,Tree,0,1,7,2/23/2023,,,,,,,,,,,,,
Tree R,B,3,19,Large,Tree,0,1,7,2/23/2023,,,,,,,,,,,,,
Tree R,B,3,21,Small,Tree,0,1,7,2/23/2023,,,,,,,,,,,,,
Tree R,B,3,23,Small,Tree,0,1,7,2/23/2023,,,,,,,,,,,,,
Tree R,B,3,24,Medium,Tree,0,1,7,2/23/2023,,,,,,,,,,,,,
Tree R,A,4,1,Small,Tree,0,1,7,2/23/2023,,,,,,,,,,,,,
Tree R,A,4,2,Small,Tree,0,1,7,2/23/2023,,,,,,,,,,,,,
Tree R,A,4,3,Small,Tree,0,1,7,2/23/2023,,,,,,,,,,,,,
Tree R,A,4,4,Small,Tree,0,1,7,2/23/2023,,,,,,,,,,,,,
Tree R,A,4,6,Medium,Tree,0,1,7,2/23/2023,,,,,,,,,,,,,
Tree R,A,4,7,Small,Tree,0,1,7,2/23/2023,,,,,,,,,,,,,
Tree R,B,4,9,Small,Tree,0,1,7,2/23/2023,,,,,,,,,,,,,
Tree R,B,4,11,Small,Tree,0,1,7,2/23/2023,,,,,,,,,,,,,
Tree R,B,4,17,Small,Tree,0,1,7,2/23/2023,,,,,,,,,,,,,
Tree R,B,4,18,Medium,Tree,0,1,7,2/23/2023,,,,,,,,,,,,,
Tree R,B,4,19,Small,Tree,0,1,7,2/23/2023,,,,,,,,,,,,,
Tree R,B,4,20,Small,Tree,0,1,7,2/23/2023,,,,,,,,,,,,,
Tree R,B,4,23,Small,Tree,0,1,7,2/23/2023,,,,,,,,,,,,,
Tree R,B,4,24,Small,Tree,0,1,7,2/23/2023,,,,,,,,,,,,,
Tree R,A,5,1,Medium,Tree,0,1,7,2/23/2023,,,,,,,,,,,,,
Tree R,A,5,2,Small,Tree,0,1,7,2/23/2023,,,,,,,,,,,,,
Tree R,A,5,4,Large,Tree,0,1,7,2/23/2023,,,,,,,,,,,,,
Tree R,A,5,7,Small,Tree,0,1,7,2/23/2023,,,,,,,,,,,,,
Tree R,A,5,8,Small,Tree,0,1,7,2/23/2023,,,,,,,,,,,,,
Tree R,A,5,10,Small,Tree,0,1,7,2/23/2023,,,,,,,,,,,,,
Tree R,A,5,15,Small,Tree,0,1,7,2/23/2023,,,,,,,,,,,,,
Tree R,B,5,18,Small,Tree,0,1,7,2/23/2023,,,,,,,,,,,,,
Tree R,B,5,19,Small,Tree,0,1,7,2/23/2023,,,,,,,,,,,,,
Tree R,B,5,20,Medium,Tree,0,1,7,2/23/2023,,,,,,,,,,,,,
Tree R,B,5,21,Medium,Tree,1,1,7,2/23/2023,,,,,,,,,,,,,
Tree R,B,5,22,Medium,Tree,0,1,7,2/23/2023,,,,,,,,,,,,,
Tree R,B,5,24,Small,Tree,0,1,7,2/23/2023,,,,,,,,,,,,,
Tree R,A,6,1,Medium,Tree,0,1,7,2/23/2023,,,,,,,,,,,,,
Tree R,A,6,2,Medium,Tree,0,1,7,2/23/2023,,,,,,,,,,,,,
Tree R,A,6,3,Medium,Tree,0,1,7,2/23/2023,,,,,,,,,,,,,
Tree R,A,6,4,Medium,Tree,0,1,7,2/23/2023,,,,,,,,,,,,,
Tree R,A,6,6,Medium,Tree,0,1,7,2/23/2023,,,,,,,,,,,,,
Tree R,A,6,7,Large,Tree,0,1,7,2/23/2023,,,,,,,,,,,,,
Tree R,A,6,8,Medium,Tree,0,1,7,2/23/2023,,,,,,,,,,,,,
Tree R,A,6,9,Small,Tree,0,1,7,2/23/2023,,,,,,,,,,,,,
Tree R,B,6,16,Large,Tree,0,1,7,2/23/2023,,,,,,,,,,,,,
Tree R,B,6,19,Large,Tree,0,1,7,2/23/2023,,,,,,,,,,,,,
Tree R,B,6,21,Large,Tree,0,1,7,2/23/2023,,,,,,,,,,,,,
Tree R,B,6,22,Small,Tree,0,1,7,2/23/2023,,,,,,,,,,,,,
Tree R,B,6,23,Small,Tree,0,1,7,2/23/2023,,,,,,,,,,,,,
Tree R,B,6,24,Small,Tree,0,1,7,2/23/2023,,,,,,,,,,,,,
Tree R,A,7,1,Large,Tree,0,1,7,2/23/2023,,,,,,,,,,,,,
Tree R,A,7,2,Small,Tree,0,1,7,2/23/2023,,,,,,,,,,,,,
Tree R,A,7,3,Medium,Tree,0,1,7,2/23/2023,,,,,,,,,,,,,
Tree R,A,7,4,Large,Tree,0,1,7,2/23/2023,,,,,,,,,,,,,
Tree R,A,7,6,Large,Tree,0,1,7,2/23/2023,,,,,,,,,,,,,
Tree R,A,7,7,Large,Tree,0,1,7,2/23/2023,,,,,,,,,,,,,
Tree R,A,7,8,Large,Tree,0,1,7,2/23/2023,,,,,,,,,,,,,
Tree R,A,7,9,Large,Tree,0,1,7,2/23/2023,,,,,,,,,,,,,
Tree R,B,7,16,Large,Tree,0,1,7,2/23/2023,,,,,,,,,,,,,
Tree R,B,7,17,Medium,Tree,0,1,7,2/23/2023,,,,,,,,,,,,,
Tree R,B,7,18,Medium,Tree,0,1,7,2/23/2023,,,,,,,,,,,,,
Tree R,B,7,19,Large,Tree,0,1,7,2/23/2023,,,,,,,,,,,,,
Tree R,B,7,21,Large,Tree,0,1,7,2/23/2023,,,,,,,,,,,,,
Tree R,B,7,22,Medium,Tree,0,1,7,2/23/2023,,,,,,,,,,,,,
Tree R,B,7,23,Small,Tree,0,1,7,2/23/2023,,,,,,,,,,,,,
Tree R,B,7,24,Medium,Tree,0,1,7,2/23/2023,,,,,,,,,,,,,
Tree R,A,8,1,Large,Tree,0,1,7,2/23/2023,,,,,,,,,,,,,
Tree R,A,8,2,Small,Tree,0,1,7,2/23/2023,,,,,,,,,,,,,
Tree R,A,8,3,Large,Tree,0,1,7,2/23/2023,,,,,,,,,,,,,
Tree R,A,8,4,Medium,Tree,0,1,7,2/23/2023,,,,,,,,,,,,,
Tree R,A,8,6,Large,Tree,0,1,7,2/23/2023,,,,,,,,,,,,,
Tree R,A,8,7,Large,Tree,0,1,7,2/23/2023,,,,,,,,,,,,,
Tree R,A,8,8,Small,Tree,0,1,7,2/23/2023,,,,,,,,,,,,,
Tree R,A,8,9,Medium,Tree,0,1,7,2/23/2023,,,,,,,,,,,,,
Tree R,B,8,16,Large,Tree,0,1,7,2/23/2023,,,,,,,,,,,,,
Tree R,B,8,17,Small,Tree,0,1,7,2/23/2023,,,,,,,,,,,,,
Tree R,B,8,18,Large,Tree,1,1,7,2/23/2023,,,,,,,,,,,,,
Tree R,B,8,19,Small,Tree,0,1,7,2/23/2023,,,,,,,,,,,,,
Tree R,B,8,21,Medium,Tree,0,1,7,2/23/2023,,,,,,,,,,,,,
Tree R,B,8,23,Large,Tree,0,1,7,2/23/2023,,,,,,,,,,,,,
Tree R,B,8,24,Medium,Tree,0,1,7,2/23/2023,,,,,,,,,,,,,
Tree R,A,9,1,Medium,Tree,0,1,7,2/23/2023,,,,,,,,,,,,,
Tree R,A,9,2,Medium,Tree,0,1,7,2/23/2023,,,,,,,,,,,,,
Tree R,A,9,3,Large,Tree,0,1,7,2/23/2023,,,,,,,,,,,,,
Tree R,A,9,4,Large,Tree,0,1,7,2/23/2023,,,,,,,,,,,,,
Tree R,A,9,6,Large,Tree,0,1,7,2/23/2023,,,,,,,,,,,,,
Tree R,A,9,7,Medium,Tree,0,1,7,2/23/2023,,,,,,,,,,,,,
Tree R,A,9,8,Medium,Tree,0,1,7,2/23/2023,,,,,,,,,,,,,
Tree R,A,9,9,Medium,Tree,0,1,7,2/23/2023,,,,,,,,,,,,,
Tree R,B,9,16,Medium,Tree,0,1,7,2/23/2023,,,,,,,,,,,,,
Tree R,B,9,17,Large,Tree,0,1,7,2/23/2023,,,,,,,,,,,,,
Tree R,B,9,18,Medium,Tree,0,1,7,2/23/2023,,,,,,,,,,,,,
Tree R,B,9,19,Medium,Tree,0,1,7,2/23/2023,,,,,,,,,,,,,
Tree R,B,9,21,Small,Tree,0,1,7,2/23/2023,,,,,,,,,,,,,
Tree R,B,9,21,Medium,Tree,1,1,7,2/23/2023,,,,,,,,,,,,,
Tree R,B,9,22,Medium,Tree,0,1,7,2/23/2023,,,,,,,,,,,,,
Tree R,B,9,23,Medium,Tree,0,1,7,2/23/2023,,,,,,,,,,,,,
Tree R,B,9,24,Medium,Tree,0,1,7,2/23/2023,,,,,,,,,,,,,
Tree R,A,10,1,Medium,Tree,0,1,7,2/23/2023,,,,,,,,,,,,,
Tree R,A,10,2,Medium,Tree,1,1,7,2/23/2023,,,,,,,,,,,,,
Tree R,A,10,3,Large,Tree,0,1,7,2/23/2023,,,,,,,,,,,,,
Tree R,A,10,5,Medium,Tree,0,1,7,2/23/2023,,,,,,,,,,,,,
Tree R,A,10,6,Medium,Tree,0,1,7,2/23/2023,,,,,,,,,,,,,
Tree R,A,10,8,Large,Tree,0,1,7,2/23/2023,,,,,,,,,,,,,
Tree R,B,10,16,Medium,Tree,0,1,7,2/23/2023,,,,,,,,,,,,,
Tree R,B,10,17,Medium,Tree,0,1,7,2/23/2023,,,,,,,,,,,,,
Tree R,B,10,18,Small,Tree,0,1,7,2/23/2023,,,,,,,,,,,,,
Tree R,B,10,19,Medium,Tree,0,1,7,2/23/2023,,,,,,,,,,,,,
Tree R,B,10,21,Large,Tree,0,1,7,2/23/2023,,,,,,,,,,,,,
Tree R,B,10,22,Large,Tree,0,1,7,2/23/2023,,,,,,,,,,,,,
Tree R,B,10,23,Medium,Tree,0,1,7,2/23/2023,,,,,,,,,,,,,
Tree R,B,10,24,Medium,Tree,0,1,7,2/23/2023,,,,,,,,,,,,,
Tree R,A,1,2,Small,Tree,0,2,30,3/14/2023,,,,,,,,,,,,,
Tree R,A,1,4,Small,Tree,0,2,30,3/14/2023,,,,,,,,,,,,,
Tree R,A,1,5,Small,Tree,0,2,30,3/14/2023,,,,,,,,,,,,,
Tree R,A,1,7,Medium,Tree,0,2,30,3/14/2023,,,,,,,,,,,,,
Tree R,A,1,8,Small,Tree,0,2,30,3/14/2023,,,,,,,,,,,,,
Tree R,A,1,10,Small,Tree,0,2,30,3/14/2023,,,,,,,,,,,,,
Tree R,A,1,11,Small,Tree,0,2,30,3/14/2023,,,,,,,,,,,,,
Tree R,B,1,15,Small,Tree,0,2,30,3/14/2023,,,,,,,,,,,,,
Tree R,B,1,16,Small,Tree,0,2,30,3/14/2023,,,,,,,,,,,,,
Tree R,B,1,17,Small,Tree,0,2,30,3/14/2023,,,,,,,,,,,,,
Tree R,B,1,19,Small,Tree,0,2,30,3/14/2023,,,,,,,,,,,,,
Tree R,B,1,21,Small,Tree,0,2,30,3/14/2023,,,,,,,,,,,,,
Tree R,B,1,24,Small,Tree,0,2,30,3/14/2023,,,,,,,,,,,,,
Tree R,A,2,1,Small,Tree,0,2,30,3/14/2023,,,,,,,,,,,,,
Tree R,A,2,2,Small,Tree,0,2,30,3/14/2023,,,,,,,,,,,,,
Tree R,A,2,3,Small,Tree,0,2,30,3/14/2023,,,,,,,,,,,,,
Tree R,A,2,4,Medium,Tree,0,2,30,3/14/2023,,,,,,,,,,,,,
Tree R,A,2,5,Medium,Tree,0,2,30,3/14/2023,,,,,,,,,,,,,
Tree R,A,2,6,Small,Tree,0,2,30,3/14/2023,,,,,,,,,,,,,
Tree R,A,2,8,Small,Tree,0,2,30,3/14/2023,,,,,,,,,,,,,
Tree R,A,2,11,Medium,Tree,0,2,30,3/14/2023,,,,,,,,,,,,,
Tree R,B,2,17,Small,Tree,0,2,30,3/14/2023,,,,,,,,,,,,,
Tree R,B,2,18,Medium,Tree,0,2,30,3/14/2023,,,,,,,,,,,,,
Tree R,B,2,19,Small,Tree,0,2,30,3/14/2023,,,,,,,,,,,,,
Tree R,B,2,22,Medium,Tree,0,2,30,3/14/2023,,,,,,,,,,,,,
Tree R,B,2,24,Medium,Tree,0,2,30,3/14/2023,,,,,,,,,,,,,
Tree R,A,3,2,Small,Tree,0,2,30,3/14/2023,,,,,,,,,,,,,
Tree R,A,3,3,Medium,Tree,0,2,30,3/14/2023,,,,,,,,,,,,,
Tree R,A,3,4,Medium,Tree,0,2,30,3/14/2023,,,,,,,,,,,,,
Tree R,A,3,5,Medium,Tree,0,2,30,3/14/2023,,,,,,,,,,,,,
Tree R,A,3,6,Small,Tree,0,2,30,3/14/2023,,,,,,,,,,,,,
Tree R,A,3,7,Small,Tree,0,2,30,3/14/2023,,,,,,,,,,,,,
Tree R,A,3,9,Small,Tree,0,2,30,3/14/2023,,,,,,,,,,,,,
Tree R,A,3,10,Medium,Tree,0,2,30,3/14/2023,,,,,,,,,,,,,
Tree R,A,3,12,Small,Tree,0,2,30,3/14/2023,,,,,,,,,,,,,
Tree R,B,3,15,Medium,Tree,0,2,30,3/14/2023,,,,,,,,,,,,,
Tree R,B,3,16,Small,Tree,0,2,30,3/14/2023,,,,,,,,,,,,,
Tree R,B,3,17,Small,Tree,0,2,30,3/14/2023,,,,,,,,,,,,,
Tree R,B,3,18,Small,Tree,0,2,30,3/14/2023,,,,,,,,,,,,,
Tree R,B,3,19,Large,Tree,0,2,30,3/14/2023,,,,,,,,,,,,,
Tree R,B,3,21,Small,Tree,0,2,30,3/14/2023,,,,,,,,,,,,,
Tree R,B,3,23,Small,Tree,0,2,30,3/14/2023,,,,,,,,,,,,,
Tree R,B,3,24,Medium,Tree,0,2,30,3/14/2023,,,,,,,,,,,,,
Tree R,A,4,1,Small,Tree,0,2,30,3/14/2023,,,,,,,,,,,,,
Tree R,A,4,2,Small,Tree,0,2,30,3/14/2023,,,,,,,,,,,,,
Tree R,A,4,3,Small,Tree,0,2,30,3/14/2023,,,,,,,,,,,,,
Tree R,A,4,4,Small,Tree,0,2,30,3/14/2023,,,,,,,,,,,,,
Tree R,A,4,6,Medium,Tree,0,2,30,3/14/2023,,,,,,,,,,,,,
Tree R,A,4,7,Small,Tree,0,2,30,3/14/2023,,,,,,,,,,,,,
Tree R,B,4,9,Small,Tree,0,2,30,3/14/2023,,,,,,,,,,,,,
Tree R,B,4,11,Small,Tree,0,2,30,3/14/2023,,,,,,,,,,,,,
Tree R,B,4,17,Small,Tree,0,2,30,3/14/2023,,,,,,,,,,,,,
Tree R,B,4,18,Medium,Tree,0,2,30,3/14/2023,,,,,,,,,,,,,
Tree R,B,4,19,Small,Tree,0,2,30,3/14/2023,,,,,,,,,,,,,
Tree R,B,4,20,Small,Tree,0,2,30,3/14/2023,,,,,,,,,,,,,
Tree R,B,4,23,Small,Tree,0,2,30,3/14/2023,,,,,,,,,,,,,
Tree R,B,4,24,Small,Tree,0,2,30,3/14/2023,,,,,,,,,,,,,
Tree R,A,5,1,Medium,Tree,0,2,30,3/14/2023,,,,,,,,,,,,,
Tree R,A,5,2,Small,Tree,0,2,30,3/14/2023,,,,,,,,,,,,,
Tree R,A,5,4,Large,Tree,0,2,30,3/14/2023,,,,,,,,,,,,,
Tree R,A,5,7,Small,Tree,0,2,30,3/14/2023,,,,,,,,,,,,,
Tree R,A,5,8,Small,Tree,0,2,30,3/14/2023,,,,,,,,,,,,,
Tree R,A,5,10,Small,Tree,0,2,30,3/14/2023,,,,,,,,,,,,,
Tree R,A,5,15,Small,Tree,0,2,30,3/14/2023,,,,,,,,,,,,,
Tree R,B,5,18,Small,Tree,0,2,30,3/14/2023,,,,,,,,,,,,,
Tree R,B,5,19,Small,Tree,0,2,30,3/14/2023,,,,,,,,,,,,,
Tree R,B,5,20,Medium,Tree,0,2,30,3/14/2023,,,,,,,,,,,,,
Tree R,B,5,22,Medium,Tree,0,2,30,3/14/2023,,,,,,,,,,,,,
Tree R,B,5,24,Small,Tree,0,2,30,3/14/2023,,,,,,,,,,,,,
Tree R,A,6,1,Medium,Tree,0,2,30,3/14/2023,,,,,,,,,,,,,
Tree R,A,6,2,Medium,Tree,0,2,30,3/14/2023,,,,,,,,,,,,,
Tree R,A,6,3,Medium,Tree,0,2,30,3/14/2023,,,,,,,,,,,,,
Tree R,A,6,4,Medium,Tree,0,2,30,3/14/2023,,,,,,,,,,,,,
Tree R,A,6,6,Medium,Tree,0,2,30,3/14/2023,,,,,,,,,,,,,
Tree R,A,6,7,Large,Tree,0,2,30,3/14/2023,,,,,,,,,,,,,
Tree R,A,6,8,Medium,Tree,0,2,30,3/14/2023,,,,,,,,,,,,,
Tree R,A,6,9,Small,Tree,0,2,30,3/14/2023,,,,,,,,,,,,,
Tree R,B,6,16,Large,Tree,0,2,30,3/14/2023,,,,,,,,,,,,,
Tree R,B,6,19,Large,Tree,0,2,30,3/14/2023,,,,,,,,,,,,,
Tree R,B,6,21,Large,Tree,0,2,30,3/14/2023,,,,,,,,,,,,,
Tree R,B,6,22,Small,Tree,0,2,30,3/14/2023,,,,,,,,,,,,,
Tree R,B,6,23,Small,Tree,0,2,30,3/14/2023,,,,,,,,,,,,,
Tree R,B,6,24,Small,Tree,0,2,30,3/14/2023,,,,,,,,,,,,,
Tree R,A,7,1,Large,Tree,0,2,30,3/14/2023,,,,,,,,,,,,,
Tree R,A,7,2,Small,Tree,0,2,30,3/14/2023,,,,,,,,,,,,,
Tree R,A,7,3,Medium,Tree,0,2,30,3/14/2023,,,,,,,,,,,,,
Tree R,A,7,4,Large,Tree,0,2,30,3/14/2023,,,,,,,,,,,,,
Tree R,A,7,6,Large,Tree,0,2,30,3/14/2023,,,,,,,,,,,,,
Tree R,A,7,7,Large,Tree,0,2,30,3/14/2023,,,,,,,,,,,,,
Tree R,A,7,8,Large,Tree,0,2,30,3/14/2023,,,,,,,,,,,,,
Tree R,A,7,9,Large,Tree,0,2,30,3/14/2023,,,,,,,,,,,,,
Tree R,B,7,16,Large,Tree,0,2,30,3/14/2023,,,,,,,,,,,,,
Tree R,B,7,17,Medium,Tree,0,2,30,3/14/2023,,,,,,,,,,,,,
Tree R,B,7,18,Medium,Tree,0,2,30,3/14/2023,,,,,,,,,,,,,
Tree R,B,7,19,Large,Tree,0,2,30,3/14/2023,,,,,,,,,,,,,
Tree R,B,7,21,Large,Tree,1,2,30,3/14/2023,,,,,,,,,,,,,
Tree R,B,7,22,Medium,Tree,1,2,30,3/14/2023,,,,,,,,,,,,,
Tree R,B,7,23,Small,Tree,1,2,30,3/14/2023,,,,,,,,,,,,,
Tree R,B,7,24,Medium,Tree,0,2,30,3/14/2023,,,,,,,,,,,,,
Tree R,A,8,1,Large,Tree,0,2,30,3/14/2023,,,,,,,,,,,,,
Tree R,A,8,2,Small,Tree,0,2,30,3/14/2023,,,,,,,,,,,,,
Tree R,A,8,3,Large,Tree,0,2,30,3/14/2023,,,,,,,,,,,,,
Tree R,A,8,4,Medium,Tree,0,2,30,3/14/2023,,,,,,,,,,,,,
Tree R,A,8,6,Large,Tree,0,2,30,3/14/2023,,,,,,,,,,,,,
Tree R,A,8,7,Large,Tree,0,2,30,3/14/2023,,,,,,,,,,,,,
Tree R,A,8,8,Small,Tree,0,2,30,3/14/2023,,,,,,,,,,,,,
Tree R,A,8,9,Medium,Tree,0,2,30,3/14/2023,,,,,,,,,,,,,
Tree R,B,8,16,Large,Tree,1,2,30,3/14/2023,,,,,,,,,,,,,
Tree R,B,8,17,Small,Tree,1,2,30,3/14/2023,,,,,,,,,,,,,
Tree R,B,8,19,Small,Tree,0,2,30,3/14/2023,,,,,,,,,,,,,
Tree R,B,8,21,Medium,Tree,1,2,30,3/14/2023,,,,,,,,,,,,,
Tree R,B,8,23,Large,Tree,0,2,30,3/14/2023,,,,,,,,,,,,,
Tree R,B,8,24,Medium,Tree,0,2,30,3/14/2023,,,,,,,,,,,,,
Tree R,A,9,1,Medium,Tree,0,2,30,3/14/2023,,,,,,,,,,,,,
Tree R,A,9,2,Medium,Tree,0,2,30,3/14/2023,,,,,,,,,,,,,
Tree R,A,9,3,Large,Tree,0,2,30,3/14/2023,,,,,,,,,,,,,
Tree R,A,9,4,Large,Tree,0,2,30,3/14/2023,,,,,,,,,,,,,
Tree R,A,9,6,Large,Tree,0,2,30,3/14/2023,,,,,,,,,,,,,
Tree R,A,9,7,Medium,Tree,0,2,30,3/14/2023,,,,,,,,,,,,,
Tree R,A,9,8,Medium,Tree,0,2,30,3/14/2023,,,,,,,,,,,,,
Tree R,A,9,9,Medium,Tree,0,2,30,3/14/2023,,,,,,,,,,,,,
Tree R,B,9,16,Medium,Tree,0,2,30,3/14/2023,,,,,,,,,,,,,
Tree R,B,9,17,Large,Tree,1,2,30,3/14/2023,,,,,,,,,,,,,
Tree R,B,9,18,Medium,Tree,0,2,30,3/14/2023,,,,,,,,,,,,,
Tree R,B,9,19,Medium,Tree,0,2,30,3/14/2023,,,,,,,,,,,,,
Tree R,B,9,21,Small,Tree,1,2,30,3/14/2023,,,,,,,,,,,,,
Tree R,B,9,22,Medium,Tree,1,2,30,3/14/2023,,,,,,,,,,,,,
Tree R,B,9,23,Medium,Tree,1,2,30,3/14/2023,,,,,,,,,,,,,
Tree R,B,9,24,Medium,Tree,1,2,30,3/14/2023,,,,,,,,,,,,,
Tree R,A,10,1,Medium,Tree,0,2,30,3/14/2023,,,,,,,,,,,,,
Tree R,A,10,3,Large,Tree,0,2,30,3/14/2023,,,,,,,,,,,,,
Tree R,A,10,5,Medium,Tree,0,2,30,3/14/2023,,,,,,,,,,,,,
Tree R,A,10,6,Medium,Tree,0,2,30,3/14/2023,,,,,,,,,,,,,
Tree R,A,10,8,Large,Tree,0,2,30,3/14/2023,,,,,,,,,,,,,
Tree R,B,10,16,Medium,Tree,0,2,30,3/14/2023,,,,,,,,,,,,,
Tree R,B,10,17,Medium,Tree,0,2,30,3/14/2023,,,,,,,,,,,,,
Tree R,B,10,18,Small,Tree,0,2,30,3/14/2023,,,,,,,,,,,,,
Tree R,B,10,19,Medium,Tree,1,2,30,3/14/2023,,,,,,,,,,,,,
Tree R,B,10,21,Large,Tree,0,2,30,3/14/2023,,,,,,,,,,,,,
Tree R,B,10,22,Large,Tree,1,2,30,3/14/2023,,,,,,,,,,,,,
Tree R,B,10,23,Medium,Tree,0,2,30,3/14/2023,,,,,,,,,,,,,
Tree R,B,10,24,Medium,Tree,0,2,30,3/14/2023,,,,,,,,,,,,,
Tree R,A,1,2,Small,Tree,0,3,90,5/17/2023,,,,,,,,,,,,,
Tree R,A,1,4,Small,Tree,0,3,90,5/17/2023,,,,,,,,,,,,,
Tree R,A,1,5,Small,Tree,1,3,90,5/17/2023,,,,,,,,,,,,,
Tree R,A,1,7,Medium,Tree,1,3,90,5/17/2023,,,,,,,,,,,,,
Tree R,A,1,8,Small,Tree,0,3,90,5/17/2023,,,,,,,,,,,,,
Tree R,A,1,10,Small,Tree,1,3,90,5/17/2023,,,,,,,,,,,,,
Tree R,A,1,11,Small,Tree,0,3,90,5/17/2023,,,,,,,,,,,,,
Tree R,B,1,15,Small,Tree,1,3,90,5/17/2023,,,,,,,,,,,,,
Tree R,B,1,16,Small,Tree,1,3,90,5/17/2023,,,,,,,,,,,,,
Tree R,B,1,17,Small,Tree,1,3,90,5/17/2023,,,,,,,,,,,,,
Tree R,B,1,19,Small,Tree,1,3,90,5/17/2023,,,,,,,,,,,,,
Tree R,B,1,21,Small,Tree,1,3,90,5/17/2023,,,,,,,,,,,,,
Tree R,B,1,24,Small,Tree,0,3,90,5/17/2023,,,,,,,,,,,,,
Tree R,A,2,1,Small,Tree,0,3,90,5/17/2023,,,,,,,,,,,,,
Tree R,A,2,2,Small,Tree,0,3,90,5/17/2023,,,,,,,,,,,,,
Tree R,A,2,3,Small,Tree,0,3,90,5/17/2023,,,,,,,,,,,,,
Tree R,A,2,4,Medium,Tree,0,3,90,5/17/2023,,,,,,,,,,,,,
Tree R,A,2,5,Medium,Tree,0,3,90,5/17/2023,,,,,,,,,,,,,
Tree R,A,2,6,Small,Tree,0,3,90,5/17/2023,,,,,,,,,,,,,
Tree R,A,2,8,Small,Tree,0,3,90,5/17/2023,,,,,,,,,,,,,
Tree R,A,2,11,Medium,Tree,0,3,90,5/17/2023,,,,,,,,,,,,,
Tree R,B,2,17,Small,Tree,0,3,90,5/17/2023,,,,,,,,,,,,,
Tree R,B,2,18,Medium,Tree,0,3,90,5/17/2023,,,,,,,,,,,,,
Tree R,B,2,19,Small,Tree,0,3,90,5/17/2023,,,,,,,,,,,,,
Tree R,B,2,22,Medium,Tree,0,3,90,5/17/2023,,,,,,,,,,,,,
Tree R,B,2,24,Medium,Tree,0,3,90,5/17/2023,,,,,,,,,,,,,
Tree R,A,3,2,Small,Tree,1,3,90,5/17/2023,,,,,,,,,,,,,
Tree R,A,3,3,Medium,Tree,0,3,90,5/17/2023,,,,,,,,,,,,,
Tree R,A,3,4,Medium,Tree,0,3,90,5/17/2023,,,,,,,,,,,,,
Tree R,A,3,5,Medium,Tree,0,3,90,5/17/2023,,,,,,,,,,,,,
Tree R,A,3,6,Small,Tree,0,3,90,5/17/2023,,,,,,,,,,,,,
Tree R,A,3,7,Small,Tree,0,3,90,5/17/2023,,,,,,,,,,,,,
Tree R,A,3,9,Small,Tree,0,3,90,5/17/2023,,,,,,,,,,,,,
Tree R,A,3,10,Medium,Tree,1,3,90,5/17/2023,,,,,,,,,,,,,
Tree R,A,3,12,Small,Tree,1,3,90,5/17/2023,,,,,,,,,,,,,
Tree R,B,3,15,Medium,Tree,0,3,90,5/17/2023,,,,,,,,,,,,,
Tree R,B,3,16,Small,Tree,0,3,90,5/17/2023,,,,,,,,,,,,,
Tree R,B,3,17,Small,Tree,0,3,90,5/17/2023,,,,,,,,,,,,,
Tree R,B,3,18,Small,Tree,0,3,90,5/17/2023,,,,,,,,,,,,,
Tree R,B,3,19,Large,Tree,0,3,90,5/17/2023,,,,,,,,,,,,,
Tree R,B,3,21,Small,Tree,0,3,90,5/17/2023,,,,,,,,,,,,,
Tree R,B,3,23,Small,Tree,0,3,90,5/17/2023,,,,,,,,,,,,,
Tree R,B,3,24,Medium,Tree,0,3,90,5/17/2023,,,,,,,,,,,,,
Tree R,A,4,1,Small,Tree,0,3,90,5/17/2023,,,,,,,,,,,,,
Tree R,A,4,2,Small,Tree,0,3,90,5/17/2023,,,,,,,,,,,,,
Tree R,A,4,3,Small,Tree,0,3,90,5/17/2023,,,,,,,,,,,,,
Tree R,A,4,4,Small,Tree,0,3,90,5/17/2023,,,,,,,,,,,,,
Tree R,A,4,6,Medium,Tree,0,3,90,5/17/2023,,,,,,,,,,,,,
Tree R,A,4,7,Small,Tree,0,3,90,5/17/2023,,,,,,,,,,,,,
Tree R,B,4,9,Small,Tree,1,3,90,5/17/2023,,,,,,,,,,,,,
Tree R,B,4,11,Small,Tree,1,3,90,5/17/2023,,,,,,,,,,,,,
Tree R,B,4,17,Small,Tree,0,3,90,5/17/2023,,,,,,,,,,,,,
Tree R,B,4,18,Medium,Tree,1,3,90,5/17/2023,,,,,,,,,,,,,
Tree R,B,4,19,Small,Tree,0,3,90,5/17/2023,,,,,,,,,,,,,
Tree R,B,4,20,Small,Tree,0,3,90,5/17/2023,,,,,,,,,,,,,
Tree R,B,4,23,Small,Tree,0,3,90,5/17/2023,,,,,,,,,,,,,
Tree R,B,4,24,Small,Tree,0,3,90,5/17/2023,,,,,,,,,,,,,
Tree R,A,5,1,Medium,Tree,0,3,90,5/17/2023,,,,,,,,,,,,,
Tree R,A,5,2,Small,Tree,0,3,90,5/17/2023,,,,,,,,,,,,,
Tree R,A,5,4,Large,Tree,0,3,90,5/17/2023,,,,,,,,,,,,,
Tree R,A,5,7,Small,Tree,1,3,90,5/17/2023,,,,,,,,,,,,,
Tree R,A,5,8,Small,Tree,1,3,90,5/17/2023,,,,,,,,,,,,,
Tree R,A,5,10,Small,Tree,0,3,90,5/17/2023,,,,,,,,,,,,,
Tree R,A,5,15,Small,Tree,0,3,90,5/17/2023,,,,,,,,,,,,,
Tree R,B,5,18,Small,Tree,0,3,90,5/17/2023,,,,,,,,,,,,,
Tree R,B,5,19,Small,Tree,0,3,90,5/17/2023,,,,,,,,,,,,,
Tree R,B,5,20,Medium,Tree,1,3,90,5/17/2023,,,,,,,,,,,,,
Tree R,B,5,22,Medium,Tree,1,3,90,5/17/2023,,,,,,,,,,,,,
Tree R,B,5,24,Small,Tree,1,3,90,5/17/2023,,,,,,,,,,,,,
Tree R,A,6,1,Medium,Tree,0,3,90,5/17/2023,,,,,,,,,,,,,
Tree R,A,6,2,Medium,Tree,0,3,90,5/17/2023,,,,,,,,,,,,,
Tree R,A,6,3,Medium,Tree,0,3,90,5/17/2023,,,,,,,,,,,,,
Tree R,A,6,4,Medium,Tree,0,3,90,5/17/2023,,,,,,,,,,,,,
Tree R,A,6,6,Medium,Tree,0,3,90,5/17/2023,,,,,,,,,,,,,
Tree R,A,6,7,Large,Tree,1,3,90,5/17/2023,,,,,,,,,,,,,
Tree R,A,6,8,Medium,Tree,0,3,90,5/17/2023,,,,,,,,,,,,,
Tree R,A,6,9,Small,Tree,0,3,90,5/17/2023,,,,,,,,,,,,,
Tree R,B,6,16,Large,Tree,0,3,90,5/17/2023,,,,,,,,,,,,,
Tree R,B,6,19,Large,Tree,0,3,90,5/17/2023,,,,,,,,,,,,,
Tree R,B,6,21,Large,Tree,0,3,90,5/17/2023,,,,,,,,,,,,,
Tree R,B,6,22,Small,Tree,0,3,90,5/17/2023,,,,,,,,,,,,,
Tree R,B,6,23,Small,Tree,0,3,90,5/17/2023,,,,,,,,,,,,,
Tree R,B,6,24,Small,Tree,0,3,90,5/17/2023,,,,,,,,,,,,,
Tree R,A,7,1,Large,Tree,1,3,90,5/17/2023,,,,,,,,,,,,,
Tree R,A,7,2,Small,Tree,1,3,90,5/17/2023,,,,,,,,,,,,,
Tree R,A,7,3,Medium,Tree,0,3,90,5/17/2023,,,,,,,,,,,,,
Tree R,A,7,4,Large,Tree,0,3,90,5/17/2023,,,,,,,,,,,,,
Tree R,A,7,6,Large,Tree,0,3,90,5/17/2023,,,,,,,,,,,,,
Tree R,A,7,7,Large,Tree,0,3,90,5/17/2023,,,,,,,,,,,,,
Tree R,A,7,8,Large,Tree,1,3,90,5/17/2023,,,,,,,,,,,,,
Tree R,A,7,9,Large,Tree,0,3,90,5/17/2023,,,,,,,,,,,,,
Tree R,B,7,16,Large,Tree,1,3,90,5/17/2023,,,,,,,,,,,,,
Tree R,B,7,17,Medium,Tree,0,3,90,5/17/2023,,,,,,,,,,,,,
Tree R,B,7,18,Medium,Tree,0,3,90,5/17/2023,,,,,,,,,,,,,
Tree R,B,7,19,Large,Tree,0,3,90,5/17/2023,,,,,,,,,,,,,
Tree R,B,7,24,Medium,Tree,1,3,90,5/17/2023,,,,,,,,,,,,,
Tree R,A,8,1,Large,Tree,0,3,90,5/17/2023,,,,,,,,,,,,,
Tree R,A,8,2,Small,Tree,0,3,90,5/17/2023,,,,,,,,,,,,,
Tree R,A,8,3,Large,Tree,0,3,90,5/17/2023,,,,,,,,,,,,,
Tree R,A,8,4,Medium,Tree,0,3,90,5/17/2023,,,,,,,,,,,,,
Tree R,A,8,6,Large,Tree,0,3,90,5/17/2023,,,,,,,,,,,,,
Tree R,A,8,7,Large,Tree,0,3,90,5/17/2023,,,,,,,,,,,,,
Tree R,A,8,8,Small,Tree,0,3,90,5/17/2023,,,,,,,,,,,,,
Tree R,A,8,9,Medium,Tree,0,3,90,5/17/2023,,,,,,,,,,,,,
Tree R,B,8,19,Small,Tree,1,3,90,5/17/2023,,,,,,,,,,,,,
Tree R,B,8,23,Large,Tree,0,3,90,5/17/2023,,,,,,,,,,,,,
Tree R,B,8,24,Medium,Tree,0,3,90,5/17/2023,,,,,,,,,,,,,
Tree R,A,9,1,Medium,Tree,0,3,90,5/17/2023,,,,,,,,,,,,,
Tree R,A,9,2,Medium,Tree,0,3,90,5/17/2023,,,,,,,,,,,,,
Tree R,A,9,3,Large,Tree,0,3,90,5/17/2023,,,,,,,,,,,,,
Tree R,A,9,4,Large,Tree,0,3,90,5/17/2023,,,,,,,,,,,,,
Tree R,A,9,6,Large,Tree,0,3,90,5/17/2023,,,,,,,,,,,,,
Tree R,A,9,7,Medium,Tree,0,3,90,5/17/2023,,,,,,,,,,,,,
Tree R,A,9,8,Medium,Tree,0,3,90,5/17/2023,,,,,,,,,,,,,
Tree R,A,9,9,Medium,Tree,0,3,90,5/17/2023,,,,,,,,,,,,,
Tree R,B,9,16,Medium,Tree,0,3,90,5/17/2023,,,,,,,,,,,,,
Tree R,B,9,18,Medium,Tree,0,3,90,5/17/2023,,,,,,,,,,,,,
Tree R,B,9,19,Medium,Tree,0,3,90,5/17/2023,,,,,,,,,,,,,
Tree R,A,10,1,Medium,Tree,0,3,90,5/17/2023,,,,,,,,,,,,,
Tree R,A,10,3,Large,Tree,0,3,90,5/17/2023,,,,,,,,,,,,,
Tree R,A,10,5,Medium,Tree,0,3,90,5/17/2023,,,,,,,,,,,,,
Tree R,A,10,6,Medium,Tree,0,3,90,5/17/2023,,,,,,,,,,,,,
Tree R,A,10,8,Large,Tree,0,3,90,5/17/2023,,,,,,,,,,,,,
Tree R,B,10,16,Medium,Tree,0,3,90,5/17/2023,,,,,,,,,,,,,
Tree R,B,10,17,Medium,Tree,0,3,90,5/17/2023,,,,,,,,,,,,,
Tree R,B,10,18,Small,Tree,0,3,90,5/17/2023,,,,,,,,,,,,,
Tree R,B,10,21,Large,Tree,1,3,90,5/17/2023,,,,,,,,,,,,,
Tree R,B,10,23,Medium,Tree,1,3,90,5/17/2023,,,,,,,,,,,,,
Tree R,B,10,24,Medium,Tree,0,3,90,5/17/2023,,,,,,,,,,,,,
Tree R,A,1,2,Small,Tree,0,4,180,8/9/2023,,,,,,,,,,,,,
Tree R,A,1,4,Small,Tree,1,4,180,8/9/2023,,,,,,,,,,,,,
Tree R,A,1,8,Small,Tree,1,4,180,8/9/2023,,,,,,,,,,,,,
Tree R,A,1,11,Small,Tree,1,4,180,8/9/2023,,,,,,,,,,,,,
Tree R,B,1,24,Small,Tree,0,4,180,8/9/2023,,,,,,,,,,,,,
Tree R,A,2,1,Small,Tree,0,4,180,8/9/2023,,,,,,,,,,,,,
Tree R,A,2,2,Small,Tree,0,4,180,8/9/2023,,,,,,,,,,,,,
Tree R,A,2,3,Small,Tree,0,4,180,8/9/2023,,,,,,,,,,,,,
Tree R,A,2,4,Medium,Tree,0,4,180,8/9/2023,,,,,,,,,,,,,
Tree R,A,2,5,Medium,Tree,0,4,180,8/9/2023,,,,,,,,,,,,,
Tree R,A,2,6,Small,Tree,0,4,180,8/9/2023,,,,,,,,,,,,,
Tree R,A,2,8,Small,Tree,0,4,180,8/9/2023,,,,,,,,,,,,,
Tree R,A,2,11,Medium,Tree,1,4,180,8/9/2023,,,,,,,,,,,,,
Tree R,B,2,17,Small,Tree,1,4,180,8/9/2023,,,,,,,,,,,,,
Tree R,B,2,18,Medium,Tree,0,4,180,8/9/2023,,,,,,,,,,,,,
Tree R,B,2,19,Small,Tree,0,4,180,8/9/2023,,,,,,,,,,,,,
Tree R,B,2,22,Medium,Tree,0,4,180,8/9/2023,,,,,,,,,,,,,
Tree R,B,2,24,Medium,Tree,0,4,180,8/9/2023,,,,,,,,,,,,,
Tree R,A,3,3,Medium,Tree,1,4,180,8/9/2023,,,,,,,,,,,,,
Tree R,A,3,4,Medium,Tree,0,4,180,8/9/2023,,,,,,,,,,,,,
Tree R,A,3,5,Medium,Tree,0,4,180,8/9/2023,,,,,,,,,,,,,
Tree R,A,3,6,Small,Tree,0,4,180,8/9/2023,,,,,,,,,,,,,
Tree R,A,3,7,Small,Tree,1,4,180,8/9/2023,,,,,,,,,,,,,
Tree R,A,3,9,Small,Tree,0,4,180,8/9/2023,,,,,,,,,,,,,
Tree R,B,3,15,Medium,Tree,0,4,180,8/9/2023,,,,,,,,,,,,,
Tree R,B,3,16,Small,Tree,0,4,180,8/9/2023,,,,,,,,,,,,,
Tree R,B,3,17,Small,Tree,1,4,180,8/9/2023,,,,,,,,,,,,,
Tree R,B,3,18,Small,Tree,0,4,180,8/9/2023,,,,,,,,,,,,,
Tree R,B,3,19,Large,Tree,0,4,180,8/9/2023,,,,,,,,,,,,,
Tree R,B,3,21,Small,Tree,1,4,180,8/9/2023,,,,,,,,,,,,,
Tree R,B,3,23,Small,Tree,1,4,180,8/9/2023,,,,,,,,,,,,,
Tree R,B,3,24,Medium,Tree,0,4,180,8/9/2023,,,,,,,,,,,,,
Tree R,A,4,1,Small,Tree,1,4,180,8/9/2023,,,,,,,,,,,,,
Tree R,A,4,2,Small,Tree,0,4,180,8/9/2023,,,,,,,,,,,,,
Tree R,A,4,3,Small,Tree,1,4,180,8/9/2023,,,,,,,,,,,,,
Tree R,A,4,4,Small,Tree,1,4,180,8/9/2023,,,,,,,,,,,,,
Tree R,A,4,6,Medium,Tree,1,4,180,8/9/2023,,,,,,,,,,,,,
Tree R,A,4,7,Small,Tree,1,4,180,8/9/2023,,,,,,,,,,,,,
Tree R,B,4,17,Small,Tree,1,4,180,8/9/2023,,,,,,,,,,,,,
Tree R,B,4,19,Small,Tree,0,4,180,8/9/2023,,,,,,,,,,,,,
Tree R,B,4,20,Small,Tree,0,4,180,8/9/2023,,,,,,,,,,,,,
Tree R,B,4,23,Small,Tree,0,4,180,8/9/2023,,,,,,,,,,,,,
Tree R,B,4,24,Small,Tree,0,4,180,8/9/2023,,,,,,,,,,,,,
Tree R,A,5,1,Medium,Tree,1,4,180,8/9/2023,,,,,,,,,,,,,
Tree R,A,5,2,Small,Tree,1,4,180,8/9/2023,,,,,,,,,,,,,
Tree R,A,5,4,Large,Tree,0,4,180,8/9/2023,,,,,,,,,,,,,
Tree R,A,5,10,Small,Tree,1,4,180,8/9/2023,,,,,,,,,,,,,
Tree R,A,5,15,Small,Tree,1,4,180,8/9/2023,,,,,,,,,,,,,
Tree R,B,5,18,Small,Tree,0,4,180,8/9/2023,,,,,,,,,,,,,
Tree R,B,5,19,Small,Tree,0,4,180,8/9/2023,,,,,,,,,,,,,
Tree R,A,6,1,Medium,Tree,0,4,180,8/9/2023,,,,,,,,,,,,,
Tree R,A,6,2,Medium,Tree,1,4,180,8/9/2023,,,,,,,,,,,,,
Tree R,A,6,3,Medium,Tree,0,4,180,8/9/2023,,,,,,,,,,,,,
Tree R,A,6,4,Medium,Tree,0,4,180,8/9/2023,,,,,,,,,,,,,
Tree R,A,6,6,Medium,Tree,0,4,180,8/9/2023,,,,,,,,,,,,,
Tree R,A,6,8,Medium,Tree,0,4,180,8/9/2023,,,,,,,,,,,,,
Tree R,A,6,9,Small,Tree,0,4,180,8/9/2023,,,,,,,,,,,,,
Tree R,B,6,16,Large,Tree,0,4,180,8/9/2023,,,,,,,,,,,,,
Tree R,B,6,19,Large,Tree,1,4,180,8/9/2023,,,,,,,,,,,,,
Tree R,B,6,21,Large,Tree,0,4,180,8/9/2023,,,,,,,,,,,,,
Tree R,B,6,22,Small,Tree,1,4,180,8/9/2023,,,,,,,,,,,,,
Tree R,B,6,23,Small,Tree,0,4,180,8/9/2023,,,,,,,,,,,,,
Tree R,B,6,24,Small,Tree,0,4,180,8/9/2023,,,,,,,,,,,,,
Tree R,A,7,3,Medium,Tree,1,4,180,8/9/2023,,,,,,,,,,,,,
Tree R,A,7,4,Large,Tree,1,4,180,8/9/2023,,,,,,,,,,,,,
Tree R,A,7,6,Large,Tree,0,4,180,8/9/2023,,,,,,,,,,,,,
Tree R,A,7,7,Large,Tree,1,4,180,8/9/2023,,,,,,,,,,,,,
Tree R,A,7,9,Large,Tree,0,4,180,8/9/2023,,,,,,,,,,,,,
Tree R,B,7,17,Medium,Tree,0,4,180,8/9/2023,,,,,,,,,,,,,
Tree R,B,7,18,Medium,Tree,0,4,180,8/9/2023,,,,,,,,,,,,,
Tree R,B,7,19,Large,Tree,0,4,180,8/9/2023,,,,,,,,,,,,,
Tree R,A,8,1,Large,Tree,1,4,180,8/9/2023,,,,,,,,,,,,,
Tree R,A,8,2,Small,Tree,1,4,180,8/9/2023,,,,,,,,,,,,,
Tree R,A,8,3,Large,Tree,1,4,180,8/9/2023,,,,,,,,,,,,,
Tree R,A,8,4,Medium,Tree,1,4,180,8/9/2023,,,,,,,,,,,,,
Tree R,A,8,6,Large,Tree,1,4,180,8/9/2023,,,,,,,,,,,,,
Tree R,A,8,7,Large,Tree,1,4,180,8/9/2023,,,,,,,,,,,,,
Tree R,A,8,8,Small,Tree,0,4,180,8/9/2023,,,,,,,,,,,,,
Tree R,A,8,9,Medium,Tree,0,4,180,8/9/2023,,,,,,,,,,,,,
Tree R,B,8,23,Large,Tree,1,4,180,8/9/2023,,,,,,,,,,,,,
Tree R,B,8,24,Medium,Tree,1,4,180,8/9/2023,,,,,,,,,,,,,
Tree R,A,9,1,Medium,Tree,1,4,180,8/9/2023,,,,,,,,,,,,,
Tree R,A,9,2,Medium,Tree,1,4,180,8/9/2023,,,,,,,,,,,,,
Tree R,A,9,3,Large,Tree,1,4,180,8/9/2023,,,,,,,,,,,,,
Tree R,A,9,4,Large,Tree,1,4,180,8/9/2023,,,,,,,,,,,,,
Tree R,A,9,6,Large,Tree,1,4,180,8/9/2023,,,,,,,,,,,,,
Tree R,A,9,7,Medium,Tree,1,4,180,8/9/2023,,,,,,,,,,,,,
Tree R,A,9,8,Medium,Tree,1,4,180,8/9/2023,,,,,,,,,,,,,
Tree R,A,9,9,Medium,Tree,1,4,180,8/9/2023,,,,,,,,,,,,,
Tree R,B,9,16,Medium,Tree,0,4,180,8/9/2023,,,,,,,,,,,,,
Tree R,B,9,18,Medium,Tree,0,4,180,8/9/2023,,,,,,,,,,,,,
Tree R,B,9,19,Medium,Tree,1,4,180,8/9/2023,,,,,,,,,,,,,
Tree R,A,10,1,Medium,Tree,0,4,180,8/9/2023,,,,,,,,,,,,,
Tree R,A,10,3,Large,Tree,0,4,180,8/9/2023,,,,,,,,,,,,,
Tree R,A,10,5,Medium,Tree,0,4,180,8/9/2023,,,,,,,,,,,,,
Tree R,A,10,6,Medium,Tree,0,4,180,8/9/2023,,,,,,,,,,,,,
Tree R,A,10,8,Large,Tree,1,4,180,8/9/2023,,,,,,,,,,,,,
Tree R,B,10,16,Medium,Tree,1,4,180,8/9/2023,,,,,,,,,,,,,
Tree R,B,10,17,Medium,Tree,0,4,180,8/9/2023,,,,,,,,,,,,,
Tree R,B,10,18,Small,Tree,1,4,180,8/9/2023,,,,,,,,,,,,,
Tree R,B,10,24,Medium,Tree,0,4,180,8/9/2023,,,,,,,,,,,,,
Tree R,A,1,2,Small,Tree,1,5,270,11/20/2023,,,,,,,,,,,,,
Tree R,B,1,24,Small,Tree,1,5,270,11/20/2023,,,,,,,,,,,,,
Tree R,A,2,1,Small,Tree,1,5,270,11/20/2023,,,,,,,,,,,,,
Tree R,A,2,2,Small,Tree,1,5,270,11/20/2023,,,,,,,,,,,,,
Tree R,A,2,3,Small,Tree,1,5,270,11/20/2023,,,,,,,,,,,,,
Tree R,A,2,4,Medium,Tree,1,5,270,11/20/2023,,,,,,,,,,,,,
Tree R,A,2,5,Medium,Tree,1,5,270,11/20/2023,,,,,,,,,,,,,
Tree R,A,2,6,Small,Tree,1,5,270,11/20/2023,,,,,,,,,,,,,
Tree R,A,2,8,Small,Tree,0,5,270,11/20/2023,,,,,,,,,,,,,
Tree R,B,2,18,Medium,Tree,0,5,270,11/20/2023,,,,,,,,,,,,,
Tree R,B,2,19,Small,Tree,1,5,270,11/20/2023,,,,,,,,,,,,,
Tree R,B,2,22,Medium,Tree,0,5,270,11/20/2023,,,,,,,,,,,,,
Tree R,B,2,24,Medium,Tree,0,5,270,11/20/2023,,,,,,,,,,,,,
Tree R,A,3,4,Medium,Tree,1,5,270,11/20/2023,,,,,,,,,,,,,
Tree R,A,3,5,Medium,Tree,0,5,270,11/20/2023,,,,,,,,,,,,,
Tree R,A,3,6,Small,Tree,1,5,270,11/20/2023,,,,,,,,,,,,,
Tree R,A,3,9,Small,Tree,1,5,270,11/20/2023,,,,,,,,,,,,,
Tree R,B,3,15,Medium,Tree,0,5,270,11/20/2023,,,,,,,,,,,,,
Tree R,B,3,16,Small,Tree,1,5,270,11/20/2023,,,,,,,,,,,,,
Tree R,B,3,18,Small,Tree,1,5,270,11/20/2023,,,,,,,,,,,,,
Tree R,B,3,19,Large,Tree,1,5,270,11/20/2023,,,,,,,,,,,,,
Tree R,B,3,24,Medium,Tree,1,5,270,11/20/2023,,,,,,,,,,,,,
Tree R,A,4,2,Small,Tree,0,5,270,11/20/2023,,,,,,,,,,,,,
Tree R,B,4,19,Small,Tree,1,5,270,11/20/2023,,,,,,,,,,,,,
Tree R,B,4,20,Small,Tree,1,5,270,11/20/2023,,,,,,,,,,,,,
Tree R,B,4,23,Small,Tree,0,5,270,11/20/2023,,,,,,,,,,,,,
Tree R,B,4,24,Small,Tree,1,5,270,11/20/2023,,,,,,,,,,,,,
Tree R,A,5,4,Large,Tree,1,5,270,11/20/2023,,,,,,,,,,,,,
Tree R,B,5,18,Small,Tree,0,5,270,11/20/2023,,,,,,,,,,,,,
Tree R,B,5,19,Small,Tree,1,5,270,11/20/2023,,,,,,,,,,,,,
Tree R,A,6,1,Medium,Tree,1,5,270,11/20/2023,,,,,,,,,,,,,
Tree R,A,6,3,Medium,Tree,0,5,270,11/20/2023,,,,,,,,,,,,,
Tree R,A,6,4,Medium,Tree,0,5,270,11/20/2023,,,,,,,,,,,,,
Tree R,A,6,6,Medium,Tree,1,5,270,11/20/2023,,,,,,,,,,,,,
Tree R,A,6,8,Medium,Tree,1,5,270,11/20/2023,,,,,,,,,,,,,
Tree R,A,6,9,Small,Tree,1,5,270,11/20/2023,,,,,,,,,,,,,
Tree R,B,6,16,Large,Tree,1,5,270,11/20/2023,,,,,,,,,,,,,
Tree R,B,6,21,Large,Tree,1,5,270,11/20/2023,,,,,,,,,,,,,
Tree R,B,6,23,Small,Tree,1,5,270,11/20/2023,,,,,,,,,,,,,
Tree R,B,6,24,Small,Tree,1,5,270,11/20/2023,,,,,,,,,,,,,
Tree R,A,7,6,Large,Tree,0,5,270,11/20/2023,,,,,,,,,,,,,
Tree R,A,7,9,Large,Tree,1,5,270,11/20/2023,,,,,,,,,,,,,
Tree R,B,7,17,Medium,Tree,1,5,270,11/20/2023,,,,,,,,,,,,,
Tree R,B,7,18,Medium,Tree,0,5,270,11/20/2023,,,,,,,,,,,,,
Tree R,B,7,19,Large,Tree,1,5,270,11/20/2023,,,,,,,,,,,,,
Tree R,A,8,8,Small,Tree,0,5,270,11/20/2023,,,,,,,,,,,,,
Tree R,A,8,9,Medium,Tree,1,5,270,11/20/2023,,,,,,,,,,,,,
Tree R,B,9,16,Medium,Tree,1,5,270,11/20/2023,,,,,,,,,,,,,
Tree R,B,9,18,Medium,Tree,1,5,270,11/20/2023,,,,,,,,,,,,,
Tree R,A,10,1,Medium,Tree,0,5,270,11/20/2023,,,,,,,,,,,,,
Tree R,A,10,3,Large,Tree,0,5,270,11/20/2023,,,,,,,,,,,,,
Tree R,A,10,5,Medium,Tree,1,5,270,11/20/2023,,,,,,,,,,,,,
Tree R,A,10,6,Medium,Tree,1,5,270,11/20/2023,,,,,,,,,,,,,
Tree R,B,10,17,Medium,Tree,1,5,270,11/20/2023,,,,,,,,,,,,,
Tree R,B,10,24,Medium,Tree,1,5,270,11/20/2023,,,,,,,,,,,,,
